time_s,pos_fr3_joint1,pos_fr3_joint2,pos_fr3_joint3,pos_fr3_joint4,pos_fr3_joint5,pos_fr3_joint6,pos_fr3_joint7,pos_thumb_joint_0,pos_thumb_joint_1,pos_index_joint_0,pos_middle_joint_0,pos_ring_joint_0,pos_little_joint_0,vel_fr3_joint1,vel_fr3_joint2,vel_fr3_joint3,vel_fr3_joint4,vel_fr3_joint5,vel_fr3_joint6,vel_fr3_joint7,vel_thumb_joint_0,vel_thumb_joint_1,vel_index_joint_0,vel_middle_joint_0,vel_ring_joint_0,vel_little_joint_0,cmd_fr3_joint1,cmd_fr3_joint2,cmd_fr3_joint3,cmd_fr3_joint4,cmd_fr3_joint5,cmd_fr3_joint6,cmd_fr3_joint7,cmd_thumb_joint_0,cmd_thumb_joint_1,cmd_index_joint_0,cmd_middle_joint_0,cmd_ring_joint_0,cmd_little_joint_0
0,-0.524466753,0.250818014,0.130924493,-2.17656684,1.67904973,2.05749583,-1.01828742,1.08620107,4.13456e-05,0.214617267,1.33299828,1.33299828,1.33299899,0,0,0,0,0,0,0,3.321431e-06,-0.000233792292,-2.71810022e-05,-2.19350131e-05,-1.78237642e-05,3.66321979e-06,-0.524466753,0.250818014,0.130924493,-2.17656684,1.67904973,2.05749583,-1.01828742,1.08620107,4.13456e-05,0.214617267,1.33299828,1.33299828,1.33299899
0.0666666667,-0.522218168,0.252727538,0.125342727,-2.17866755,1.66281176,2.04939294,-1.02660179,1.07045841,0.017750293,0.157753557,1.32782352,1.32808483,1.32810473,0.0508891903,0.0456589162,-0.12224178,-0.0450903736,-0.213633299,-0.1469969,-0.145633206,-0.131549194,0.355554044,-0.660191417,2.72447069e-05,4.95102431e-05,-3.09373718e-08,-0.524466753,0.250818014,0.130924493,-2.17656684,1.67904973,2.05749583,-1.01828742,1.06825066,0.0637559593,0.0897067562,1.33299983,1.33299983,1.33299983
0.133333333,-0.517627358,0.257743895,0.114436395,-2.18451023,1.64417493,2.04023004,-1.04815161,1.05239701,0.0316912271,0.0923421308,1.3273747,1.32768953,1.32771206,0.0808887258,0.0950321853,-0.1891298,-0.100579351,-0.232487738,-0.16081576,-0.35177508,-0.198057473,0.079952009,-0.891975582,3.71613423e-05,7.17764487e-05,9.0803951e-08,-0.524466753,0.250818014,0.130924493,-2.17656684,1.67904973,2.05749583,-1.01828742,1.03551507,0.0684719905,0,1.33299983,1.33299983,1.33299983
0.2,-0.511736631,0.265709162,0.100833714,-2.19274855,1.63197315,2.0295198,-1.08087373,1.07132959,0.025915727,0.0463278033,1.32735646,1.32767344,1.32769108,0.0901168212,0.138267025,-0.205063984,-0.120943189,-0.148186192,-0.162103459,-0.532640696,0.306726396,2.85619753e-05,-0.524111629,-5.75131417e-05,-4.16448966e-05,0.000437934563,-0.524466753,0.250818014,0.130924493,-2.17656684,1.67904973,2.05749583,-1.01828742,1.14824271,0.0871408582,0,1.33299983,1.33299983,1.33299983
0.266666667,-0.50637567,0.276662171,0.0889096782,-2.19977808,1.61605108,2.02483416,-1.10967529,1.07333958,0.0251098461,0.021466678,1.32733488,1.32764161,1.32766402,0.0721783713,0.182652861,-0.155170858,-0.0769556686,-0.223726347,-0.0453558601,-0.383673131,1.65592428e-06,-0.000220296963,-0.239260942,2.8836861e-05,0.0075889607,2.64844857e-07,-0.524466753,0.250818014,0.130924493,-2.17656684,1.67904973,2.05749583,-1.01828742,1.12672269,0.0741595402,0,1.33299983,1.33299983,1.33299983
0.333333333,-0.502581835,0.290295988,0.0813171864,-2.2044909,1.60659564,2.01966095,-1.1438849,1.07572103,0.0247849766,0.010314418,1.32731128,1.32763112,1.3276453,0.0445074849,0.21757865,-0.0807621479,-0.0491185859,-0.0974246934,-0.0811043009,-0.518693268,0.0311906692,-0.00121770054,-0.112076409,0.000350476126,0.000758743612,3.70046473e-06,-0.524466753,0.250818014,0.130924493,-2.17656684,1.67904973,2.05749583,-1.01828742,1.1721853,0.0906269252,0,1.33299983,1.33299983,1.33299983
0.4,-0.500454724,0.305881381,0.0781336054,-2.20725846,1.60120976,2.01520038,-1.18104124,1.08043182,0.0233954415,0.00126184488,1.32732677,1.32764554,1.32766509,0.021523796,0.238533378,-0.0200781599,-0.0235396009,-0.00285293395,-0.0426400453,-0.577393353,6.66550477e-06,0.000200254261,-0.28054288,-6.88206637e-05,-0.000134842237,1.05123036e-06,-0.524466753,0.250818014,0.130924493,-2.17656684,1.67904973,2.05749583,-1.01828742,1.24616504,0.112484559,0,1.33299983,1.33299983,1.33299983
0.466666667,-0.499253541,0.322586,0.0774632245,-2.20800638,1.60058308,2.01097107,-1.22148108,1.08059001,0.0229604058,5.69449639e-06,1.3273437,1.32766271,1.32768333,0.0169575773,0.25603056,-0.00605558185,0.0167321544,-0.0044890251,-0.0810231715,-0.579817176,-5.57561725e-06,0.000540553534,2.14205265e-05,-2.06497789e-05,-3.33420467e-05,-2.51505116e-06,-0.524466753,0.250818014,0.130924493,-2.17656684,1.67904973,2.05749583,-1.01828742,1.24616504,0.0914005637,0,1.33299983,1.33299983,1.33299983
0.533333333,-0.498288661,0.340219021,0.0775827244,-2.20634198,1.60195029,2.00408244,-1.26423633,1.08057761,0.0227823034,7.43045985e-06,1.32735896,1.32767618,1.32770896,0.0149919,0.266238093,0.00151702366,0.043348968,0.0444601327,-0.122550331,-0.637582421,-4.77023787e-06,8.96514393e-05,4.6344212e-08,-3.62324936e-05,-6.30858121e-05,-3.89205525e-06,-0.524466753,0.250818014,0.130924493,-2.17656684,1.67904973,2.05749583,-1.01828742,1.24616504,0.0844683796,0,1.33299983,1.33299983,1.33299983
0.6,-0.497060925,0.358308047,0.0771216899,-2.20289063,1.60302162,1.99626875,-1.30619168,1.08031511,0.0225968231,1.22623915e-05,1.32738709,1.3277024,1.327739,0.0234419741,0.270362407,-0.0194728095,0.0694054514,0.0235824212,-0.137308627,-0.609580994,2.42702663e-05,7.72749772e-05,-1.25044608e-07,6.82668178e-06,-2.66311399e-05,7.53466156e-05,-0.524466753,0.250818014,0.130924493,-2.17656684,1.67904973,2.05749583,-1.01828742,1.22889507,0.0730943978,0,1.33299983,1.33299983,1.33299983
0.666666667,-0.494530052,0.376499414,0.0732388943,-2.1967237,1.59867966,1.98933089,-1.34080923,1.0782758,0.0230315253,6.70174632e-06,1.32741523,1.32773137,1.32776988,0.0487280823,0.26846227,-0.0875028148,0.117647588,-0.0821511596,-0.123758562,-0.464676946,-1.39652548e-06,-0.00122965872,-0.00154520944,-0.0016495504,-0.00430624653,0.000131466906,-0.524466753,0.250818014,0.130924493,-2.17656684,1.67904973,2.05749583,-1.01828742,1.14838028,0.0670142919,0,1.33299983,1.33299983,1.33299983
0.733333333,-0.491148472,0.394226044,0.0668359399,-2.18854094,1.59275055,1.97940183,-1.37399638,1.0668807,0.0267612077,6.18786862e-06,1.32743859,1.32775331,1.32779539,0.0511999689,0.259658217,-0.100451097,0.133697867,-0.0864051878,-0.169018209,-0.459799796,-0.0814020187,0.0566951036,0.000313745346,0.000168350787,0.000515395543,-0.000145796745,-0.524466753,0.250818014,0.130924493,-2.17656684,1.67904973,2.05749583,-1.01828742,1.06155694,0.0698407963,0,1.33299983,1.33299983,1.33299983
0.8,-0.487273753,0.410820305,0.0585481226,-2.1793921,1.58650219,1.96614957,-1.4059608,1.05811179,0.0301085413,1.20127488e-05,1.3274554,1.32776606,1.32781374,0.0611926429,0.237305179,-0.137476489,0.144955799,-0.102213323,-0.220911682,-0.446009159,-0.0965268314,0.0772636533,-0.00204062415,0.000527877826,0.000910089584,0.000190880251,-0.524466753,0.250818014,0.130924493,-2.17656684,1.67904973,2.05749583,-1.01828742,1.05182457,0.0915730447,0,1.33299983,1.33299983,1.33299983
0.866666667,-0.483550042,0.425903946,0.0498557165,-2.17049718,1.58042204,1.9513551,-1.43625474,1.07445681,0.0252520926,1.78066493e-05,1.32746017,1.3277688,1.32781911,0.0503028445,0.21469219,-0.121142268,0.132314309,-0.0797407925,-0.227338165,-0.51962918,5.37000597e-06,-0.0773157328,0.00180137483,-0.000235637388,-0.000246279466,-0.000187035825,-0.524466753,0.250818014,0.130924493,-2.17656684,1.67904973,2.05749583,-1.01828742,1.14947319,0.0831684619,0,1.33299983,1.33299983,1.33299983
0.933333333,-0.482124865,0.437629282,0.0465554111,-2.16753793,1.59818947,1.95329189,-1.47199011,1.06463158,0.0273607112,0.000792848936,1.33300006,1.33299971,1.33299994,0.0127931843,0.140949845,-0.0339067467,-0.0180197358,0.304606467,0.0497044772,-0.528984606,-0.128824711,-9.1839087e-05,1.20024197e-07,-3.28954775e-05,1.10653928e-05,-4.43474564e-05,-0.524466753,0.250818014,0.130924493,-2.17656684,1.67904973,2.05749583,-1.01828742,1.05321527,0.0617830679,0,1.33299983,1.33299983,1.33299983
1,-0.482241541,0.444239289,0.0462774038,-2.17484188,1.61880887,1.95764375,-1.51249444,1.02193236,0.036485184,0.000818766071,1.33300042,1.33300018,1.33300018,-0.0104767308,0.0657005757,0.0131080439,-0.170052633,0.332983464,0.0635264367,-0.587038219,-0.546235621,-6.77779317e-05,6.68806024e-08,-1.72356122e-05,-2.50728817e-06,-2.99213207e-05,-0.524466753,0.250818014,0.130924493,-2.17656684,1.67904973,2.05749583,-1.01828742,0.961111665,0.084588103,0,1.33299983,1.33299983,1.33299983
1.06666667,-0.483507991,0.443222225,0.048105184,-2.18937397,1.64460576,1.9562583,-1.55269659,0.970494926,0.0388187468,3.98950675e-07,1.33283901,1.33284426,1.33285975,-0.024588272,-0.0851547569,0.034377601,-0.250587851,0.367198497,-0.0364576392,-0.533805549,-0.641337574,0.0796742439,-2.712477e-08,-0.000114108901,-4.67720674e-05,-0.000174690125,-0.524466753,0.250818014,0.130924493,-2.17656684,1.67904973,2.05749583,-1.01828742,0.900752485,0.0970813856,0,1.33299983,1.33299983,1.33299983
1.13333333,-0.48586154,0.434900522,0.051930353,-2.20847058,1.66952825,1.96010315,-1.58590925,0.997176111,0.0385658704,-2.61740894e-07,1.33287418,1.33288014,1.33289683,-0.0412377529,-0.154023901,0.069119364,-0.311484247,0.385295391,0.0791776925,-0.563838959,0.507445514,5.02411276e-05,5.36074367e-08,-2.85628194e-05,-4.08547057e-05,-1.75333407e-05,-0.524466753,0.250818014,0.130924493,-2.17656684,1.67904973,2.05749583,-1.01828742,1.07089162,0.115378544,0,1.33299983,1.33299983,1.33299983
1.2,-0.489488244,0.424267352,0.0589093901,-2.22856903,1.69973361,1.96934891,-1.62606049,1.01001489,0.0385055318,4.64757022e-06,1.33299899,1.33299971,1.33299983,-0.0556567721,-0.169499084,0.106818929,-0.299106985,0.454464138,0.136076257,-0.588757575,0.0638197064,0.000101934624,0.00407968462,-0.000492819177,-0.000291700679,-0.000672020018,-0.524466753,0.250818014,0.130924493,-2.17656684,1.67904973,2.05749583,-1.01828742,1.0361824,0.124063894,0,1.33299983,1.33299983,1.33299983
1.26666667,-0.493839204,0.412923485,0.067666471,-2.24892282,1.73065245,1.98026085,-1.66407788,1.03745568,0.0382623561,5.6124718e-06,1.33299971,1.33300018,1.33299911,-0.0650248751,-0.181097075,0.129042462,-0.313151836,0.483818799,0.132981881,-0.601091385,0.376143873,0.0255702548,0.00310763391,-0.000319170038,-4.18873533e-05,-0.000568664516,-0.524466753,0.250818014,0.130924493,-2.17656684,1.67904973,2.05749583,-1.01828742,1.09913909,0.118162453,0,1.33299983,1.33299983,1.33299983
1.33333333,-0.498650163,0.401116222,0.0775621831,-2.26903963,1.76277053,1.99294925,-1.70112407,1.08153844,0.0254336167,4.664887e-06,1.33274066,1.33273816,1.33273482,-0.0706384405,-0.192351669,0.141907766,-0.293072581,0.4652282,0.162595704,-0.586366534,0.0659361184,-6.89893495e-05,0.00117760198,-0.000111317087,1.27160456e-06,-0.000237874148,-0.524466753,0.250818014,0.130924493,-2.17656684,1.67904973,2.05749583,-1.01828742,1.2320807,0.134857193,0,1.33299983,1.33299983,1.33299983
1.4,-0.504732192,0.388268679,0.0904801041,-2.28732872,1.79179251,2.01058745,-1.73129749,1.08172321,0.0262651555,1.14692339e-05,1.33287704,1.33202279,1.33201754,-0.0853301585,-0.214002967,0.174640477,-0.268167883,0.45790562,0.234024018,-0.41101104,0.0347726494,0.000207617239,0.00114095281,0.120703004,-0.000166707789,-0.000115152172,-0.524466753,0.250818014,0.130924493,-2.17656684,1.67904973,2.05749583,-1.01828742,1.21554637,0.14842166,0,1.33299983,1.33299983,1.33299983
1.46666667,-0.510577023,0.375664979,0.10281758,-2.30534101,1.82394743,2.02723241,-1.76761782,1.07153666,0.0288852528,9.11839652e-06,1.33298481,1.33178079,1.33180308,-0.0786908194,-0.198211566,0.158279851,-0.290773124,0.508559644,0.175396293,-0.568599164,-0.0721958056,7.35871727e-05,0.000271981553,-1.08073291e-05,-3.91364301e-05,8.56586848e-06,-0.524466753,0.250818014,0.130924493,-2.17656684,1.67904973,2.05749583,-1.01828742,1.09300566,0.118201971,0,1.33299983,1.33299983,1.33299983
1.53333333,-0.516712725,0.362890273,0.115654841,-2.32312727,1.85653973,2.04411817,-1.79961407,1.07648146,0.0269159302,2.31373433e-05,1.33224702,1.33051491,1.33023572,-0.0884020776,-0.207706541,0.176776201,-0.263908297,0.45910719,0.233193651,-0.44056657,-1.08404238e-05,0.000128638581,0.00120770303,-0.000129282824,-0.000129030697,-0.000124637387,-0.524466753,0.250818014,0.130924493,-2.17656684,1.67904973,2.05749583,-1.01828742,1.17958653,0.117906213,0,1.33299983,1.33299983,1.33299983
1.6,-0.522805452,0.350520372,0.128284171,-2.34060597,1.89019454,2.05894804,-1.8358463,1.07682824,0.0273784045,1.00522711e-05,1.33116353,1.32954514,1.32934427,-0.0863916054,-0.191135556,0.17316325,-0.269271135,0.522473514,0.161543936,-0.551972747,-0.000146229941,0.000308104907,0.00669257436,-0.000816254993,0.00549348397,0.00496542081,-0.524466753,0.250818014,0.130924493,-2.17656684,1.67904973,2.05749583,-1.01828742,1.19525445,0.134648979,0,1.33299983,1.33299983,1.33299983
1.66666667,-0.528238118,0.339213252,0.139464453,-2.35762048,1.92625821,2.07117772,-1.87497437,1.07601619,0.0278205387,1.39437971e-05,1.33052075,1.32897723,1.32876253,-0.0677650571,-0.179736987,0.126742721,-0.271140218,0.517006874,0.125430629,-0.570671439,-0.000241876973,6.50456059e-05,0.00869689882,-0.000973383896,-0.000508295256,-0.00140379625,-0.524466753,0.250818014,0.130924493,-2.17656684,1.67904973,2.05749583,-1.01828742,1.1632725,0.148252487,0,1.33299983,1.33299983,1.33299983
1.73333333,-0.533670306,0.32942757,0.150997952,-2.37350631,1.96358943,2.08248496,-1.91409004,1.08413601,0.0259281285,1.46986158e-05,1.32981074,1.3282783,1.32805991,-0.0790654719,-0.152798533,0.161987796,-0.239834532,0.549639523,0.129489869,-0.562482238,0.0904120281,0.122989066,0.00250532222,-0.00022283486,-0.000102384394,-0.00031885755,-0.524466753,0.250818014,0.130924493,-2.17656684,1.67904973,2.05749583,-1.01828742,1.24616504,0.141588703,0,1.33299983,1.33299983,1.33299983
1.8,-0.541583896,0.318743944,0.167639449,-2.38658309,1.99519932,2.10054064,-1.94113982,1.07988667,0.0279512163,1.12543321e-05,1.32781649,1.32628071,1.32615185,-0.138744265,-0.187849119,0.280616343,-0.190285534,0.450845987,0.277709633,-0.334727079,8.16306783e-06,-9.82755737e-05,0.000752284075,0.00219491799,-0.000299750827,-4.91215033e-05,-0.524466753,0.250818014,0.130924493,-2.17656684,1.67904973,2.05749583,-1.01828742,1.14877796,0.153891012,0,1.33299983,1.33299983,1.33299983
1.86666667,-0.552640915,0.306326985,0.190263271,-2.39750123,2.02381039,2.12708235,-1.96127295,1.07631207,0.0306251999,7.2422531e-06,1.33109617,1.32501304,1.32493877,-0.176779091,-0.211478248,0.345806986,-0.172077507,0.428629994,0.374134928,-0.283020318,-0.0274544917,-0.0307987016,0.000898546306,0.234145463,0.00696989475,-0.000169726627,-0.524466753,0.250818014,0.130924493,-2.17656684,1.67904973,2.05749583,-1.01828742,1.11677551,0.153317064,0,1.33299983,1.33299983,1.33299983
1.93333333,-0.564615369,0.29298076,0.213617504,-2.40955663,2.05544972,2.15283728,-1.98527098,1.08587766,0.0273511466,-5.76264074e-06,1.3330003,1.32499552,1.32493544,-0.179783657,-0.219493836,0.331377953,-0.208483353,0.495399624,0.301433474,-0.405008644,-0.04376987,-0.000454882858,0.000219153881,0.000120520875,0.000242468712,-2.30394071e-05,-0.524466753,0.250818014,0.130924493,-2.17656684,1.67904973,2.05749583,-1.01828742,1.22278941,0.139284059,0,1.33299983,1.33299983,1.33299983
2,-0.577767789,0.279324025,0.238499284,-2.42148089,2.08931899,2.17876887,-2.0103507,1.07579589,0.0305099897,-5.28383271e-06,1.33300066,1.32471061,1.32471442,-0.211596057,-0.213998884,0.390746266,-0.185056806,0.498407006,0.360898465,-0.337204337,-2.80626846e-05,0.108764477,0.000433771696,-2.00790346e-05,4.72262327e-05,-9.28282971e-05,-0.524466753,0.250818014,0.130924493,-2.17656684,1.67904973,2.05749583,-1.01828742,1.11468375,0.14556998,0,1.33299983,1.33299983,1.33299983
2.06666667,-0.591267765,0.266609401,0.263698131,-2.43373799,2.12721157,2.20183945,-2.04137969,1.07983983,0.0305753741,-4.01707439e-06,1.33300054,1.32470894,1.32473886,-0.205883414,-0.192730501,0.375708342,-0.19455263,0.586130977,0.277956903,-0.488756031,-1.87110709e-05,0.000228768389,-0.00128065841,0.000257617037,0.000273771933,0.000145427533,-0.524466753,0.250818014,0.130924493,-2.17656684,1.67904973,2.05749583,-1.01828742,1.1884774,0.157125801,0,1.33299983,1.33299983,1.33299983
2.13333333,-0.605306387,0.254713356,0.289589971,-2.4444952,2.16502428,2.22477579,-2.07185173,1.06340325,0.0366942808,-2.19393314e-06,1.3330003,1.32400095,1.32405961,-0.221444488,-0.18670857,0.39789179,-0.161896139,0.564121544,0.308848947,-0.432551771,-0.173172429,-0.000297960243,0.000122576748,7.03415644e-05,0.000115366871,-8.25052266e-05,-0.524466753,0.250818014,0.130924493,-2.17656684,1.67904973,2.05749583,-1.01828742,1.07101214,0.166514903,0,1.33299983,1.33299983,1.33299983
2.2,-0.620876253,0.242776394,0.317779571,-2.45142412,2.19929695,2.25486779,-2.09163094,1.07542872,0.0304918066,1.4904982e-05,1.33207798,1.32339406,1.32319713,-0.234281272,-0.188330233,0.410831153,-0.0734181553,0.488266051,0.468996197,-0.252612591,0.110172935,0.000664951687,0.00418856507,-0.00254730927,0.0684610382,-0.00719459448,-0.524466753,0.250818014,0.130924493,-2.17656684,1.67904973,2.05749583,-1.01828742,1.20283508,0.174143538,0,1.33299983,1.33299983,1.33299983
2.26666667,-0.636144102,0.231827065,0.345295787,-2.4529736,2.23135376,2.28861284,-2.10910892,1.07989931,0.0308633558,0.0243182592,1.33121037,1.32939863,1.3272835,-0.239060611,-0.163799569,0.423905939,-0.0184562951,0.434514374,0.49268797,-0.25167641,-7.31559703e-06,-5.36447624e-06,0.43503812,2.50639278e-06,0.0744105056,0.0808823258,-0.524466753,0.250818014,0.130924493,-2.17656684,1.67904973,2.05749583,-1.01828742,1.22381639,0.18034181,0.0751074702,1.33299983,1.33299983,1.33299983
2.33333333,-0.652064085,0.223468408,0.375395298,-2.45170951,2.26230001,2.32557034,-2.12711811,1.07671368,0.027061116,0.0458839498,1.33210182,1.33015656,1.33073652,-0.231596634,-0.103757419,0.452940941,0.0434931628,0.507126153,0.540281177,-0.288692474,0.0467328094,-3.90172354e-05,0.29881832,5.82689245e-06,2.05439501e-05,0.0653339699,-0.524466753,0.250818014,0.130924493,-2.17656684,1.67904973,2.05749583,-1.01828742,1.1575247,0.126779437,0.0829006582,1.33299983,1.33299983,1.33299983
2.4,-0.666072607,0.218992054,0.404530674,-2.4480896,2.2992065,2.35917664,-2.15442634,1.06813967,0.0335802101,0.0819051042,1.33299851,1.33060658,1.3327862,-0.189997494,-0.0741076842,0.385279179,0.050587859,0.590114355,0.4284437,-0.443092555,-0.0842987373,-0.102267995,0.517022192,2.99422682e-05,5.10484533e-05,-1.00641046e-07,-0.524466753,0.250818014,0.130924493,-2.17656684,1.67904973,2.05749583,-1.01828742,1.08387184,0.133226231,0.132897615,1.33299983,1.33299983,1.33299983
2.46666667,-0.678896666,0.214848593,0.430471659,-2.44539833,2.33427763,2.39121461,-2.18384218,1.03322542,0.0372980908,0.114244029,1.3330003,1.32964373,1.33156061,-0.162629053,-0.0435159728,0.348924309,0.0472828187,0.630189955,0.397667617,-0.462682277,-0.287430733,0.112039678,0.28415066,-4.45943442e-07,0.100581624,0.0515247919,-0.524466753,0.250818014,0.130924493,-2.17656684,1.67904973,2.05749583,-1.01828742,0.986020207,0.130960375,0.152153224,1.33299983,1.33299983,1.33299983
2.53333333,-0.686664522,0.214719146,0.450035214,-2.44289136,2.37951303,2.41206741,-2.22773814,0.988689244,0.0404132977,0.15334101,1.33299947,1.33299959,1.33300054,-0.0891241729,-0.00749420607,0.233498648,0.0243758634,0.763619065,0.126947567,-0.680866718,-0.512436867,-0.143034995,0.447661638,0.000155747373,8.75295955e-05,-2.90892785e-07,-0.524466753,0.250818014,0.130924493,-2.17656684,1.67904973,2.05749583,-1.01828742,0.906515658,0.145255491,0.206815466,1.33299983,1.33299983,1.33299983
2.6,-0.691663384,0.213862821,0.462511718,-2.44349194,2.42509651,2.4203155,-2.27631164,0.934596479,0.044512786,0.177796036,1.33167589,1.33170903,1.33178532,-0.0542932637,-0.0152804665,0.141039997,-0.0257566702,0.707718253,0.0470923819,-0.698234141,-0.644829214,-6.58631325e-06,0.359721839,0.0520794615,0.053358689,0.0539594777,-0.524466753,0.250818014,0.130924493,-2.17656684,1.67904973,2.05749583,-1.01828742,0.84191823,0.156870276,0.216987669,1.33299983,1.33299983,1.33299983
2.66666667,-0.695040345,0.211960897,0.469899148,-2.44775891,2.46943545,2.4215703,-2.32502508,0.874573171,0.0492268912,0.21317783,1.33280683,1.33252215,1.33241749,-0.0641971007,-0.0666488782,0.0916860476,-0.102250956,0.647458017,-0.0611004792,-0.650760412,-0.744072735,-0.212076873,0.588791549,5.50529221e-05,0.000126964471,-1.6449485e-07,-0.524466753,0.250818014,0.130924493,-2.17656684,1.67904973,2.05749583,-1.01828742,0.789432824,0.166307285,0.281772256,1.33299983,1.33299983,1.33299983
2.73333333,-0.699862361,0.207632631,0.476692647,-2.45508456,2.50892639,2.41902924,-2.36630154,0.850425243,0.0469827317,0.251440614,1.33223069,1.33203816,1.33202064,-0.113176011,-0.0930897743,0.148361117,-0.135009736,0.596082926,-0.0907646045,-0.581587911,-0.0403096229,-3.79723497e-06,0.531270444,0.0547556505,0.0576809645,0.0624940805,-0.524466753,0.250818014,0.130924493,-2.17656684,1.67904973,2.05749583,-1.01828742,0.82481885,0.173974842,0.316270381,1.33299983,1.33299983,1.33299983
2.8,-0.706954241,0.202758834,0.486902475,-2.46446085,2.54849553,2.41429949,-2.40603566,0.843174756,0.0478357486,0.266912729,1.33170867,1.33270955,1.33279753,-0.110884249,-0.0836437568,0.147183031,-0.166161627,0.585294843,-0.13267602,-0.56305182,2.67288051e-05,0.164890572,0.265745848,-0.000138261879,-0.000270685588,2.66532879e-07,-0.524466753,0.250818014,0.130924493,-2.17656684,1.67904973,2.05749583,-1.01828742,0.80615139,0.170424595,0.305251598,1.33299983,1.33299983,1.33299983
2.86666667,-0.713801205,0.198492751,0.497087151,-2.47538519,2.58910775,2.40657067,-2.44808602,0.826286256,0.0472388417,0.261843175,1.33104849,1.33203924,1.33212876,-0.120662093,-0.080301173,0.166787773,-0.195799634,0.601872981,-0.170045674,-0.607471228,-0.223509282,9.67690721e-06,0.0674531534,-7.51286279e-06,-1.21866469e-05,-3.92319635e-08,-0.524466753,0.250818014,0.130924493,-2.17656684,1.67904973,2.05749583,-1.01828742,0.760372281,0.171949893,0.278534114,1.33299983,1.33299983,1.33299983
2.93333333,-0.717205346,0.196286485,0.502933204,-2.48687482,2.63197207,2.38967347,-2.48100042,0.823275328,0.0469254404,0.287147939,1.33135092,1.33225691,1.33228278,-0.0248944033,-0.00876648072,0.0620379001,-0.155733779,0.612364352,-0.278351635,-0.448968887,-0.0396937877,0.000478158705,0.449528337,-0.000249926932,-0.000392996939,-0.000135012437,-0.524466753,0.250818014,0.130924493,-2.17656684,1.67904973,2.05749583,-1.01828742,0.809012592,0.178559482,0.378280938,1.33299983,1.33299983,1.33299983
3,-0.716817439,0.196080714,0.502921462,-2.49915695,2.66403198,2.36857963,-2.50514007,0.815711856,0.0456744358,0.281762838,1.33052409,1.33141959,1.33147681,0.00229248987,-0.000961066573,0.00506790821,-0.203170002,0.439576685,-0.39816609,-0.322331399,-0.0826524273,-2.47857533e-05,-0.104825161,2.67266296e-06,-8.31088983e-06,-2.91038305e-10,-0.524466753,0.250818014,0.130924493,-2.17656684,1.67904973,2.05749583,-1.01828742,0.762696981,0.18277216,0.296646506,1.33299983,1.33299983,1.33299983
3.06666667,-0.713184357,0.197492391,0.498488307,-2.51271343,2.69622016,2.33909822,-2.52361441,0.81197232,0.0450856797,0.30054915,1.33226573,1.33235955,1.33146572,0.0690289661,0.0291668009,-0.085615173,-0.192290023,0.472175658,-0.466885477,-0.229575932,-0.0782341212,-0.138840631,0.394663155,0.0551993959,3.93080991e-05,3.08267772e-05,-0.524466753,0.250818014,0.130924493,-2.17656684,1.67904973,2.05749583,-1.01828742,0.805609822,0.187352568,0.390345544,1.33299983,1.33299983,1.33299983
3.13333333,-0.70533967,0.201224342,0.488532782,-2.52425957,2.72765279,2.30460691,-2.54216099,0.797204435,0.0393437482,0.3412233,1.33232605,1.33243382,1.33172798,0.120464161,0.0527434312,-0.162210062,-0.178326666,0.414471298,-0.547385454,-0.21803993,-0.187565282,-0.10140992,0.657006264,0.00411087228,-0.00662229117,0.00068105862,-0.524466753,0.250818014,0.130924493,-2.17656684,1.67904973,2.05749583,-1.01828742,0.75993228,0.191074148,0.477936208,1.33299983,1.33299983,1.33299983
3.2,-0.697813511,0.205418095,0.479235888,-2.53440595,2.75247407,2.27216172,-2.55785513,0.785165071,0.0363451056,0.376432508,1.33158362,1.3316797,1.3310107,0.102269061,0.0586024113,-0.125334159,-0.141392872,0.339124322,-0.449293524,-0.215765059,-0.138309687,-0.318220645,0.482859105,-0.000140260905,-0.000301111722,5.19189052e-06,-0.524466753,0.250818014,0.130924493,-2.17656684,1.67904973,2.05749583,-1.01828742,0.761089146,0.194097936,0.497363806,1.33299983,1.33299983,1.33299983
3.26666667,-0.694330275,0.207845166,0.475403905,-2.54732823,2.77053308,2.24501944,-2.57117128,0.77432096,0.0378817283,0.361021727,1.33007669,1.33009744,1.32954097,0.0232495796,0.0274739135,-0.00938433688,-0.232146263,0.309159547,-0.443195432,-0.21107538,-0.0753330141,-0.000108890235,-0.381826043,-2.82331603e-05,-6.76548807e-05,2.24601245e-05,-0.524466753,0.250818014,0.130924493,-2.17656684,1.67904973,2.05749583,-1.01828742,0.747585654,0.172475621,0.375977933,1.33299983,1.33299983,1.33299983
3.33333333,-0.69006443,0.211918071,0.472234279,-2.56317234,2.79781437,2.20990682,-2.58935666,0.760752439,0.032122571,0.350032121,1.33006048,1.33007956,1.32977402,0.0780905858,0.0835899413,-0.0509614497,-0.229540706,0.433837414,-0.552997351,-0.268612862,-0.156837717,0.0018895017,-0.0601944774,-0.000450074906,-0.00189855415,-0.00159652764,-0.524466753,0.250818014,0.130924493,-2.17656684,1.67904973,2.05749583,-1.01828742,0.712787628,0.167929217,0.409272313,1.33299983,1.33299983,1.33299983
3.4,-0.677985787,0.220753446,0.455936879,-2.57351756,2.80649233,2.16972923,-2.5948925,0.746827722,0.0275186505,0.363843501,1.3299396,1.32994294,1.32986498,0.214418232,0.154582039,-0.31487155,-0.129514813,0.00417030323,-0.655640185,0.00361785945,-0.160168961,-0.0875499249,0.373744756,-0.00426995754,-0.00784051418,-1.6710721e-05,-0.524466753,0.250818014,0.130924493,-2.17656684,1.67904973,2.05749583,-1.01828742,0.684514225,0.165142462,0.473494709,1.33299983,1.33299983,1.33299983
3.46666667,-0.662871301,0.232619435,0.433494151,-2.57928276,2.80648708,2.12646914,-2.59573841,0.734580636,0.0190655477,0.407218158,1.32965696,1.32956433,1.32967722,0.195652753,0.180153295,-0.284287125,-0.0743009448,-0.000564843474,-0.637144148,-0.036570739,-0.210444212,-0.219253868,0.63590616,-0.000224835705,-0.000452758977,-1.17514282e-05,-0.524466753,0.250818014,0.130924493,-2.17656684,1.67904973,2.05749583,-1.01828742,0.661542058,0.138756558,0.549934864,1.33299983,1.33299983,1.33299983
3.53333333,-0.653391778,0.24213095,0.419244617,-2.58802772,2.80649734,2.09064484,-2.59589648,0.727697015,0.0229321104,0.399274051,1.32851517,1.32846045,1.32861817,0.129726037,0.165306732,-0.183805764,-0.117007747,0.00735229906,-0.533604443,0.0143445842,-0.0524112508,0.00183587149,-0.135373339,-0.0002243286,-0.000522918301,4.04191669e-05,-0.524466753,0.250818014,0.130924493,-2.17656684,1.67904973,2.05749583,-1.01828742,0.678375423,0.1515899,0.43909651,1.33299983,1.33299983,1.33299983
3.6,-0.644431233,0.25368154,0.405414581,-2.59637189,2.80648756,2.0523181,-2.59692287,0.721923769,0.0220077969,0.392822385,1.32866645,1.32860982,1.32876694,0.121416494,0.18911092,-0.183900684,-0.108013399,-0.000355949276,-0.571873546,0.00492930645,0.000125232342,-0.000767145306,-1.26380473e-06,0.00224836031,0.00211786525,0.00708889123,-0.524466753,0.250818014,0.130924493,-2.17656684,1.67904973,2.05749583,-1.01828742,0.656554341,0.141212925,0.440822661,1.33299983,1.33299983,1.33299983
3.66666667,-0.636744618,0.266021162,0.393184274,-2.60615706,2.80649185,2.01240015,-2.60007119,0.721271873,0.0225798488,0.364180356,1.32871592,1.32866347,1.32882607,0.101938352,0.204150259,-0.152308807,-0.134919375,0.00409742724,-0.607729733,-0.0607624911,-0.0549803339,-0.0767852217,-0.313597471,-0.000612319913,-0.00107564963,0.00546893943,-0.524466753,0.250818014,0.130924493,-2.17656684,1.67904973,2.05749583,-1.01828742,0.639468312,0.142083332,0.357016385,1.33299983,1.33299983,1.33299983
3.73333333,-0.628010154,0.280411035,0.378997266,-2.61836052,2.80649304,1.96832013,-2.6062963,0.72204864,0.0219685119,0.307752281,1.32927859,1.32927132,1.32916379,0.139491171,0.250748873,-0.217576101,-0.164250553,0.000566742965,-0.704191864,-0.114932306,-0.113906942,-0.000347269583,-0.622383475,0.000101399011,0.000232357212,-2.00176146e-07,-0.524466753,0.250818014,0.130924493,-2.17656684,1.67904973,2.05749583,-1.01828742,0.624942303,0.107332587,0.262080073,1.33299983,1.33299983,1.33299983
3.8,-0.620293617,0.297291964,0.365697473,-2.6268096,2.80649328,1.91968715,-2.61054659,0.722319305,0.0210951101,0.311932892,1.33256054,1.33249986,1.3323133,0.074694708,0.245076463,-0.134139106,-0.11787878,0.00239879731,-0.725379288,-0.0607269481,0.0268555731,-0.00272967038,0.0583444722,0.0560176447,0.0554856956,0.0531876981,-0.524466753,0.250818014,0.130924493,-2.17656684,1.67904973,2.05749583,-1.01828742,0.662514567,0.0881877542,0.349846154,1.33299983,1.33299983,1.33299983
3.86666667,-0.61494559,0.314593911,0.35502997,-2.63137555,2.80649209,1.87463403,-2.61586356,0.719151199,0.0210258458,0.335674971,1.33172739,1.33195317,1.33197904,0.063165091,0.256537348,-0.136406675,-0.047568135,-0.000801986898,-0.651062727,-0.0605346896,9.37543809e-05,0.000176210888,0.390168875,-0.000204561045,-0.000341795152,-0.000128055224,-0.524466753,0.250818014,0.130924493,-2.17656684,1.67904973,2.05749583,-1.01828742,0.650161624,0.110502735,0.417923689,1.33299983,1.33299983,1.33299983
3.93333333,-0.610615373,0.331057757,0.346309781,-2.63542557,2.80648899,1.83578658,-2.62141895,0.718262315,0.0225053709,0.3383784,1.33153296,1.33174336,1.33165574,0.0478363484,0.245462805,-0.0947351009,-0.0634631664,0.000217295252,-0.582881749,-0.0798019841,-0.0718001574,-0.000810796395,0.0374065898,0.00599501282,0.00207000342,0.00144162006,-0.524466753,0.250818014,0.130924493,-2.17656684,1.67904973,2.05749583,-1.01828742,0.633630633,0.120022669,0.372520924,1.33299983,1.33299983,1.33299983
4,-0.605208933,0.348517895,0.33627066,-2.64020777,2.80649281,1.7969377,-2.62831044,0.719964504,0.0205837283,0.32467097,1.33264422,1.33277571,1.33264029,0.0899815708,0.26367417,-0.1620076,-0.0930744931,-4.17609881e-05,-0.641121686,-0.0758778229,0.140019774,-5.21889888e-07,-0.0522923358,0.0615321696,0.0570556708,0.0536999218,-0.524466753,0.250818014,0.130924493,-2.17656684,1.67904973,2.05749583,-1.01828742,0.620199144,0.0970656276,0.333892494,1.33299983,1.33299983,1.33299983
4.06666667,-0.600317597,0.366736978,0.327365905,-2.64394069,2.8064909,1.75493968,-2.6353991,0.71537751,0.0205503851,0.329115599,1.33225358,1.33227336,1.33233976,0.0448630601,0.275378048,-0.0849685222,-0.031068502,-0.000406164094,-0.622376859,-0.0819502547,-0.0678411871,1.25002116e-05,0.121530794,0.000899215986,0.000701148529,4.20543365e-05,-0.524466753,0.250818014,0.130924493,-2.17656684,1.67904973,2.05749583,-1.01828742,0.60928607,0.105072767,0.369790584,1.33299983,1.33299983,1.33299983
4.13333333,-0.596997917,0.38588202,0.320102274,-2.64411616,2.80648637,1.71535456,-2.64020276,0.713169992,0.0141797662,0.353535563,1.33134615,1.33136475,1.33151591,0.0220645871,0.272440255,-0.0659653097,-0.000905042747,-0.000106898835,-0.6219365,-0.0646123961,0.103421122,-0.145384669,0.533823311,0.00208041025,0.00534974132,3.3842749e-05,-0.524466753,0.250818014,0.130924493,-2.17656684,1.67904973,2.05749583,-1.01828742,0.600419164,0.124221817,0.446843803,1.33299983,1.33299983,1.33299983
4.2,-0.595347643,0.396441668,0.315767646,-2.63982058,2.80346799,1.7039392,-2.62951946,0.739824772,-1.28130819e-06,0.346855789,1.32385099,1.32368839,1.32352483,0.0712889209,0.0595352612,-0.124486886,0.0819931328,-0.110700861,0.0116100218,0.265519053,-4.90046659e-06,1.109187e-06,-0.0951605141,-0.0815437436,-0.0839095712,-0.0834474564,-0.594764054,0.390947282,0.316738904,-2.64070606,2.80188823,1.7126832,-2.62566662,0.721295178,0.0138209686,0.346618384,1.33299983,1.33299983,1.33299983
4.26666667,-0.589092195,0.400463849,0.303773522,-2.6323154,2.7903471,1.7065295,-2.59631515,0.749467134,-8.81368669e-06,0.334689081,1.32365465,1.32344496,1.32325506,0.111368001,0.111512914,-0.23966065,0.131992668,-0.303421289,0.035054829,0.658418357,0.128738388,0.000403609825,-0.364685386,-2.95363716e-05,-6.72886381e-05,4.09781933e-08,-0.588603973,0.404915154,0.307376206,-2.63123131,2.78897357,1.70535302,-2.58542776,0.743701041,0.0128418766,0.327543706,1.33299983,1.33299983,1.33299983
4.33333333,-0.581426978,0.415141642,0.286606342,-2.62144256,2.76853633,1.69965065,-2.53964829,0.760526359,-5.75223476e-06,0.317446172,1.3236382,1.3234297,1.32322955,0.130548,0.331464887,-0.288760394,0.196315825,-0.369178355,-0.205705225,1.04364932,0.241501391,-0.0036024109,-0.313703477,-0.000130987552,-0.000301793334,2.76428182e-07,-0.579329967,0.425943732,0.293105662,-2.61682677,2.769063,1.69439077,-2.52454185,0.777433038,0.0113884425,0.298826933,1.33299983,1.33299983,1.33299983
4.4,-0.572545826,0.442795604,0.266079158,-2.60588121,2.74293709,1.6817013,-2.45890188,0.782097161,0.000276722712,0.294626772,1.3236078,1.3233999,1.32318032,0.152838498,0.495799452,-0.305888146,0.301533878,-0.38490817,-0.277105451,1.33813143,0.391033471,0.0265027545,-0.352577746,-0.000242342765,-0.000524008472,5.84113877e-07,-0.567754388,0.452191085,0.275018543,-2.59862638,2.74347663,1.68082273,-2.44806314,0.819536448,0.00960661657,0.262983352,1.33299983,1.33299983,1.33299983
4.46666667,-0.560207784,0.478637576,0.245239213,-2.58221698,2.71580696,1.66442704,-2.36474466,0.812844157,0.00243894174,0.266423106,1.3235662,1.32335484,1.32311893,0.21259971,0.566046298,-0.309636354,0.405148894,-0.423883885,-0.222866789,1.4474715,0.536849022,-0.000379651261,-0.452947885,4.07365733e-05,0.00633565988,-8.21892172e-08,-0.554689586,0.481815219,0.25420621,-2.57776523,2.71353483,1.66567516,-2.36104703,0.867056608,0.00764235109,0.222528279,1.33299983,1.33299983,1.33299983
4.53333333,-0.54499197,0.515392303,0.224835783,-2.555094,2.68450689,1.64965093,-2.26796722,0.852449715,0.00397210475,0.232924551,1.32355869,1.32334554,1.32309461,0.237574518,0.52095145,-0.301112711,0.386094719,-0.511736691,-0.227955073,1.44270539,0.638078809,-0.000132852409,-0.524907291,5.71481069e-05,9.74730356e-05,-1.73109584e-07,-0.540947914,0.512974381,0.231760085,-2.55537724,2.68055773,1.64997482,-2.26854873,0.917039096,0.00564159872,0.179977134,1.33299983,1.33299983,1.33299983
4.6,-0.529198706,0.547390044,0.205462322,-2.53130198,2.64861488,1.63428414,-2.17329121,0.897253633,0.00401000213,0.196007475,1.32349873,1.32328594,1.32303047,0.235468641,0.442155927,-0.282163143,0.330186844,-0.555336356,-0.226310015,1.38937426,0.690506101,0.000173594846,-0.561191857,5.17116277e-05,9.12786927e-05,-2.28639692e-07,-0.527341545,0.543826461,0.208771408,-2.53259683,2.64586568,1.63474774,-2.17562294,0.966528952,0.00375030981,0.137845188,1.33299983,1.33299983,1.33299983
4.66666667,-0.514793098,0.573868811,0.18487002,-2.51093054,2.61586666,1.61596024,-2.08323741,0.943246663,0.00300029782,0.158555552,1.32849133,1.33299863,1.32805669,0.13605319,0.327505589,-0.356044769,0.273128033,-0.476880252,-0.317674637,1.31874561,0.678000748,-4.98419104e-05,-0.582924902,0.123870373,9.51986294e-08,0.126102477,-0.514682889,0.572529733,0.186331645,-2.51055837,2.61077905,1.62102056,-2.08732533,1.01257181,0.00211443566,0.0986478105,1.33299983,1.33299983,1.33299983
4.73333333,-0.50777024,0.59474951,0.162784994,-2.49060631,2.57978106,1.60102141,-2.00115061,0.987042129,0.00304608,0.120797336,1.32997751,1.33299994,1.32970607,0.11395362,0.299733698,-0.331543833,0.317279696,-0.538862586,-0.177688658,1.12657571,0.624931514,0.000433734735,-0.534333408,-7.95698725e-08,4.45373826e-06,4.30518412e-08,-0.503784239,0.597242177,0.165532053,-2.4903965,2.57661796,1.60981953,-2.00870991,1.05221295,0.000879928761,0.0649003386,1.33299983,1.33299983,1.33299983
4.8,-0.500328898,0.61375016,0.142579019,-2.46972704,2.54613853,1.59255052,-1.93545365,1.02611852,0.00315292366,0.0860845149,1.32984531,1.33300018,1.32960093,0.0944752619,0.251396,-0.268974334,0.285368562,-0.475912392,-0.0936762765,0.84166795,0.535789549,0.000254478829,-0.50188154,-3.87797772e-05,-6.61063386e-05,3.38361133e-07,-0.495458007,0.616121769,0.147464037,-2.47324538,2.54470277,1.60217118,-1.94483221,1.08249784,0.000192740059,0.0391181037,1.33299983,1.33299983,1.33299983
4.86666667,-0.494705111,0.628513694,0.127787262,-2.45295715,2.51872158,1.59082329,-1.89045835,1.05788767,0.00303991162,0.0570204258,1.3299675,1.33299863,1.33300006,0.0733593553,0.173397079,-0.199096456,0.206442878,-0.393487066,0.00924584456,0.552275062,0.424103796,0.00122607779,-0.39127019,-6.72837486e-05,-5.97577309e-06,2.3591565e-07,-0.490256876,0.627915204,0.132849067,-2.45999575,2.51575541,1.59886384,-1.89905715,1.10141575,9.99999975e-05,0.0230129417,1.33299983,1.33299983,1.33299983
4.93333333,-0.490790516,0.636395574,0.114966191,-2.44171548,2.49227405,1.59258151,-1.85880768,1.0793736,0.00187583745,0.0360218324,1.33026135,1.33298993,1.33300066,0.0438710861,0.0678191483,-0.180552796,0.146724597,-0.390594661,0.0375513658,0.374132246,-0.000136355404,-0.0925508142,-0.243426442,0.0690849945,-0.00016605109,5.44532668e-07,-0.487030178,0.635231674,0.120032832,-2.44964433,2.48700666,1.5989027,-1.8638376,1.11315215,9.99999975e-05,0.0130214561,1.33299983,1.33299983,1.33299983
5,-0.488496184,0.638786912,0.103708692,-2.43334413,2.46363521,1.59692562,-1.83403695,1.07981956,-6.95900553e-07,0.0172369946,1.33127916,1.33085322,1.33300138,0.0197601821,0.0132786017,-0.151633099,0.102475151,-0.401830852,0.0716207176,0.352518618,0.0284553021,0.000551209087,-0.286043078,-0.00311569218,-0.000929148227,-1.94438471e-05,-0.485292733,0.639171362,0.108391106,-2.44136047,2.45789623,1.60155737,-1.83625317,1.11947167,0.000100000005,0.00764142442,1.33299983,1.33299983,1.33299983
5.06666667,-0.487555504,0.639158189,0.0936583281,-2.42679882,2.43413949,1.60314596,-1.81261206,1.07987523,1.92237223e-07,0.0099767549,1.33134365,1.32917595,1.33299887,0.00945992209,-0.00168700702,-0.151490599,0.094383955,-0.458168656,0.103785701,0.289024979,1.08966788e-07,0.000196520123,-0.0505719744,-5.71869896e-06,-0.0752943754,-1.04919309e-08,-0.484773695,0.640348077,0.0976110697,-2.43448091,2.42840838,1.60626996,-1.81479967,1.12135935,9.99999975e-05,0.00603440125,1.33299983,1.33299983,1.33299983
5.13333333,-0.487432748,0.638282478,0.0840879157,-2.42216778,2.40244031,1.60993254,-1.79594541,1.08014035,1.26406718e-07,0.00820155255,1.33137286,1.32698977,1.33299971,-0.00143720675,-0.0217047669,-0.140449241,0.0625026375,-0.439317137,0.103784434,0.234492511,0.059579514,-0.000764664728,-1.8303399e-07,-5.58556349e-06,-2.55726918e-05,2.30422302e-06,-0.485202491,0.639376044,0.0873799026,-2.42834377,2.39852595,1.61248243,-1.79797411,1.11980009,0.000100000005,0.00736194383,1.33299983,1.33299983,1.33299983
5.2,-0.488050371,0.636373878,0.0749303475,-2.41822624,2.37179446,1.61753154,-1.78262341,1.08077538,-2.98714617e-08,0.00819452852,1.33137286,1.32695818,1.33299267,-0.011730006,-0.0351984017,-0.137617305,0.0563298874,-0.474551797,0.123433791,0.175765291,-0.0273580402,-3.95952957e-05,-8.06030584e-08,4.94126107e-05,3.80855636e-05,7.60912662e-05,-0.486308098,0.636868954,0.0773847476,-2.4222858,2.36823153,1.61963654,-1.78427243,1.11577845,9.99999902e-05,0.0107855992,1.33299983,1.33299983,1.33299983
5.26666667,-0.488853037,0.633756101,0.0657802448,-2.41432524,2.3398056,1.62614775,-1.77106512,1.08027458,-2.39769662e-07,0.0103736892,1.33137023,1.32691538,1.33296764,-0.0112229167,-0.0425256118,-0.13660869,0.0591809601,-0.490745664,0.133039296,0.168679014,-2.55014747e-05,-0.000306590693,0.0525872558,7.60227413e-05,9.19398735e-05,1.1395663e-05,-0.48781991,0.633440912,0.0673127845,-2.41564488,2.33750939,1.62717438,-1.77219141,1.11027956,0.000100000005,0.0154669266,1.33299983,1.33299983,1.33299983
5.33333333,-0.48943916,0.630937696,0.0566185899,-2.40977383,2.30713797,1.63487029,-1.75962675,1.08023202,-1.77548856e-07,0.0142261386,1.3313458,1.32686067,1.33293712,-0.00735730724,-0.0407280177,-0.139352515,0.0822763219,-0.486355484,0.126825616,0.179534495,-4.23551501e-06,-0.000122986763,0.0606523491,2.53365142e-05,4.18525888e-05,-1.39320036e-07,-0.489467144,0.629705906,0.0568511672,-2.40775824,2.30634165,1.63453782,-1.76022732,1.10428834,9.99999975e-05,0.0205674767,1.33299983,1.33299983,1.33299983
5.4,-0.489960909,0.628483176,0.047060445,-2.40238214,2.27589798,1.64260304,-1.74629998,1.08008695,3.59139449e-07,0.0177925881,1.33210802,1.32769048,1.33299983,-0.0121711986,-0.0318804979,-0.145497486,0.170439318,-0.394850194,0.101178691,0.243758395,-2.52872705e-05,5.17104636e-05,2.3341272e-07,0.0570697449,0.0679579377,-6.23964297e-05,-0.490978956,0.626277924,0.0456870534,-2.39796352,2.27471209,1.64116836,-1.74687636,1.09878933,9.99999975e-05,0.0252488013,1.33299983,1.33299983,1.33299983
5.46666667,-0.490754932,0.626372278,0.0358099788,-2.38977718,2.24403739,1.64833188,-1.72944725,1.08001161,-2.51633328e-08,0.0217357278,1.3321774,1.32793057,1.33299971,-0.00602523051,-0.0318648219,-0.191194415,0.205234036,-0.514084399,0.0689653009,0.25587514,-0.0301411711,-2.78320822e-05,0.0632886589,1.66747486e-05,2.90762837e-05,-8.06030584e-08,-0.492084622,0.623770833,0.0335076079,-2.38559842,2.24260402,1.64650857,-1.73063517,1.09476781,0.000100000005,0.0286724586,1.33299983,1.33299983,1.33299983
5.53333333,-0.491013318,0.624441803,0.0222406462,-2.3746717,2.20967364,1.6515578,-1.71013629,1.07924807,-7.87899381e-08,0.0253443327,1.33217645,1.32792962,1.33299887,-0.000415390969,-0.0217688493,-0.215649575,0.253446192,-0.510552645,0.0324016064,0.328406155,-4.39609721e-07,-0.000397268159,0.0516891479,-2.99507519e-07,1.99817878e-05,-5.97756298e-08,-0.492513329,0.622798741,0.0199999996,-2.36999989,2.21000004,1.64999998,-1.70999992,1.09320843,9.99999975e-05,0.0299999993,1.33299983,1.33299983,1.33299983
5.6,-0.490961313,0.623934984,0.00732318871,-2.35511565,2.17525601,1.65389419,-1.68539739,1.07924795,1.08727204e-06,0.0269508474,1.33217537,1.32794595,1.33299935,0.00288353628,0.00521851517,-0.232819512,0.333431393,-0.523826718,0.0488411933,0.409433454,0.000599903055,-0.00277058873,0.0503136516,0.00346144359,0.00363471173,0.0032027862,-0.492513359,0.622798741,0.00446537742,-2.34995437,2.17597246,1.65379548,-1.68491304,1.09320843,0.000100000005,0.0299999993,1.33299983,1.33299983,1.33299983
5.66666667,-0.490505219,0.624859154,-0.00898924563,-2.3304615,2.13920021,1.65843236,-1.65637672,1.07924783,2.56428393e-07,0.0273616649,1.33217502,1.32797539,1.33299875,0.0103400452,0.0176044237,-0.257162333,0.399730593,-0.554029703,0.0889015272,0.453441173,2.08381607e-06,5.10842619e-05,-2.02999217e-09,-3.06732545e-07,-3.19397077e-06,-1.86663146e-06,-0.492513329,0.622798741,-0.0131715517,-2.32545638,2.1400013,1.659729,-1.65692353,1.09320843,9.99999975e-05,0.0299999993,1.33299983,1.33299983,1.33299983
5.73333333,-0.489774704,0.625934601,-0.0269021653,-2.30234265,2.10158992,1.66519618,-1.62554586,1.07924795,-1.68334768e-08,0.0279923789,1.33217895,1.3280071,1.3330003,0.0105300844,0.0111189717,-0.280766696,0.438931227,-0.573334515,0.112679638,0.467814893,5.43951501e-07,4.4674016e-06,-2.03290256e-08,-8.2479819e-06,-1.23822829e-05,-1.01252917e-05,-0.492513359,0.622798741,-0.0322882943,-2.2976563,2.10268211,1.6667639,-1.6269387,1.09320843,9.99999975e-05,0.0299999993,1.33299983,1.33299983,1.33299983
5.8,-0.489300638,0.626320004,-0.0462897755,-2.27213144,2.06313467,1.67267179,-1.59425139,1.07907581,2.7308392e-08,0.0280088149,1.33217895,1.32803214,1.33300006,0.00338807539,-0.00108470104,-0.301453203,0.464616835,-0.57853055,0.110563405,0.464656353,-0.0281143971,0.000216898159,1.16531737e-07,1.28550892e-05,-0.00511484407,-9.68229415e-06,-0.492513329,0.622798741,-0.0522623584,-2.26770449,2.06461191,1.67386365,-1.59586549,1.09320843,0.000100000005,0.0300000012,1.33299983,1.33299983,1.33299983
5.86666667,-0.489463538,0.625975549,-0.0668784901,-2.24045348,2.02477407,1.67926025,-1.56300724,1.07906926,-5.89922102e-08,0.0282827113,1.33218396,1.3280611,1.33299994,-0.0075747855,-0.0105057843,-0.316641748,0.482303709,-0.572293043,0.0874319971,0.463714212,-2.17570596e-06,5.23514755e-05,-3.02679837e-09,-2.04441749e-05,-2.91172764e-05,-4.89496997e-05,-0.492513299,0.622798681,-0.0724712461,-2.2367506,2.02638578,1.67999125,-1.5646106,1.09320831,9.99999902e-05,0.0299999975,1.33299983,1.33299983,1.33299983
5.93333333,-0.490339547,0.625102997,-0.0882311538,-2.20801568,1.9871794,1.68381357,-1.53272724,1.07906926,-2.27143033e-08,0.0283088759,1.33218396,1.32809162,1.33299994,-0.0177344866,-0.0175795499,-0.32364428,0.485508025,-0.555348694,0.0503581278,0.442525625,-2.79804317e-06,5.25129653e-05,8.54779501e-08,-2.27638666e-05,-3.38274549e-05,-5.00207498e-05,-0.492513359,0.6227988,-0.0922924727,-2.20594525,1.98860061,1.68411088,-1.53408158,1.09320843,0.000100000005,0.0300000012,1.33299983,1.33299983,1.33299983
6,-0.491824239,0.62378037,-0.10967873,-2.1760633,1.95095134,1.68549705,-1.50431347,1.07906926,1.99612899e-07,0.0283583533,1.33219087,1.32809913,1.33299983,-0.0255944114,-0.0241042394,-0.319037944,0.466874599,-0.531267703,0.00109422463,0.40792948,-0.000127742795,0.000273777492,-0.00496566202,-0.000210822443,-0.000265056267,-0.000207210775,-0.492513299,0.622798681,-0.11110352,-2.17643857,1.95185173,1.68518519,-1.50518513,1.09320843,9.99999975e-05,0.0299999975,1.33299983,1.33299983,1.33299983
6.06666667,-0.493741393,0.622057498,-0.130365297,-2.1461525,1.916592,1.68344951,-1.47862279,1.07906914,3.32744577e-07,0.0287231505,1.33218992,1.32810259,1.33299828,-0.0306099076,-0.0290381648,-0.300592393,0.424647599,-0.500718296,-0.0623480827,0.361369401,-2.92082632e-06,8.00001508e-05,8.29459168e-08,-3.37819693e-05,-1.70826679e-05,-3.72736758e-05,-0.492513359,0.622798741,-0.128281951,-2.14938116,1.91673589,1.6821779,-1.47882831,1.09320843,0.000100000005,0.0300000012,1.33299983,1.33299983,1.33299983
6.13333333,-0.495875657,0.620106876,-0.149335012,-2.1198051,1.88439083,1.6766392,-1.45642817,1.07906914,6.82812015e-07,0.0287397038,1.33219433,1.32810092,1.33300006,-0.032202661,-0.0303776171,-0.267073601,0.360625178,-0.465386242,-0.142167836,0.303169399,-1.76619415e-06,0.000155240501,-3.83588485e-08,-1.32065761e-05,-2.66168536e-05,-1.24373209e-05,-0.492513329,0.622798741,-0.143205196,-2.12592268,1.88384831,1.67405236,-1.45591831,1.09320843,9.99999975e-05,0.0299999993,1.33299983,1.33299983,1.33299983
6.2,-0.498012006,0.618187428,-0.165547848,-2.09843016,1.85495913,1.66396403,-1.43856215,1.07906914,7.38940287e-07,0.0287468098,1.33219433,1.32810032,1.33300006,-0.0310115051,-0.0277059786,-0.217839897,0.276416302,-0.418081254,-0.238954201,0.232073963,-4.37791414e-07,0.000152197259,7.71378836e-08,-4.1526655e-06,-1.40862394e-05,-2.90822049e-06,-0.492513329,0.622798741,-0.155250832,-2.10721374,1.85378575,1.65977216,-1.43736207,1.09320843,9.99999975e-05,0.0299999975,1.33299983,1.33299983,1.33299983
6.26666667,-0.499803096,0.616643131,-0.178347602,-2.08323574,1.82872248,1.64364958,-1.42587948,1.07906914,3.3623391e-07,0.0287431516,1.33219433,1.32809937,1.33299994,-0.0173378643,-0.0140940174,-0.175300598,0.179841906,-0.378371567,-0.395197302,0.145672515,1.17822606e-06,5.14449639e-05,5.44823706e-08,8.32086516e-06,3.81497375e-06,8.0065347e-06,-0.492484927,0.623129547,-0.164145961,-2.09410048,1.82679784,1.63695538,-1.42431915,1.09321463,0.000100052159,0.0298358276,1.33299983,1.33299983,1.33299983
6.33333333,-0.50063014,0.61719352,-0.188824937,-2.07379246,1.80385089,1.60863268,-1.41979373,1.07906914,4.78404047e-07,0.0287267659,1.33219433,1.32807469,1.33299959,-0.0103234462,0.0336415879,-0.134666383,0.107432485,-0.368295312,-0.654118538,0.039737206,1.26470741e-06,0.00011521428,-4.46161721e-08,3.06912698e-05,3.66853201e-05,1.85562676e-05,-0.492283165,0.625478089,-0.171541557,-2.08527946,1.80124676,1.59852254,-1.41827166,1.09325886,0.000100422476,0.0286702234,1.33299983,1.33299983,1.33299983
6.4,-0.501078069,0.621213317,-0.196015552,-2.06858683,1.779984,1.55753469,-1.42014551,1.07906914,1.06346431e-06,0.0286582913,1.33217931,1.32804465,1.33296943,-0.000940786849,0.083745718,-0.0809138641,0.0486232936,-0.351369232,-0.863103867,-0.041637335,-0.00060362264,0.00293261628,-0.051024504,-0.00345392223,-0.00361134531,-0.00322664762,-0.491945058,0.62941438,-0.177613333,-2.07997918,1.77697861,1.54727161,-1.41797233,1.09333301,0.000101043166,0.026716603,1.33299983,1.33299983,1.33299983
6.46666667,-0.500519931,0.627839804,-0.199464127,-2.06737947,1.7574867,1.49586678,-1.42469525,1.07894731,7.46513535e-07,0.0266193431,1.33215404,1.3280164,1.33294058,0.0188281704,0.109977476,-0.0236923136,-0.0132465186,-0.327217847,-0.97257036,-0.0865971819,-1.61880962e-06,0.000268075208,-0.0910824537,1.64851081e-05,2.65126728e-05,-2.85537681e-07,-0.491538674,0.634144485,-0.182206824,-2.07766461,1.75416827,1.48757088,-1.42181671,1.09342217,0.000101789017,0.0243689697,1.33299983,1.33299983,1.33299983
6.53333333,-0.498611718,0.635386884,-0.199120849,-2.07013774,1.73626328,1.4296838,-1.43117189,1.07894695,2.08140386e-06,0.0245037358,1.33212507,1.32799363,1.33290648,0.0385131612,0.112485856,0.0310045164,-0.0674986988,-0.315299809,-1.00439,-0.101770476,-2.47043499e-06,0.00048099659,-0.0501958877,2.99725798e-05,4.13661837e-05,3.09664756e-08,-0.491132408,0.638874769,-0.185167715,-2.0777986,1.73299074,1.42378855,-1.4282012,1.09351122,0.00010253489,0.0220213439,1.33299983,1.33299983,1.33299983
6.6,-0.495618343,0.64245975,-0.195265606,-2.07593489,1.71589684,1.36360693,-1.43791926,1.07894731,1.9444642e-06,0.022705609,1.33209443,1.32796729,1.33287334,0.0503860228,0.0962436199,0.0807918534,-0.103917301,-0.296253145,-0.971367776,-0.0953510776,-4.18990967e-05,0.000882551074,-0.0516219288,0.000199529808,0.000424154568,-5.37373126e-07,-0.490794241,0.642811,-0.186341494,-2.07984567,1.71362054,1.36029279,-1.43552089,1.09358525,0.000103155558,0.0200677179,1.33299983,1.33299983,1.33299983
6.66666667,-0.492196709,0.647866786,-0.188396439,-2.08347058,1.69706726,1.30178678,-1.44352746,1.07894742,7.26855433e-07,0.0214195885,1.33207345,1.32795405,1.33284366,0.0514908172,0.062388014,0.120597184,-0.120360635,-0.267304242,-0.876119852,-0.0683957711,-1.70455326e-06,0.000173542663,-1.96432666e-07,1.50295673e-05,2.97307197e-05,-2.50621815e-06,-0.49059251,0.645159602,-0.185573846,-2.08326888,1.69623268,1.3014518,-1.44217181,1.09362972,0.00010352589,0.0189021155,1.33299983,1.33299983,1.33299983
6.73333333,-0.489038855,0.65041399,-0.179311067,-2.09149885,1.68026304,1.24851501,-1.44673073,1.07894742,-6.16879205e-08,0.0214252379,1.33207011,1.32795405,1.33283365,0.0428547561,0.0107865911,0.147401243,-0.119450435,-0.234549448,-0.71386528,-0.0236975458,-3.62051651e-07,2.57890624e-05,1.58324838e-07,-9.22717936e-06,-8.27659096e-06,-1.11352447e-05,-0.4905954,0.645126522,-0.18271026,-2.08753252,1.68100202,1.25163376,-1.4465493,1.093629,0.000103520673,0.018918531,1.33299983,1.33299983,1.33299983
6.8,-0.486715287,0.648996532,-0.168859944,-2.09892678,1.66543269,1.20824707,-1.44631028,1.07905781,-6.43685667e-07,0.0214429982,1.33207202,1.32796645,1.33283794,0.0276053436,-0.0559627153,0.163076103,-0.102371708,-0.208439156,-0.485581815,0.0395564325,6.2309482e-08,6.49430367e-05,-2.96859071e-08,-3.33960488e-05,-4.6098954e-05,-1.81747309e-05,-0.490870982,0.641917944,-0.177596375,-2.09209967,1.66810286,1.21520698,-1.44704938,1.09356856,0.00010301474,0.020510979,1.33299983,1.33299983,1.33299983
6.86666667,-0.485647261,0.642636955,-0.157388031,-2.10519147,1.65414083,1.18607128,-1.44070923,1.07905781,-7.00003625e-07,0.0219900813,1.33210146,1.3279978,1.33287036,0.00493477704,-0.13509807,0.177148834,-0.0833604187,-0.138683841,-0.174850553,0.129024804,4.98709414e-06,-0.000390489324,0.0505459718,-3.05669673e-05,-4.71933163e-05,1.22236088e-07,-0.491487592,0.634739995,-0.170077756,-2.09643412,1.65771079,1.19653964,-1.44206774,1.09343338,0.000101882913,0.0240734667,1.33299983,1.33299983,1.33299983
6.93333333,-0.486146033,0.630895793,-0.145240545,-2.10967779,1.64609873,1.18641102,-1.42869365,1.07905912,-4.90046659e-07,0.0250833053,1.33300149,1.33298767,1.33300042,-0.0161991976,-0.216623619,0.18303369,-0.0441626348,-0.137795582,0.187387064,0.230941474,-2.51824349e-06,0.000969034387,0.055886317,-0.00540653896,0.0009250812,1.08939275e-07,-0.492513329,0.622798741,-0.159999996,-2.0999999,1.64999998,1.19999993,-1.42999995,1.09320843,9.99999975e-05,0.0299999993,1.33299983,1.33299983,1.33299983
7,-0.487944961,0.613365531,-0.132410929,-2.11244392,1.64073217,1.21163404,-1.40926766,1.07905912,-5.30074203e-07,0.0304974187,1.33300042,1.33300006,1.3330003,-0.039183218,-0.308020502,0.199879542,-0.0410724878,-0.0444435664,0.543963015,0.336793453,2.49638106e-07,9.88909596e-06,0.0944798216,-2.10591788e-05,-2.74285303e-05,-1.34542352e-05,-0.494012028,0.605352104,-0.146355063,-2.1035912,1.64487183,1.22484565,-1.41068995,1.09287977,9.72489943e-05,0.0386589095,1.33299983,1.33299983,1.33299983
7.06666667,-0.49154672,0.590051234,-0.11843159,-2.11532378,1.63881588,1.25633907,-1.38448751,1.07905912,-3.61516044e-07,0.0380807146,1.33300018,1.33300006,1.3330003,-0.0667162016,-0.38950491,0.218824208,-0.0477447249,-0.0146604804,0.77888304,0.403593332,2.63845777e-07,1.21278645e-05,0.128493488,-1.6811573e-05,-2.14540923e-05,-1.10080109e-05,-0.495948434,0.582809627,-0.128724664,-2.10823131,1.64192986,1.26567376,-1.38573968,1.09245515,9.36944634e-05,0.0498469584,1.33299983,1.33299983,1.33299983
7.13333333,-0.496687412,0.561831772,-0.102845713,-2.11877823,1.63860786,1.31410432,-1.35552549,1.07905912,-1.28981696e-07,0.0479274876,1.33300042,1.33299863,1.33299911,-0.0831031129,-0.454497844,0.248044431,-0.0573375449,0.0100967335,0.944082797,0.462791115,-5.54143189e-05,-0.000347409863,0.160245061,-0.00562719256,0.00579464901,0.00691863149,-0.498242408,0.556104779,-0.107838959,-2.11372805,1.64090264,1.31986165,-1.35618234,1.09195209,8.94836121e-05,0.0631007925,1.33299983,1.33299983,1.33299983
7.2,-0.502324998,0.529978573,-0.0849466994,-2.12277055,1.63991284,1.38158226,-1.32295036,1.07905912,-7.51373221e-08,0.0597891845,1.33300018,1.33300018,1.33300042,-0.0816401169,-0.498839706,0.287920386,-0.0647870377,0.0333968699,1.07380688,0.511010349,1.33925823e-07,1.84546097e-05,0.188158721,-6.44777174e-08,-3.65673714e-08,-2.01343482e-07,-0.500813663,0.526171267,-0.0844280794,-2.11988926,1.64151812,1.38478637,-1.32305169,1.09138823,8.47636547e-05,0.077957049,1.33299983,1.33299983,1.33299983
7.26666667,-0.507386208,0.495867968,-0.0641281679,-2.12721372,1.64270091,1.45669019,-1.28767276,1.07893789,3.21043103e-08,0.0733388439,1.33300018,1.33300006,1.3330003,-0.0670992732,-0.523049116,0.334328681,-0.071611695,0.0524604693,1.17141461,0.54385072,3.65178494e-07,2.11037241e-05,0.210343286,6.56793873e-08,-6.67569111e-08,4.04634193e-09,-0.50358212,0.493942678,-0.0592222288,-2.12652302,1.64350522,1.4578253,-1.28738046,1.09078097,7.96818131e-05,0.0939523876,1.33299983,1.33299983,1.33299983
7.33333333,-0.511240959,0.460733235,-0.0402311981,-2.13213897,1.64643407,1.53696454,-1.25069249,1.07893789,2.44083111e-07,0.0881941468,1.33300006,1.33299994,1.33300018,-0.0469220988,-0.530670822,0.379161507,-0.0799168423,0.0626051649,1.22824955,0.561448991,2.27890496e-07,6.12984732e-05,0.227006942,-2.46093123e-07,-6.50294169e-07,1.69416126e-08,-0.506467581,0.46035257,-0.0329515673,-2.13343716,1.64659214,1.53635573,-1.25020266,1.09014833,7.43852797e-05,0.110623449,1.33299983,1.33299983,1.33299983
7.4,-0.513726413,0.425554037,-0.0136621278,-2.13766003,1.65064943,1.61956167,-1.21301043,1.07893789,2.94511693e-07,0.103967473,1.33299994,1.33299983,1.33300006,-0.0272119734,-0.525062263,0.413566828,-0.0893980712,0.0675604418,1.24192524,0.564228594,3.83109125e-07,8.65876136e-05,0.237758398,-3.13733835e-07,-7.48423645e-07,2.69706106e-08,-0.509389758,0.42633459,-0.00634622946,-2.14043927,1.65050709,1.61775494,-1.21255112,1.08950746,6.90212764e-05,0.127506882,1.33299983,1.33299983,1.33299983
7.46666667,-0.51501143,0.391153842,0.0146041205,-2.14374924,1.65509391,1.70169151,-1.17566693,1.07893789,2.27756217e-07,0.120243222,1.33299983,1.33299983,1.33299994,-0.0118442271,-0.507543147,0.429653019,-0.0963302404,0.0694672391,1.2155385,0.55066967,-4.22966195e-07,6.60479127e-05,0.24222368,3.93802111e-06,6.64533582e-06,-3.01079126e-08,-0.512268484,0.392822266,0.0198635943,-2.14733744,1.65497863,1.69940019,-1.17545938,1.08887613,6.37370104e-05,0.14413932,1.33299983,1.33299983,1.33299983
7.53333333,-0.515465975,0.35830906,0.0431580395,-2.15011072,1.65958607,1.78082502,-1.13980258,1.07893789,1.54003189e-07,0.136582434,1.33299983,1.33299911,1.33299983,-0.00295252749,-0.478385806,0.422379464,-0.0970747545,0.0687651485,1.15313005,0.519661009,-1.4690745e-06,2.45762567e-05,0.240065485,1.11264817e-05,2.16307963e-05,-7.93370418e-08,-0.515023589,0.360749245,0.0449477471,-2.15393901,1.65973532,1.77866888,-1.13996053,1.08827198,5.86796996e-05,0.160057425,1.33299983,1.33299983,1.33299983
7.6,-0.515548289,0.32779032,0.0703693628,-2.15628147,1.66395402,1.85463881,-1.10659647,1.07893789,1.42627016e-07,0.15252167,1.33299756,1.33299816,1.3329947,-0.00107243937,-0.437510163,0.390124828,-0.0901582092,0.0654507503,1.05654502,0.471310288,-2.11514612e-06,6.16487523e-06,0.230850711,1.44786318e-05,2.93964549e-05,-1.57160684e-09,-0.517574787,0.331049144,0.0681760684,-2.1600523,1.66450524,1.85293794,-1.10708809,1.08771253,5.39965476e-05,0.174797848,1.33299983,1.33299983,1.33299983
7.66666667,-0.51569885,0.300389677,0.0946094841,-2.16176391,1.66804039,1.92085886,-1.07718444,1.07893789,4.02162385e-07,0.167570293,1.33297944,1.33299053,1.33297873,-0.00506701181,-0.384337574,0.334502757,-0.075988248,0.0603360385,0.925902903,0.406476647,-4.51323576e-05,-0.000545978197,0.21460256,0.00790806767,0.000727599952,0.00367944362,-0.519842088,0.304655552,0.0888184011,-2.16548514,1.66901696,1.91958475,-1.07787538,1.08721519,4.9834769e-05,0.187897235,1.33299983,1.33299983,1.33299983
7.73333333,-0.516224563,0.276965261,0.114440262,-2.16611934,1.67163432,1.97711647,-1.0526011,1.07893789,4.8092727e-07,0.181208283,1.33296907,1.33297944,1.33297265,-0.0121308463,-0.317561448,0.259382278,-0.0559454523,0.0509942211,0.758278131,0.32707122,1.36730387e-06,0.000197475922,0.18964532,-0.0056029465,-0.000225342315,-1.61846401e-07,-0.521745086,0.282502025,0.106144577,-2.17004514,1.67299902,1.97598684,-1.05335569,1.08679795,4.63415745e-05,0.198892221,1.33299983,1.33299983,1.33299983
7.8,-0.51722455,0.25846836,0.128754094,-2.16902018,1.67460859,2.02097487,-1.0338304,1.07893789,2.69350721e-07,0.19290635,1.33295774,1.33297396,1.33297265,-0.0190294068,-0.235863566,0.170446292,-0.0318795256,0.0398793668,0.553392649,0.233239979,-9.19925469e-07,2.96041981e-05,0.157276317,-0.000121847552,2.74369231e-05,8.38190317e-09,-0.523203671,0.265522182,0.119424425,-2.17354035,1.67617941,2.019521,-1.03456223,1.08647799,4.36641749e-05,0.207319468,1.33299983,1.33299983,1.33299983
7.86666667,-0.518570662,0.245929658,0.136807576,-2.17025399,1.67679155,2.04989767,-1.02181077,1.07893789,3.30264641e-07,0.20213677,1.33292854,1.33296824,1.33296657,-0.0224721152,-0.138429746,0.0729588047,-0.00560700987,0.0266570486,0.310817599,0.124881431,-5.12307179e-06,-0.000169481122,0.11738947,-0.000221431546,-0.000172926462,-0.000254990213,-0.524137616,0.254649669,0.12792778,-2.17577839,1.67828691,2.04756522,-1.02252829,1.08627319,4.1949781e-05,0.212715596,1.33299983,1.33299983,1.33299983
7.93333333,-0.519957662,0.240412161,0.138160929,-2.16971111,1.67784739,2.06122828,-1.017542,1.07854128,2.16891804e-05,0.208387077,1.33290207,1.33296239,1.33296156,-0.0203597955,-0.025081804,-0.0293995291,0.0216095001,0.00468695955,0.0252873786,0.00486807153,-2.2303313e-05,0.000244492316,0.0687367618,6.24066452e-05,7.96142995e-05,1.14628056e-05,-0.524466753,0.250818014,0.130924493,-2.17656684,1.67904973,2.05749583,-1.01828742,1.08620107,4.13456e-05,0.214617267,1.33299983,1.33299983,1.33299983
8,-0.517479897,0.241941869,0.127330363,-2.17157507,1.65223801,2.05345058,-1.0226295,1.07617319,0.0181520041,0.154243693,1.32272339,1.32321668,1.32363725,0.0637064427,0.053004764,-0.214379519,-0.050033696,-0.332239747,-0.132860228,-0.148988977,-0.0574606955,0.177696466,-0.614956498,-1.54786394e-05,-4.08219057e-05,4.47034836e-08,-0.524466753,0.250818014,0.130924493,-2.17656684,1.67904973,2.05749583,-1.01828742,1.13084412,0.0799745023,0.0897067562,1.33299983,1.33299983,1.33299983
8.06666667,-0.512583435,0.247055367,0.111981414,-2.17712545,1.62242806,2.04541206,-1.03431463,1.08090019,0.0229415465,0.0893551633,1.32141244,1.32190681,1.32232261,0.0737853646,0.0942912474,-0.221834466,-0.0954227522,-0.402195543,-0.103952289,-0.206700146,-1.42691897e-05,-0.000179084658,-0.858317137,5.87092945e-05,0.000120455632,-1.00350007e-07,-0.524466753,0.250818014,0.130924493,-2.17656684,1.67904973,2.05749583,-1.01828742,1.24616504,0.101567,0,1.33299983,1.33299983,1.33299983
8.13333333,-0.508416355,0.254344821,0.0995723084,-2.18499732,1.5959276,2.04149985,-1.05162585,1.07668447,0.0240267534,0.0438409448,1.32136858,1.32186902,1.32228088,0.0494293906,0.122601651,-0.145571709,-0.118687518,-0.327510417,-0.0207301993,-0.28696087,-2.13602834e-06,-4.0748273e-05,-0.483902305,0.000115900577,3.01854452e-05,-5.29107638e-08,-0.524466753,0.250818014,0.130924493,-2.17656684,1.67904973,2.05749583,-1.01828742,1.13474381,0.088535063,0,1.33299983,1.33299983,1.33299983
8.2,-0.506211281,0.263723642,0.0931565613,-2.19327593,1.57728088,2.04031396,-1.07578158,1.07716155,0.0244717244,0.0207346957,1.32133877,1.32184005,1.32225013,0.0185619816,0.155023828,-0.0524189994,-0.110583961,-0.218621314,0.00370648364,-0.382586151,-2.15907494e-06,-9.52936243e-05,-0.225925624,3.17335944e-05,6.28745183e-05,-1.72294676e-08,-0.524466753,0.250818014,0.130924493,-2.17656684,1.67904973,2.05749583,-1.01828742,1.16845787,0.110784933,0,1.33299983,1.33299983,1.33299983
8.26666667,-0.506239235,0.275264502,0.0933002084,-2.19974256,1.55847001,2.04471207,-1.09713972,1.06528854,0.028253939,0.00962973107,1.32111824,1.32161999,1.32204151,-0.0127787506,0.182521746,0.0396068655,-0.0692069158,-0.242580533,0.0839312375,-0.280936569,-0.0748760849,0.0777910501,-0.10175883,0.000380088604,0.000775924884,1.19841134e-05,-0.524466753,0.250818014,0.130924493,-2.17656684,1.67904973,2.05749583,-1.01828742,1.06578875,0.128862932,0,1.33299983,1.33299983,1.33299983
8.33333333,-0.507023036,0.288259208,0.0962286592,-2.20231867,1.54215479,2.05149531,-1.11576295,1.07594812,0.0263889302,0.00378449587,1.32383442,1.32414556,1.32452118,-0.0120944008,0.197094575,0.0495607369,-0.00293974043,-0.195488796,0.109754503,-0.296606511,-1.81610812e-06,-0.0776991099,-0.559493005,0.137699306,0.129276097,0.12587136,-0.524466753,0.250818014,0.130924493,-2.17656684,1.67904973,2.05749583,-1.01828742,1.20498359,0.140319318,0,1.33299983,1.33299983,1.33299983
8.4,-0.508143127,0.301859409,0.100680344,-2.20105982,1.52767467,2.05815125,-1.13447917,1.07516801,0.0269055683,5.94331095e-06,1.33157873,1.33131933,1.33141041,-0.0189552121,0.206222013,0.0764012039,0.0537322424,-0.210895061,0.0842269808,-0.252254486,-1.95350003e-06,2.0668027e-05,0.00016193185,0.104203396,0.097614333,0.0931439027,-0.524466753,0.250818014,0.130924493,-2.17656684,1.67904973,2.05749583,-1.01828742,1.1723125,0.152859628,0,1.33299983,1.33299983,1.33299983
8.46666667,-0.509790778,0.316431999,0.107289985,-2.1959796,1.51833344,2.06284833,-1.15766704,1.07614279,0.0261596199,1.07749929e-05,1.33300006,1.33299994,1.33299994,-0.0254917666,0.223855704,0.106369726,0.103094123,-0.121901542,0.0571388192,-0.343614608,5.38166278e-05,-0.00148936361,-5.16389264e-07,0.000638592755,0.00103471719,0.000286900933,-0.524466753,0.250818014,0.130924493,-2.17656684,1.67904973,2.05749583,-1.01828742,1.22393239,0.129791588,0,1.33299983,1.33299983,1.33299983
8.53333333,-0.511928916,0.3317101,0.115821913,-2.18802261,1.50226676,2.07016754,-1.17216456,1.07770431,0.0256329495,-1.4564975e-08,1.33287334,1.33285797,1.33286369,-0.0335745141,0.227196097,0.1355986,0.141927823,-0.249125674,0.114542134,-0.175976381,-2.92391633e-07,0.001127864,4.84175189e-09,-4.19178978e-05,-8.52675876e-05,2.48197466e-07,-0.524466753,0.250818014,0.130924493,-2.17656684,1.67904973,2.05749583,-1.01828742,1.24616504,0.141405255,0,1.33299983,1.33299983,1.33299983
8.6,-0.513123393,0.346420884,0.122360446,-2.17732668,1.48147666,2.07772541,-1.18062997,1.07424474,0.0270865653,5.2860446e-06,1.33290768,1.33289099,1.33289862,-0.00590222375,0.210454956,0.0679259375,0.180930853,-0.323393226,0.0819824487,-0.0927217305,1.17913296e-05,0.00010819087,-8.03461298e-05,-2.90096505e-05,-6.93727052e-05,1.05490908e-05,-0.524466753,0.250818014,0.130924493,-2.17656684,1.67904973,2.05749583,-1.01828742,1.13425493,0.153741956,0,1.33299983,1.33299983,1.33299983
8.66666667,-0.513200879,0.359748811,0.126083106,-2.16568398,1.45638609,2.08328557,-1.1865443,1.0518986,0.0329773054,3.19899209e-06,1.33293903,1.33292544,1.33293355,0.0028940856,0.188779011,0.0448498055,0.177513614,-0.364886552,0.0611393675,-0.0569686815,-0.279459447,0.107459739,-1.3043973e-08,-2.20681541e-05,-4.78091242e-05,3.35002551e-06,-0.524466753,0.250818014,0.130924493,-2.17656684,1.67904973,2.05749583,-1.01828742,1.02695644,0.144596338,0,1.33299983,1.33299983,1.33299983
8.73333333,-0.513398588,0.370239288,0.129838765,-2.15886116,1.45745623,2.10225558,-1.19935834,1.01145792,0.0369047076,0.000931427698,1.33299971,1.33300078,1.33299887,0.00619031209,0.12802428,0.026259508,0.0481621139,0.0889461711,0.263123482,-0.214749068,-0.523706377,0.000214800122,5.56465238e-08,-0.00027395488,-0.00223245937,-0.000330045732,-0.524466753,0.250818014,0.130924493,-2.17656684,1.67904973,2.05749583,-1.01828742,0.943379998,0.106130518,0,1.33299983,1.33299983,1.33299983
8.8,-0.511983871,0.376418829,0.128435895,-2.1616323,1.47219574,2.11507225,-1.22800589,0.997701287,0.037313126,0.00098784687,1.33300018,1.33300042,1.3330003,0.0290527306,0.0622626245,-0.0494913869,-0.099962458,0.277962059,0.140712604,-0.514814496,-0.0808620974,3.08214221e-05,1.01630576e-07,-3.43751308e-05,-3.19903484e-05,-7.02291727e-05,-0.524466753,0.250818014,0.130924493,-2.17656684,1.67904973,2.05749583,-1.01828742,0.974704027,0.120542705,0,1.33299983,1.33299983,1.33299983
8.86666667,-0.510091901,0.377847552,0.124480911,-2.17322731,1.49470365,2.12277436,-1.26724994,0.993300319,0.0370203368,0.00105880632,1.33300006,1.33300006,1.33300018,0.0255667381,-0.0100192903,-0.0610946566,-0.217194989,0.375591218,0.0943334848,-0.617206216,-0.0623033457,5.67961833e-05,1.61235221e-07,-6.93689944e-05,-6.41863517e-05,-7.63393909e-05,-0.524466753,0.250818014,0.130924493,-2.17656684,1.67904973,2.05749583,-1.01828742,0.975216627,0.0920225382,0,1.33299983,1.33299983,1.33299983
8.93333333,-0.509376287,0.373350441,0.121895798,-2.1873455,1.52388871,2.12592649,-1.30542958,1.00420594,0.038483873,0.000115950083,1.3330003,1.33300006,1.3330003,-0.00329433451,-0.108866721,-0.0149779767,-0.212022185,0.410764486,0.0510623008,-0.539170325,0.155296594,-6.69792062e-05,2.77417712e-07,-9.89047039e-05,-1.53570891e-05,-0.000169767125,-0.524466753,0.250818014,0.130924493,-2.17656684,1.67904973,2.05749583,-1.01828742,1.02791512,0.0771788508,0,1.33299983,1.33299983,1.33299983
9,-0.51001817,0.36439243,0.121400274,-2.20274401,1.5489254,2.1329391,-1.34019911,1.02200866,0.0387300998,6.83854159e-05,1.33300006,1.3330003,1.33300006,-0.0132922074,-0.158622429,-0.00620473363,-0.249044225,0.362996131,0.104723014,-0.53237313,0.192999676,-0.0758961588,7.43137207e-07,-0.000640125247,-0.000918392325,-0.000394514675,-0.524466753,0.250818014,0.130924493,-2.17656684,1.67904973,2.05749583,-1.01828742,1.05713654,0.101558,0.00412914157,1.33299983,1.33299983,1.33299983
9.06666667,-0.512750566,0.353382379,0.125533655,-2.22099423,1.57811701,2.14429069,-1.37686181,1.05835438,0.0335426033,9.16422596e-06,1.33288038,1.33288145,1.33288121,-0.0609636679,-0.17511636,0.109078228,-0.282015562,0.489928752,0.175461352,-0.623739541,0.308624893,-0.167877346,0.00207992666,-0.000242263093,-0.000154207984,-0.000318365986,-0.524466753,0.250818014,0.130924493,-2.17656684,1.67904973,2.05749583,-1.01828742,1.13092458,0.0999921188,0,1.33299983,1.33299983,1.33299983
9.13333333,-0.519004941,0.341892451,0.138209611,-2.23983288,1.6109345,2.16042066,-1.4153533,1.07066107,0.0307298992,7.58304031e-06,1.33289814,1.33290124,1.33289635,-0.109609902,-0.192649916,0.220076889,-0.290452093,0.489930242,0.231075794,-0.538220346,0.0729653761,-0.0773516521,0.00105497718,-0.000104831597,-3.44964064e-05,-0.000167060047,-0.524466753,0.250818014,0.130924493,-2.17656684,1.67904973,2.05749583,-1.01828742,1.1294601,0.120093778,0,1.33299983,1.33299983,1.33299983
9.2,-0.528057873,0.329562455,0.157129735,-2.2601552,1.64730299,2.18027735,-1.4557904,1.08524299,0.02385596,5.90364971e-06,1.33289886,1.332901,1.33289897,-0.150635108,-0.187532544,0.316567063,-0.306958348,0.607306898,0.300707966,-0.69931078,-0.0925772712,-0.142875001,-0.000392393296,8.74336693e-05,0.000137737719,5.14694984e-05,-0.524466753,0.250818014,0.130924493,-2.17656684,1.67904973,2.05749583,-1.01828742,1.24616504,0.121846482,0,1.33299983,1.33299983,1.33299983
9.26666667,-0.539456725,0.318826318,0.181939691,-2.27822495,1.68375373,2.2071228,-1.49213517,1.08459032,0.0236636084,1.22466508e-06,1.33222461,1.33221233,1.33223689,-0.181805462,-0.147765443,0.401818007,-0.238042876,0.563984454,0.419534743,-0.51661557,-1.39425829e-05,-6.15041208e-05,7.34154964e-05,7.31184264e-06,3.46713932e-05,-1.88488048e-05,-0.524466753,0.250818014,0.130924493,-2.17656684,1.67904973,2.05749583,-1.01828742,1.24616504,0.125681177,0,1.33299983,1.33299983,1.33299983
9.33333333,-0.551504612,0.309740454,0.208480254,-2.29120827,1.71360767,2.23890638,-1.51644576,1.08853006,0.025461968,6.45595674e-06,1.33089709,1.33088052,1.33091021,-0.179041401,-0.136946276,0.390754074,-0.160496116,0.43973574,0.465024501,-0.339710057,-5.73994184e-05,-0.000172920467,0.000266782532,-5.15697175e-05,6.06093381e-05,-0.000152752618,-0.524466753,0.250818014,0.130924493,-2.17656684,1.67904973,2.05749583,-1.01828742,1.24616504,0.134093761,0,1.33299983,1.33299983,1.33299983
9.4,-0.561094165,0.303925425,0.230488271,-2.30046868,1.74444032,2.27287412,-1.54621887,1.08567667,0.0235568136,-5.16320497e-08,1.33091903,1.33077538,1.3308903,-0.11708907,-0.053933993,0.286840707,-0.110537201,0.571579814,0.447465897,-0.477205276,0.169401318,0.144232333,0.00678682281,0.0772015229,0.0752357468,0.0732231438,-0.524466753,0.250818014,0.130924493,-2.17656684,1.67904973,2.05749583,-1.01828742,1.24616504,0.147801369,0,1.33299983,1.33299983,1.33299983
9.46666667,-0.566125274,0.302127182,0.243701085,-2.30758309,1.77645648,2.30052447,-1.58006978,1.08554959,0.0243304949,1.75014156e-05,1.33174193,1.33160114,1.33072305,-0.054328002,-0.045526132,0.136017352,-0.0849181488,0.486986279,0.296048015,-0.485698342,-2.39726796e-05,5.10991085e-05,0.000960330362,-0.000118521595,-8.76542472e-05,-0.00013955147,-0.524466753,0.250818014,0.130924493,-2.17656684,1.67904973,2.05749583,-1.01828742,1.24616504,0.158938795,0,1.33299983,1.33299983,1.33299983
9.53333333,-0.571045518,0.294342488,0.252121896,-2.31822109,1.8058219,2.31401777,-1.61242306,1.08741128,0.0262943078,1.29559812e-05,1.3309238,1.33081079,1.33001006,-0.0923480615,-0.162569091,0.135802165,-0.193696499,0.46363306,0.171726897,-0.494480491,0.0484012552,-1.19277975e-05,0.000954257266,-0.000176940521,-7.86148448e-05,-0.000255083345,-0.524466753,0.250818014,0.130924493,-2.17656684,1.67904973,2.05749583,-1.01828742,1.24616504,0.167987958,0,1.33299983,1.33299983,1.33299983
9.6,-0.578392744,0.284826905,0.264728934,-2.33044696,1.84044802,2.33065867,-1.64751232,1.0885241,0.0284182485,1.50423748e-05,1.33135283,1.33123291,1.33044291,-0.131205007,-0.153750479,0.226476416,-0.196847767,0.544161677,0.218720078,-0.524557531,0.042527549,-4.13025264e-05,0.00190486724,-0.000319781713,-0.000133859037,-0.000473026128,-0.524466753,0.250818014,0.130924493,-2.17656684,1.67904973,2.05749583,-1.01828742,1.24616504,0.175340399,0,1.33299983,1.33299983,1.33299983
9.66666667,-0.588220477,0.275465667,0.28273052,-2.34281564,1.87976074,2.34859133,-1.68667185,1.07827926,0.0302680377,1.38250525e-05,1.33099186,1.33087778,1.3301295,-0.167382434,-0.157865286,0.297448725,-0.195326447,0.587995887,0.236754596,-0.548727036,-0.00010304898,-3.55389784e-05,0.000426611572,-0.00019226424,-8.46365001e-05,-0.000324579771,-0.524466753,0.250818014,0.130924493,-2.17656684,1.67904973,2.05749583,-1.01828742,1.1406821,0.18131426,0,1.33299983,1.33299983,1.33299983
9.73333333,-0.59923321,0.265558839,0.302352607,-2.35513926,1.92140472,2.36779714,-1.72881186,1.04978979,0.038167797,0.000964323757,1.33170843,1.33163047,1.33092248,-0.169845715,-0.158840209,0.291192979,-0.188291579,0.633066177,0.257325172,-0.577122688,-0.24896279,0.15521881,0.0680168718,0.0001646686,0.000282975903,4.93876287e-05,-0.524466753,0.250818014,0.130924493,-2.17656684,1.67904973,2.05749583,-1.01828742,1.03217852,0.18616803,0.0154438317,1.33299983,1.33299983,1.33299983
9.8,-0.609259367,0.255924284,0.319147468,-2.36795545,1.96593308,2.38396502,-1.77653193,1.01514041,0.043267943,3.02817693e-06,1.3317306,1.33165777,1.3310169,-0.143804148,-0.146070123,0.229012057,-0.201580077,0.668753266,0.181727603,-0.724894583,-0.461547375,0.400719523,0.000567315146,-0.000114843482,-0.000150597829,-8.34375678e-05,-0.524466753,0.250818014,0.130924493,-2.17656684,1.67904973,2.05749583,-1.01828742,0.944019318,0.186799303,0,1.33299983,1.33299983,1.33299983
9.86666667,-0.617990077,0.250336736,0.336394846,-2.37606645,2.01774001,2.39865685,-1.8258642,1.01241612,0.0405403562,0.0328621119,1.33222306,1.33230484,1.33247983,-0.136461928,-0.0798899531,0.271112084,-0.0891345665,0.736090541,0.190189391,-0.71548593,1.21159246e-06,-0.146511152,0.521228135,-5.91337448e-06,-1.00004836e-05,3.89991328e-09,-0.524466753,0.250818014,0.130924493,-2.17656684,1.67904973,2.05749583,-1.01828742,1.00076461,0.190624624,0.0900858939,1.33299983,1.33299983,1.33299983
9.93333333,-0.628296852,0.245804414,0.357300878,-2.38004112,2.06031203,2.41742802,-1.86480558,1.02560294,0.0399687476,0.0648457631,1.33113182,1.33121634,1.3314327,-0.171948269,-0.0722067356,0.344529837,-0.0450166091,0.627657354,0.287986696,-0.554056883,0.21312888,4.66372294e-05,0.418024659,-2.34133913e-05,-3.54965741e-05,8.00064299e-08,-0.524466753,0.250818014,0.130924493,-2.17656684,1.67904973,2.05749583,-1.01828742,1.07162881,0.176281109,0.11181064,1.33299983,1.33299983,1.33299983
10,-0.639914274,0.24181056,0.38096875,-2.38050842,2.09739232,2.44257402,-1.8981874,1.0139941,0.0397869013,0.09912429,1.32967758,1.32975137,1.32998908,-0.176358774,-0.0620844774,0.355421513,0.0114494888,0.55618763,0.372311503,-0.476570755,-0.146351442,-5.10345271e-05,0.432899207,1.89539278e-05,3.58136895e-05,-6.03613444e-08,-0.524466753,0.250818014,0.130924493,-2.17656684,1.67904973,2.05749583,-1.01828742,0.976072669,0.170006052,0.149904937,1.33299983,1.33299983,1.33299983
10.0666667,-0.65118587,0.238578334,0.403473347,-2.37945008,2.1236999,2.47407627,-1.92194819,0.979501903,0.0402737334,0.0874481872,1.32785642,1.32792175,1.32820189,-0.155503035,-0.0477877036,0.308720231,0.0238490887,0.428480655,0.439467311,-0.336273372,-0.416438729,-1.97039626e-05,-0.107495494,4.29967477e-05,7.57186499e-05,-1.420849e-07,-0.524466753,0.250818014,0.130924493,-2.17656684,1.67904973,2.05749583,-1.01828742,0.898433328,0.176980108,0.0826850086,1.33299983,1.33299983,1.33299983
10.1333333,-0.660194576,0.23605746,0.421934813,-2.37877297,2.16028714,2.49685788,-1.95884717,0.939991832,0.0450325608,0.11404556,1.32968986,1.3298142,1.33011842,-0.126384392,-0.0371137746,0.258236349,0.00442281226,0.597093642,0.278715014,-0.604496598,-0.510456085,0.242445663,0.362874687,0.000151750573,0.000317599857,-2.88739102e-07,-0.524466753,0.250818014,0.130924493,-2.17656684,1.67904973,2.05749583,-1.01828742,0.858293116,0.182646528,0.155409873,1.33299983,1.33299983,1.33299983
10.2,-0.665333509,0.234628543,0.43375814,-2.37860656,2.20864439,2.51101375,-2.01087832,0.899357617,0.0422940888,0.176428869,1.33004248,1.33020103,1.33055711,-0.0878292471,-0.0326636247,0.18195577,-0.0317606628,0.743260086,0.115940228,-0.778452039,-0.447938383,-0.298922002,0.579194665,-0.000183375203,-0.000387695618,4.3422915e-07,-0.524466753,0.250818014,0.130924493,-2.17656684,1.67904973,2.05749583,-1.01828742,0.833987832,0.182816654,0.291490912,1.33299983,1.33299983,1.33299983
10.2666667,-0.672196925,0.230365142,0.445330262,-2.38237309,2.25657821,2.51785088,-2.06104589,0.887685716,0.0434155762,0.230767637,1.33018088,1.33034706,1.3307184,-0.108595118,-0.0663788021,0.185112625,-0.0455481596,0.77477169,0.0860974714,-0.780760407,-0.0917785242,0.00430282671,0.653960109,0.000307589769,-0.00216848031,2.32869061e-05,-0.524466753,0.250818014,0.130924493,-2.17656684,1.67904973,2.05749583,-1.01828742,0.878848672,0.187388718,0.343220711,1.33299983,1.33299983,1.33299983
10.3333333,-0.677398026,0.229043096,0.456494093,-2.38567114,2.3079257,2.52604747,-2.11860418,0.86436379,0.0449080728,0.241395652,1.33089018,1.33103609,1.3314414,-0.0866125077,-0.03571143,0.159126461,-0.0960842296,0.740602732,0.0719801635,-0.82085979,-0.31626913,-0.08712098,0.0854986161,-0.000328724884,-0.00069289672,5.85394446e-07,-0.524466753,0.250818014,0.130924493,-2.17656684,1.67904973,2.05749583,-1.01828742,0.819438815,0.170517877,0.263051271,1.33299983,1.33299983,1.33299983
10.4,-0.685194135,0.223718241,0.46764496,-2.39259458,2.35389185,2.53048921,-2.17045259,0.833843887,0.0446906425,0.269643873,1.33097744,1.33113599,1.33155823,-0.0744902417,-0.0625782311,0.114263192,-0.054766424,0.794063151,0.0419061035,-0.819894135,-0.175845385,-0.0162059441,0.33085075,0.107373774,0.107307941,0.106121056,-0.524466753,0.250818014,0.130924493,-2.17656684,1.67904973,2.05749583,-1.01828742,0.771168351,0.17739597,0.331213027,1.33299983,1.33299983,1.33299983
10.4666667,-0.691708565,0.220976591,0.478601128,-2.39808869,2.39689207,2.53726649,-2.22125459,0.813522816,0.0396256968,0.272746265,1.33132482,1.33148468,1.33189631,-0.1036814,-0.0294831377,0.185080424,-0.0844957754,0.628485441,0.11224781,-0.737065494,-0.199265182,0.000544582028,0.119858526,-0.000122931757,-0.000357706565,9.96955496e-05,-0.524466753,0.250818014,0.130924493,-2.17656684,1.67904973,2.05749583,-1.01828742,0.731948555,0.182984412,0.296936721,1.33299983,1.33299983,1.33299983
10.5333333,-0.698971033,0.216399342,0.489327759,-2.40632105,2.44700956,2.53520012,-2.27453279,0.785821378,0.0361111388,0.284009725,1.33265626,1.33259416,1.3325752,-0.10274601,-0.0743863061,0.142804086,-0.14177233,0.775731504,-0.0848072842,-0.792145491,-0.351547122,-0.133164346,0.271520793,-5.09574311e-05,-0.000109905377,-4.79607843e-06,-0.524466753,0.250818014,0.130924493,-2.17656684,1.67904973,2.05749583,-1.01828742,0.700082481,0.167006373,0.346850038,1.33299983,1.33299983,1.33299983
10.6,-0.706122696,0.21169576,0.49892664,-2.41746235,2.49193525,2.52860355,-2.31834769,0.764933407,0.0367768817,0.262410402,1.33183765,1.33177316,1.33176601,-0.0942575932,-0.0748975426,0.115056723,-0.179901853,0.688049257,-0.153416052,-0.646285892,-0.212069452,0.144542262,-0.18803966,3.59210535e-05,6.33497839e-05,-6.99074008e-08,-0.524466753,0.250818014,0.130924493,-2.17656684,1.67904973,2.05749583,-1.01828742,0.674191296,0.174304932,0.255123883,1.33299983,1.33299983,1.33299983
10.6666667,-0.709094405,0.208010569,0.501692057,-2.43148589,2.5386529,2.51113653,-2.3558805,0.750407517,0.0338055827,0.253933966,1.33181834,1.33174741,1.33174551,-0.0246329885,-0.0457738638,0.0127772102,-0.218348816,0.687577188,-0.338578403,-0.498761386,-0.0679221973,-0.0239966214,6.51925802e-09,-0.000143688871,-0.000363068539,4.02015285e-05,-0.524466753,0.250818014,0.130924493,-2.17656684,1.67904973,2.05749583,-1.01828742,0.655301571,0.165436372,0.270055234,1.33299983,1.33299983,1.33299983
10.7333333,-0.708189249,0.205880016,0.498372823,-2.4478271,2.58013082,2.48402786,-2.38374233,0.739902675,0.0326407291,0.24603191,1.33179283,1.33171821,1.33171642,0.0298588555,-0.0194264557,-0.067269899,-0.257158726,0.616739869,-0.472915024,-0.362532616,4.10024077e-05,-0.0901845843,-3.32016498e-07,0.000143282232,8.64388421e-05,0.000158690265,-0.524466753,0.250818014,0.130924493,-2.17656684,1.67904973,2.05749583,-1.01828742,0.637806833,0.17326723,0.258303046,1.33299983,1.33299983,1.33299983
10.8,-0.704724193,0.20501326,0.491780043,-2.46340656,2.62074256,2.45158792,-2.40713263,0.742570639,0.0291436817,0.289419025,1.3329531,1.33294988,1.33296824,0.0513321199,-0.010050999,-0.096533142,-0.22279948,0.556035042,-0.477819085,-0.285783589,0.102484278,-9.24854539e-05,0.603937328,0.00179501565,-0.00108780479,-0.00140686915,-0.524466753,0.250818014,0.130924493,-2.17656684,1.67904973,2.05749583,-1.01828742,0.68972373,0.156953201,0.375091612,1.33299983,1.33299983,1.33299983
10.8666667,-0.700514376,0.205475762,0.484990925,-2.47832704,2.65556288,2.41940999,-2.4277792,0.742707312,0.0269996133,0.30932799,1.33292735,1.33291936,1.33293784,0.0714542791,0.012171464,-0.112386838,-0.237141907,0.502199888,-0.501808226,-0.287123859,0.036039073,-0.111586109,0.216258928,-5.8898353e-05,-0.000136766001,1.23842619e-05,-0.524466753,0.250818014,0.130924493,-2.17656684,1.67904973,2.05749583,-1.01828742,0.665774822,0.144131929,0.367022514,1.33299983,1.33299983,1.33299983
10.9333333,-0.696207047,0.206185251,0.478037477,-2.4964447,2.68563104,2.38414145,-2.44674301,0.740425825,0.029664835,0.284054518,1.33263314,1.33262455,1.33264387,0.0512287989,0.00597643014,-0.0822021738,-0.295516312,0.465216398,-0.572743177,-0.286490142,-0.168932304,0.0001220298,-0.29354915,-3.49724432e-05,-8.89248913e-05,3.08500603e-08,-0.524466753,0.250818014,0.130924493,-2.17656684,1.67904973,2.05749583,-1.01828742,0.64631629,0.155957386,0.27651304,1.33299983,1.33299983,1.33299983
11,-0.691522121,0.207265556,0.471297532,-2.51514888,2.72077823,2.34445763,-2.46722746,0.73465687,0.0273670033,0.298572361,1.33253253,1.33249593,1.33256471,0.0686301589,0.0292633269,-0.0843365937,-0.260704517,0.517143905,-0.598652303,-0.281610757,0.0826888978,0.000107733533,0.286870658,-3.36549128e-05,-7.88567704e-05,1.42725185e-07,-0.524466753,0.250818014,0.130924493,-2.17656684,1.67904973,2.05749583,-1.01828742,0.630506277,0.150359109,0.346679986,1.33299983,1.33299983,1.33299983
11.0666667,-0.685908139,0.209987223,0.464548647,-2.5309298,2.75464439,2.30554271,-2.48658371,0.734008372,0.0235877242,0.328340888,1.33199298,1.33202708,1.33208227,0.0826808959,0.0512892231,-0.089091748,-0.216699079,0.47661671,-0.554301143,-0.254840851,-0.0446450636,-0.000258562155,0.397976249,0.00013330474,0.000218634261,3.94680537e-05,-0.524466753,0.250818014,0.130924493,-2.17656684,1.67904973,2.05749583,-1.01828742,0.617660582,0.137793079,0.410574436,1.33299983,1.33299983,1.33299983
11.1333333,-0.679634154,0.213592023,0.457101345,-2.54686332,2.78271627,2.26725936,-2.50268698,0.734778583,0.0237297527,0.324155718,1.33252406,1.33256805,1.33264637,0.0964541286,0.0732611716,-0.0982818976,-0.236167341,0.411177754,-0.591111183,-0.243130609,-0.0540560149,-0.000902544358,-5.84870577e-07,0.000261280104,0.000276761624,0.000228227174,-0.524466753,0.250818014,0.130924493,-2.17656684,1.67904973,2.05749583,-1.01828742,0.607223511,0.099539414,0.337703854,1.33299983,1.33299983,1.33299983
11.2,-0.672518611,0.218838155,0.44923088,-2.56313682,2.80649304,2.2267909,-2.51629972,0.735165179,0.0243790783,0.31231305,1.33182478,1.33187103,1.33196557,0.166127995,0.0998868197,-0.245908827,-0.194652408,-0.000167385209,-0.591280282,0.0345588438,0.042121578,-2.49829609e-05,-0.124584921,-0.0992350876,-0.0989355966,-0.0981595442,-0.524466753,0.250818014,0.130924493,-2.17656684,1.67904973,2.05749583,-1.01828742,0.59874332,0.119725958,0.322350413,1.33299983,1.33299983,1.33299983
11.2666667,-0.660352588,0.226822615,0.430948794,-2.57584524,2.80649924,2.183604,-2.51615644,0.732259929,0.0238745511,0.33026737,1.32939219,1.32951093,1.32969618,0.196965352,0.148982212,-0.290643424,-0.16149959,-0.000551923935,-0.691111684,-0.0299713425,-0.146221831,-0.00214647618,0.119436383,-1.25798397e-06,-3.36003723e-05,1.91724394e-05,-0.524466753,0.250818014,0.130924493,-2.17656684,1.67904973,2.05749583,-1.01828742,0.591853261,0.118344054,0.388570607,1.33299983,1.33299983,1.33299983
11.3333333,-0.645596385,0.239340007,0.409213454,-2.58358264,2.80649281,2.13780761,-2.51731133,0.724748373,0.0173610058,0.357497782,1.32927001,1.32937944,1.32957733,0.20628199,0.195774302,-0.304683149,-0.0889330581,-0.000509372447,-0.656093836,0.0102363303,5.1821844e-06,-0.104482897,0.520325243,-0.00334300008,-0.000465182355,2.3596338e-05,-0.524466753,0.250818014,0.130924493,-2.17656684,1.67904973,2.05749583,-1.01828742,0.586255074,0.124379486,0.460241169,1.33299983,1.33299983,1.33299983
11.4,-0.634403348,0.250929236,0.3918733,-2.59069228,2.80648971,2.09672785,-2.51665163,0.724289298,0.0177676175,0.377381325,1.32924449,1.32932818,1.32959116,0.137790725,0.168700919,-0.217586249,-0.102475755,-0.00106103579,-0.601690829,0.0177049655,9.97781754e-05,0.000456658192,0.254162282,0.00054283085,-0.00733805913,-0.00055334589,-0.524466753,0.250818014,0.130924493,-2.17656684,1.67904973,2.05749583,-1.01828742,0.581706464,0.139908507,0.449002683,1.33299983,1.33299983,1.33299983
11.4666667,-0.625580132,0.262548715,0.377414405,-2.59756112,2.80649567,2.05733252,-2.51771474,0.724350393,0.0168780312,0.391645938,1.32921362,1.32928932,1.32957876,0.115272589,0.182691008,-0.188007012,-0.0853144228,-0.000298545463,-0.592502356,-0.0193814915,-0.0299731418,0.00122642703,0.184695035,4.99208691e-05,5.70592238e-05,3.47935129e-05,-0.524466753,0.250818014,0.130924493,-2.17656684,1.67904973,2.05749583,-1.01828742,0.578010798,0.103797376,0.442934483,1.33299983,1.33299983,1.33299983
11.5333333,-0.618710935,0.274382412,0.36560604,-2.60546231,2.80649066,2.01812911,-2.52015591,0.724255443,0.0169665609,0.389270604,1.32927406,1.32935596,1.32963538,0.0849773809,0.184574291,-0.147655845,-0.117135793,0.000149529427,-0.60072577,-0.0342140757,6.26066612e-05,-0.000294205267,-4.22354788e-07,0.000182056188,0.000112997368,0.0002346767,-0.524466753,0.250818014,0.130924493,-2.17656684,1.67904973,2.05749583,-1.01828742,0.575008035,0.102654696,0.413501263,1.33299983,1.33299983,1.33299983
11.6,-0.612850308,0.287833661,0.354403406,-2.6119535,2.80649924,1.97726905,-2.52358699,0.719813585,0.0117571643,0.400656492,1.32934356,1.3294425,1.32972145,0.0735141262,0.216880947,-0.146392211,-0.0678392947,-0.000669743633,-0.618109524,-0.043025963,-0.106988437,0.000228910707,0.187412813,-6.81383535e-05,-0.000163220568,6.27222471e-06,-0.524466753,0.250818014,0.130924493,-2.17656684,1.67904973,2.05749583,-1.01828742,0.572568297,0.0971715227,0.468667448,1.33299983,1.33299983,1.33299983
11.6666667,-0.608730674,0.301312953,0.34552002,-2.61879683,2.80648923,1.93779624,-2.52727294,0.717470646,0.0169896595,0.399315119,1.32942724,1.32952917,1.32981992,0.0508727916,0.21865356,-0.109105527,-0.0805122778,-0.000930893002,-0.581495464,-0.109118626,-0.266714871,-0.000484541059,0.00457688421,0.000427273859,0.000351473805,0.000457802205,-0.524466753,0.250818014,0.130924493,-2.17656684,1.67904973,2.05749583,-1.01828742,0.570586026,0.117802054,0.432670951,1.33299983,1.33299983,1.33299983
11.7333333,-0.604841769,0.316567719,0.337513208,-2.62578893,2.80648923,1.8979615,-2.53194571,0.718134761,0.0156082474,0.376857102,1.32949913,1.32960129,1.32988894,0.0488287322,0.247264296,-0.0976376235,-0.0959233642,-0.00245268689,-0.608088374,-0.0640794039,0.063694708,-0.00112942606,-0.220018014,0.000317239843,0.000670353591,-6.03264198e-07,-0.524466753,0.250818014,0.130924493,-2.17656684,1.67904973,2.05749583,-1.01828742,0.568975389,0.118880242,0.377230942,1.33299983,1.33299983,1.33299983
11.8,-0.600980341,0.333991945,0.329403311,-2.63282394,2.80649638,1.85443187,-2.53936267,0.712009907,0.0161457378,0.358814061,1.33068991,1.33079076,1.33105254,0.0401626416,0.288710266,-0.0898438394,-0.0683958679,-0.00193658669,-0.672681868,-0.106282383,-0.225416631,0.0236863829,-0.266988188,0.0676887929,0.0660408959,0.0618606918,-0.524466753,0.250818014,0.130924493,-2.17656684,1.67904973,2.05749583,-1.01828742,0.567666769,0.0985048935,0.367541373,1.33299983,1.33299983,1.33299983
11.8666667,-0.599413514,0.352173179,0.323190004,-2.6366353,2.80649281,1.81091177,-2.5490942,0.703675508,0.0139263598,0.375583321,1.33282554,1.33283103,1.33276939,-0.0129457004,0.261523932,-0.0393411107,-0.0203218143,1.78972259e-05,-0.598299146,-0.10944511,0.144990802,-0.122544356,0.300400555,4.27911291e-05,3.43505526e-05,3.81475547e-05,-0.524466753,0.250818014,0.130924493,-2.17656684,1.67904973,2.05749583,-1.01828742,0.566603541,0.103300884,0.440503955,1.33299983,1.33299983,1.33299983
11.9333333,-0.59890449,0.368755937,0.318680972,-2.64042306,2.80648613,1.77241576,-2.55554485,0.706875086,0.0169383306,0.374711871,1.3329109,1.33291447,1.33285058,0.0107458476,0.257475644,-0.0608332679,-0.0495408587,0.00113168824,-0.562097847,-0.0580096543,0.155619547,-0.0231114272,0.0648310557,-7.59938266e-05,-0.000169844134,8.03847797e-08,-0.524466753,0.250818014,0.130924493,-2.17656684,1.67904973,2.05749583,-1.01828742,0.565739691,0.122782156,0.399018526,1.33299983,1.33299983,1.33299983
12,-0.597220302,0.387763619,0.313240767,-2.64255309,2.80648875,1.73263896,-2.56432199,0.693531573,0.0175652429,0.38412413,1.33300102,1.33300102,1.33299839,0.0331595354,0.306120068,-0.087521933,-0.0239127036,-0.0010876283,-0.633465409,-0.106600478,-0.142204419,-2.63443217e-05,0.200681373,0.000876176404,0.000430070184,0.00126804295,-0.524466753,0.250818014,0.130924493,-2.17656684,1.67904973,2.05749583,-1.01828742,0.565037727,0.119425535,0.443384647,1.33299983,1.33299983,1.33299983
12.0666667,-0.595874906,0.407247394,0.308363944,-2.64363694,2.80648136,1.69203961,-2.571208,0.694105327,0.0126835741,0.396940112,1.33265793,1.33267808,1.33270884,-0.00495695556,0.261795819,-0.0456121564,-0.0296109766,0.0111771524,-0.638501883,-0.0229480434,0.308018237,-0.0890610442,0.344245851,0.0597335286,0.0586791933,0.0574475266,-0.524466753,0.250818014,0.130924493,-2.17656684,1.67904973,2.05749583,-1.01828742,0.56446743,0.123248622,0.459506512,1.33299983,1.33299983,1.33299983
12.1333333,-0.596508026,0.423788607,0.306838125,-2.64537096,2.80648589,1.65961337,-2.58241534,0.697728455,0.0158071071,0.390394777,1.332775,1.33279657,1.3328259,-0.0227081943,0.248353779,0.00192587683,-0.017143866,2.64860282e-05,-0.458761126,-0.165348932,0.0269210469,-0.000412403606,-0.0760818347,-4.55079135e-06,9.52471746e-05,-0.000135962735,-0.524466753,0.250818014,0.130924493,-2.17656684,1.67904973,2.05749583,-1.01828742,0.564004064,0.138989702,0.412998557,1.33299983,1.33299983,1.33299983
12.2,-0.594771743,0.433521897,0.302720219,-2.64260364,2.80400062,1.65071797,-2.5737462,0.730807662,9.48045482e-08,0.381386161,1.32619417,1.32596087,1.32569706,0.0677883849,0.0576549023,-0.123107694,0.067913115,-0.0847224221,0.0224700216,0.300875008,0.355274618,-6.1118044e-10,-0.115067929,-0.0898905545,-0.0932365209,-0.0975034535,-0.594284654,0.428043425,0.303758323,-2.64193392,2.80188775,1.65813375,-2.56911445,0.706183791,0.0154068395,0.382689565,1.33299983,1.33299983,1.33299983
12.2666667,-0.588672459,0.437216431,0.291550934,-2.63583827,2.79214549,1.6539979,-2.54384613,0.740664005,-2.25955159e-06,0.366587728,1.32375753,1.32340932,1.32200003,0.107761182,0.0980409756,-0.221572831,0.137173608,-0.258722335,0.0380224735,0.596449435,0.0605929531,-0.000203833333,-0.240291268,8.02396753e-05,0.000156975308,-1.80021743e-07,-0.588153422,0.43977645,0.295177668,-2.63238525,2.78897309,1.65408981,-2.53228283,0.729500055,0.0143145844,0.361441761,1.33299983,1.33299983,1.33299983
12.3333333,-0.581502199,0.449164718,0.274675876,-2.6248827,2.77004647,1.65173042,-2.49081755,0.752704859,-2.10337043e-06,0.347581834,1.32375062,1.32340252,1.32197833,0.119773164,0.274740726,-0.276605308,0.209463745,-0.356283247,-0.103070997,0.951669216,0.187350512,-0.000188293372,-0.280360013,6.1812927e-05,0.000113664864,-1.62632205e-07,-0.578922927,0.457440495,0.282084405,-2.61786914,2.76906252,1.64807522,-2.47652578,0.764602602,0.0126931621,0.329453409,1.33299983,1.33299983,1.33299983
12.4,-0.57276094,0.472201347,0.254828334,-2.60853863,2.74440694,1.64113891,-2.41636229,0.771695614,-3.4718496e-06,0.323248178,1.32371831,1.32337093,1.32192194,0.145662427,0.39609012,-0.322490841,0.270755887,-0.413783163,-0.199356794,1.25313616,0.368798912,-0.000252212165,-0.440710634,-0.000273837708,7.77059176e-05,-1.21770427e-07,-0.567401648,0.479488254,0.265466809,-2.59953022,2.74347639,1.64068258,-2.40644956,0.808416724,0.0107053919,0.289526254,1.33299983,1.33299983,1.33299983
12.4666667,-0.56231916,0.50026077,0.233537719,-2.58825898,2.71452689,1.62938178,-2.32852006,0.801603913,0.000232712729,0.29055959,1.32346165,1.32304835,1.32157946,0.18331778,0.454363942,-0.295741379,0.364713341,-0.437387615,-0.111577213,1.3352536,0.524835885,0.0799257606,-0.483579427,3.79962148e-05,6.86894055e-05,-0.000246614596,-0.55439806,0.504372537,0.246313035,-2.57851195,2.71353459,1.63250482,-2.3266592,0.857867718,0.00851409696,0.244462311,1.33299983,1.33299983,1.33299983
12.5333333,-0.547413826,0.531764805,0.214340106,-2.56010556,2.68531084,1.62395716,-2.23995256,0.842068076,0.00312661543,0.254082948,1.32413876,1.32371485,1.32223034,0.246475101,0.467749417,-0.279701114,0.428187639,-0.525648355,-0.0746385157,1.30994928,0.667432189,0.0776244774,-0.531459451,0.000687598716,0.00144786201,-1.53924339e-06,-0.540720761,0.530546248,0.225611389,-2.55595899,2.68055773,1.62413561,-2.24176121,0.909880996,0.00628209719,0.197063476,1.33299983,1.33299983,1.33299983
12.6,-0.531119585,0.560800731,0.196595043,-2.53142595,2.65113902,1.61748898,-2.15385771,0.888984025,0.00390610122,0.213273093,1.32748067,1.3270551,1.32554317,0.240850762,0.389530599,-0.258501947,0.373079032,-0.598731458,-0.108893476,1.25842643,0.725296557,0.00070970197,-0.605246305,-0.000202722644,-0.000459245581,1.82888471e-07,-0.527178228,0.55646199,0.204350039,-2.53301501,2.64586568,1.61616731,-2.15636063,0.961381733,0.00417221291,0.150131583,1.33299983,1.33299983,1.33299983
12.6666667,-0.51565063,0.583931804,0.180961519,-2.50920367,2.61244726,1.60916984,-2.07252979,0.937886894,0.00396789145,0.17122817,1.32743287,1.32700872,1.32548213,0.223896623,0.312127948,-0.216250673,0.304187596,-0.564110339,-0.121162698,1.17591071,0.72306788,0.000241882313,-0.624788344,3.70016787e-05,6.88359141e-05,-1.99361239e-07,-0.514578938,0.580572784,0.183517262,-2.51082468,2.61077905,1.60919344,-2.07506394,1.00929546,0.00234726444,0.106468603,1.33299983,1.33299983,1.33299983
12.7333333,-0.50681752,0.600564361,0.160319,-2.49108124,2.58123159,1.5981226,-1.9971689,0.983663559,0.0028388449,0.130375296,1.33299267,1.33300006,1.33229923,0.0873782188,0.235881239,-0.280890465,0.293466747,-0.550428867,-0.0840778276,1.04835486,0.654612064,0.000390730274,-0.602330387,-1.16594492e-06,-2.71546651e-06,3.93738446e-08,-0.50373143,0.601331174,0.164101243,-2.49053192,2.57661796,1.60380661,-2.00247622,1.05054724,0.000970072986,0.0688764006,1.33299983,1.33299983,1.33299983
12.8,-0.500271618,0.615175188,0.141842961,-2.4719615,2.54641461,1.59320974,-1.93501234,1.02431011,0.0029489852,0.0923636258,1.33286119,1.33299971,1.33219397,0.101617575,0.182299152,-0.281322867,0.253806353,-0.506488562,-0.0935890824,0.821732581,0.564311206,0.000736614049,-0.536124408,1.25815859e-05,0.000633670366,2.29798025e-06,-0.495444179,0.617190123,0.147090212,-2.47328067,2.54470277,1.60060024,-1.94320369,1.08206272,0.000203458971,0.0401568934,1.33299983,1.33299983,1.33299983
12.8666667,-0.4953008,0.6259799,0.127414301,-2.45625567,2.51744318,1.59179926,-1.89177489,1.05717981,0.00277973432,0.0601179339,1.33289802,1.3330003,1.33300042,0.0687864572,0.136028573,-0.183907852,0.21197696,-0.406931996,0.0390889272,0.517858684,0.434253961,0.000106831329,-0.429611266,2.53954204e-06,-5.11959588e-05,1.33647518e-07,-0.490267456,0.627096534,0.133135527,-2.45996857,2.51575541,1.60006762,-1.90030503,1.10174918,9.99999975e-05,0.0222169328,1.33299983,1.33299983,1.33299983
12.9333333,-0.491320163,0.631943882,0.11524301,-2.44417048,2.49053741,1.59406829,-1.86158204,1.0800364,0.00186950574,0.036836423,1.3329556,1.33300018,1.33300042,0.0535392538,0.0587024875,-0.175264001,0.16329819,-0.412149549,0.0624465086,0.352192938,0.0531382561,0.00841832161,-0.295176029,0.000338233134,0.000639891427,1.20648729e-05,-0.487055868,0.633242428,0.12072891,-2.44957852,2.48700666,1.60182786,-1.86687028,1.11396253,9.99999975e-05,0.011087155,1.33299983,1.33299983,1.33299983
13,-0.488586038,0.634510517,0.104355007,-2.43406844,2.46234012,1.59980989,-1.83842528,1.08077371,6.13741668e-06,0.016740242,1.33300149,1.33300114,1.33300149,0.0256445725,0.0255151447,-0.145495519,0.131872967,-0.410916179,0.0933726877,0.32885468,-1.07001688e-06,0.000559170789,-0.355285317,-1.68716797e-05,-3.33143398e-05,-1.01880141e-06,-0.485326588,0.636551738,0.109307751,-2.44127369,2.45789623,1.6054095,-1.84024668,1.12053883,0.000100000005,0.00509419572,1.33299983,1.33299983,1.33299983
13.0666667,-0.48743692,0.635693848,0.0947740525,-2.4260211,2.43378234,1.60657644,-1.81755638,1.08049548,4.99690467e-09,0.00809116289,1.33300006,1.33299959,1.33300006,0.0104244053,0.00782842096,-0.145807609,0.105604887,-0.450780123,0.103007451,0.300035954,0.0406605303,2.97277074e-06,-0.0577573404,2.86003797e-06,7.05514867e-06,-8.89458533e-08,-0.484809995,0.637540221,0.0985936001,-2.43438792,2.42840838,1.61039889,-1.81908023,1.12250316,9.99999975e-05,0.00330409128,1.33299983,1.33299983,1.33299983
13.1333333,-0.487285703,0.635396838,0.0853482187,-2.42060232,2.40249467,1.6134479,-1.80048537,1.08043575,2.28219278e-07,0.00561830588,1.33299911,1.3329953,1.33299935,0.00083971984,-0.0175338965,-0.143386006,0.0630466118,-0.438692123,0.0972969458,0.242455155,0.0458433889,-0.0015043678,-1.86006218e-07,7.76060915e-05,0.000117601885,2.89650343e-05,-0.485236764,0.636723638,0.0883080065,-2.42825603,2.39852595,1.61638272,-1.80201757,1.12088048,0.000100000005,0.00478287321,1.33299983,1.33299983,1.33299983
13.2,-0.487919331,0.633630633,0.0760698393,-2.41690207,2.37182665,1.62040865,-1.78630388,1.08074081,8.59048157e-07,0.00562676042,1.33299804,1.33297849,1.33297825,-0.0122908,-0.0328334235,-0.140408263,0.0481347889,-0.476358265,0.112607993,0.187947258,-0.0277314112,0.00254124659,6.97746873e-06,-0.00324532902,-0.00332170515,-0.00305477413,-0.486337185,0.634617686,0.07817249,-2.42221117,2.36823153,1.62294698,-1.78770435,1.1166954,9.99999902e-05,0.00859657396,1.33299983,1.33299983,1.33299983
13.2666667,-0.488778353,0.631383002,0.0666111857,-2.41341639,2.33999944,1.62825298,-1.77390707,1.07988584,-2.12718341e-08,0.00792428292,1.33298182,1.33294976,1.33295047,-0.0132533852,-0.0335519575,-0.142511845,0.0552233942,-0.490516156,0.121244609,0.185380206,-4.81277584e-06,-0.000149068801,0.0566136762,2.68990116e-05,4.71247477e-05,-1.45984814e-07,-0.487841934,0.631738186,0.0679086074,-2.41558838,2.33750939,1.62967825,-1.77478731,1.11097312,0.000100000005,0.0138112279,1.33299983,1.33299983,1.33299983
13.3333333,-0.489511371,0.629350305,0.0570315309,-2.40912795,2.30727983,1.63616073,-1.76143694,1.07984293,-2.43664658e-07,0.0122305173,1.33295214,1.33291876,1.33291829,-0.00918624178,-0.0268434342,-0.14590171,0.0782389119,-0.487115681,0.115004189,0.19410038,3.29527393e-06,-0.00015259895,0.0697537065,-4.22122976e-05,-2.56806961e-05,0.00709261745,-0.489481419,0.628600776,0.0572378747,-2.40772176,2.30634165,1.63616288,-1.76191199,1.10473847,9.99999975e-05,0.0194928646,1.33299983,1.33299983,1.33299983
13.4,-0.490093976,0.627829492,0.0469945855,-2.40233302,2.27519703,1.64323211,-1.74736476,1.07975805,9.02101601e-06,0.0168149173,1.33299828,1.33300078,1.33299816,-0.00877055712,-0.0201222096,-0.159637764,0.1278532,-0.494712293,0.0937836394,0.233751476,-2.91420147e-05,0.0224393383,0.114242502,-0.0172747858,-0.0532768853,-0.0150619904,-0.490986139,0.625721276,0.0458818413,-2.39794493,2.27471209,1.64198697,-1.74772501,1.09901607,9.99999975e-05,0.0247075148,1.33299983,1.33299983,1.33299983
13.4666667,-0.490746289,0.626876354,0.03557593,-2.39002013,2.24421811,1.64940524,-1.72980142,1.07971215,-1.29297373e-08,0.0209829397,1.33298481,1.33298254,1.33299708,-0.00646955753,-0.0155746331,-0.19205454,0.201488853,-0.50944972,0.0752029642,0.274129212,-1.5286862e-06,-0.000200399285,0.0659363419,-1.13105343e-05,-2.56932544e-05,1.03554485e-05,-0.492086649,0.623615324,0.0335620344,-2.38559318,2.24260402,1.64673734,-1.73087227,1.09483111,0.000100000005,0.0285212174,1.33299983,1.33299983,1.33299983
13.5333333,-0.491113007,0.625613868,0.0219283309,-2.37548971,2.20985413,1.65239811,-1.70988703,1.07967651,-1.44177562e-07,0.0249873325,1.33297992,1.33297873,1.33299732,-0.0029476597,-0.0180724747,-0.21591343,0.242536187,-0.512287199,0.0261544976,0.332107395,1.30813316e-06,-0.000228446224,0.0512908064,-2.42427632e-06,7.13647387e-06,5.47152013e-08,-0.492513329,0.622798741,0.0199999996,-2.36999989,2.21000004,1.64999998,-1.70999992,1.09320843,9.99999975e-05,0.0299999993,1.33299983,1.33299983,1.33299983
13.6,-0.491153389,0.6250332,0.00700561283,-2.35653281,2.17532015,1.65447652,-1.68496907,1.07966924,8.63584489e-07,0.0268988851,1.33297729,1.33297741,1.33299971,0.00298766559,0.000761059229,-0.233199835,0.328175634,-0.529791772,0.0476047173,0.411127925,-4.73721884e-05,0.000580171123,3.39641701e-08,0.000129907625,0.000331230694,-4.9643917e-05,-0.492513359,0.622798741,0.00446537742,-2.34995437,2.17597246,1.65379548,-1.68491304,1.09320843,0.000100000005,0.0299999993,1.33299983,1.33299983,1.33299983
13.6666667,-0.490649015,0.625590384,-0.00926932041,-2.33191299,2.13920093,1.65897012,-1.65593278,1.07965517,1.19776558e-07,0.0273760948,1.33298004,1.33299613,1.33300006,0.0115028247,0.0118166506,-0.256061196,0.404135317,-0.554792941,0.0881138742,0.452355862,1.66506834e-06,3.53784999e-05,5.36747393e-08,-1.92864536e-06,-8.56359839e-06,-3.22494293e-06,-0.492513329,0.622798741,-0.0131715517,-2.32545638,2.1400013,1.659729,-1.65692353,1.09320843,9.99999975e-05,0.0299999993,1.33299983,1.33299983,1.33299983
13.7333333,-0.489838213,0.626301944,-0.0270750951,-2.30325675,2.10156012,1.66559803,-1.62524414,1.07965529,-1.30565372e-08,0.0278241523,1.33298492,1.33300018,1.33300018,0.0116618657,0.00588945718,-0.278725266,0.449549198,-0.573247492,0.109328561,0.464923233,-1.03893581e-06,-1.10300025e-05,4.45288606e-08,-1.2147153e-05,-2.28528679e-05,-1.27789008e-05,-0.492513359,0.622798741,-0.0322882943,-2.2976563,2.10268211,1.6667639,-1.6269387,1.09320843,9.99999975e-05,0.0299999993,1.33299983,1.33299983,1.33299983
13.8,-0.489297688,0.626343131,-0.0463155881,-2.27230144,2.0631299,1.67279327,-1.59411168,1.07965565,-3.94369437e-07,0.0284641478,1.33299232,1.33299971,1.33299994,0.00417604391,-0.00629239157,-0.299271226,0.475438714,-0.580708742,0.10587728,0.467746049,-0.000605551351,0.00275876257,6.64591789e-06,-0.00344777689,-0.00362247927,-0.00199204404,-0.492513329,0.622798741,-0.0522623584,-2.26770449,2.06461191,1.67386365,-1.59586549,1.09320843,0.000100000005,0.0300000012,1.33299983,1.33299983,1.33299983
13.8666667,-0.489394277,0.625662625,-0.0667719841,-2.2400074,2.02475381,1.6791048,-1.56309354,1.07965565,-7.71967805e-08,0.0284876116,1.33299518,1.33299971,1.33299994,-0.00665812287,-0.0152433412,-0.314744294,0.489512146,-0.570718706,0.0841020197,0.460893273,-2.81870325e-06,-2.9815601e-05,-2.50292942e-09,-2.34438776e-05,-5.30829202e-05,-4.05726096e-05,-0.492513299,0.622798681,-0.0724712461,-2.2367506,2.02638578,1.67999125,-1.5646106,1.09320831,9.99999902e-05,0.0299999975,1.33299983,1.33299983,1.33299983
13.9333333,-0.490225345,0.624537647,-0.0880264342,-2.20722198,1.98724151,1.68349004,-1.53293216,1.07965565,-2.84341839e-09,0.0285145864,1.33300066,1.33299983,1.33300018,-0.0172768552,-0.0202150103,-0.32269606,0.488763601,-0.554877818,0.0486812852,0.441675246,-4.52911445e-06,9.5183088e-05,-1.45519152e-08,-0.00701877102,-0.000165708538,-0.000115465213,-0.492513359,0.6227988,-0.0922924727,-2.20594525,1.98860061,1.68411088,-1.53408158,1.09320843,0.000100000005,0.0300000012,1.33299983,1.33299983,1.33299983
14,-0.491695374,0.623138309,-0.109443948,-2.1751771,1.95103991,1.68512177,-1.50454116,1.07965565,4.70234056e-08,0.0285407901,1.33299971,1.33300006,1.33299971,-0.0255857948,-0.0237499699,-0.319144487,0.466561794,-0.53185308,0.001105909,0.408183575,-0.000188674094,0.000332255295,-0.00748717878,-0.000255162537,-0.000395237439,-0.000238338034,-0.492513299,0.622798681,-0.11110352,-2.17643857,1.95185173,1.68518519,-1.50518513,1.09320843,9.99999975e-05,0.0299999975,1.33299983,1.33299983,1.33299983
14.0666667,-0.493619382,0.621529341,-0.130164891,-2.14539075,1.91659141,1.68312454,-1.47881532,1.07965565,2.79896511e-07,0.0285645984,1.33300149,1.33299983,1.33300149,-0.0308025647,-0.0261324085,-0.3014732,0.421457708,-0.503284931,-0.0610742457,0.362416685,5.74053047e-05,0.000980467536,-9.49949026e-08,-0.00409668498,-0.00083853933,-0.0039736582,-0.492513359,0.622798741,-0.128281951,-2.14938116,1.91673589,1.6821779,-1.47882831,1.09320843,0.000100000005,0.0300000012,1.33299983,1.33299983,1.33299983
14.1333333,-0.495774508,0.619821429,-0.14919433,-2.11933613,1.88429224,1.67643988,-1.45656037,1.07965565,4.65586567e-07,0.0285813343,1.33299994,1.33299994,1.33300006,-0.0326677226,-0.0261847582,-0.267936409,0.355373025,-0.465935349,-0.13993293,0.304161876,-9.24187589e-07,0.000128898464,-7.63975549e-09,-1.39253152e-05,-1.47831497e-05,-1.27756466e-05,-0.492513329,0.622798741,-0.143205196,-2.12592268,1.88384831,1.67405236,-1.45591831,1.09320843,9.99999975e-05,0.0299999993,1.33299983,1.33299983,1.33299983
14.2,-0.497952282,0.618187964,-0.165465981,-2.0983336,1.85484958,1.66390824,-1.43860865,1.07965565,4.9796148e-07,0.0285883956,1.33299994,1.33299994,1.33300006,-0.0317720771,-0.0234848894,-0.218732119,0.270828843,-0.417992532,-0.236999199,0.23362042,6.70102054e-07,0.000100674239,1.74641173e-08,-3.23755512e-06,-4.12467307e-06,-2.39699966e-06,-0.492513329,0.622798741,-0.155250832,-2.10721374,1.85378575,1.65977216,-1.43736207,1.09320843,9.99999975e-05,0.0299999975,1.33299983,1.33299983,1.33299983
14.2666667,-0.499797642,0.616893291,-0.178326458,-2.08348465,1.8286432,1.64371157,-1.42582512,1.07963443,1.85770901e-07,0.0285845641,1.33299994,1.33299983,1.33299994,-0.018174896,-0.0109444661,-0.176274151,0.175383955,-0.378065407,-0.393813938,0.147317663,2.99805129e-06,-0.00015593943,1.45853846e-07,1.41108776e-05,1.44047226e-05,1.15075163e-05,-0.492484927,0.623129547,-0.164145961,-2.09410048,1.82679784,1.63695538,-1.42431915,1.09321463,0.000100052159,0.0298358276,1.33299983,1.33299983,1.33299983
14.3333333,-0.500675142,0.617597401,-0.188868433,-2.07427335,1.80377245,1.60875952,-1.41965878,1.07959819,2.81526667e-07,0.0285678972,1.33299983,1.3329922,1.33299971,-0.0109745394,0.0350376219,-0.135559916,0.105023734,-0.368230075,-0.653412342,0.0407230482,3.59923388e-06,-0.000213296094,-1.66590326e-07,3.9245977e-05,5.14498679e-05,2.33697501e-05,-0.492283165,0.625478089,-0.171541557,-2.08527946,1.80124676,1.59852254,-1.41827166,1.09325886,0.000100422476,0.0286702234,1.33299983,1.33299983,1.33299983
14.4,-0.501156151,0.621645689,-0.196109667,-2.06914973,1.77991807,1.5576905,-1.41998243,1.07956243,1.29655598e-06,0.0285122413,1.33297753,1.33296108,1.33297026,-0.00131759536,0.0832058266,-0.0814060494,0.048465576,-0.350102216,-0.862655342,-0.0414583124,-5.49145043e-05,0.000668889144,-0.0507358611,0.000236853724,0.000467545819,-3.11993062e-07,-0.491945058,0.62941438,-0.177613333,-2.07997918,1.77697861,1.54727161,-1.41797233,1.09333301,0.000101043166,0.026716603,1.33299983,1.33299983,1.33299983
14.4666667,-0.500610411,0.628184915,-0.199585497,-2.06787276,1.75745094,1.49601662,-1.42455995,1.07941556,1.64086799e-07,0.0262349118,1.33294785,1.33293009,1.3329401,0.0187226366,0.107861742,-0.0237097796,-0.0114079323,-0.324424326,-0.972461164,-0.0865001231,-1.45609374e-06,0.000198457928,-0.0760323778,2.00407521e-05,3.53908108e-05,7.71833584e-08,-0.491538674,0.634144485,-0.182206824,-2.07766461,1.75416827,1.48757088,-1.42181671,1.09342217,0.000101789017,0.0243689697,1.33299983,1.33299983,1.33299983
14.5333333,-0.49869892,0.635563672,-0.199244991,-2.07044244,1.73626792,1.42978978,-1.43106902,1.07941604,5.05983223e-07,0.0242149886,1.33291507,1.33289838,1.33290803,0.0387081131,0.109612226,0.0310822558,-0.0640819967,-0.315221429,-1.00536263,-0.102709003,-3.71588394e-05,0.00101192971,-0.0512567349,0.000210708473,-0.0010593913,-2.73576006e-07,-0.491132408,0.638874769,-0.185167715,-2.0777986,1.73299074,1.42378855,-1.4282012,1.09351122,0.00010253489,0.0220213439,1.33299983,1.33299983,1.33299983
14.6,-0.495682776,0.642441332,-0.195373401,-2.07599902,1.71591282,1.3636446,-1.43789136,1.07941663,-9.72076464e-08,0.022547571,1.33288598,1.33287036,1.3328768,0.0508431606,0.0934153497,0.0812044069,-0.100146055,-0.296410561,-0.972443104,-0.0967455953,-0.000603522989,0.0028965557,-0.0504828505,-0.00335184764,-0.0034924997,-0.00313836127,-0.490794241,0.642811,-0.186341494,-2.07984567,1.71362054,1.36029279,-1.43552089,1.09358525,0.000103155558,0.0200677179,1.33299983,1.33299983,1.33299983
14.6666667,-0.492233723,0.647682726,-0.188463613,-2.08331037,1.69713402,1.30176592,-1.44357979,1.07941651,1.02697004e-06,0.0216057636,1.33286071,1.33284235,1.33284545,0.0520339385,0.0605035014,0.120982073,-0.116869986,-0.269575924,-0.877475798,-0.0704168901,-3.75956297e-05,0.000734405126,-0.050239563,0.000181985088,0.000387750566,-4.40282747e-07,-0.49059251,0.645159602,-0.185573846,-2.08326888,1.69623268,1.3014518,-1.44217181,1.09362972,0.00010352589,0.0189021155,1.33299983,1.33299983,1.33299983
14.7333333,-0.489045739,0.650137663,-0.179333776,-2.09118032,1.68037474,1.24845481,-1.44692647,1.07894695,-5.83585482e-08,0.0212304704,1.33285618,1.33283854,1.33283556,0.0431353971,0.00970367342,0.148564026,-0.118638344,-0.227884099,-0.712186396,-0.02050234,-8.01718052e-05,-0.0519888625,5.35714207e-07,-0.000668972498,-0.00103581476,-0.000321707223,-0.4905954,0.645126522,-0.18271026,-2.08753252,1.68100202,1.25163376,-1.4465493,1.093629,0.000103520673,0.018918531,1.33299983,1.33299983,1.33299983
14.8,-0.486704439,0.648709297,-0.168845952,-2.09854889,1.66555536,1.20817065,-1.44643474,1.0787499,-7.3695162e-07,0.0212488063,1.33286023,1.33284366,1.33283925,0.0278802849,-0.0555017702,0.163446471,-0.102572769,-0.208855316,-0.48574993,0.0410313159,-3.5719404e-07,-0.000137290539,-4.49654181e-08,-3.50941991e-05,-5.04702039e-05,-1.96474721e-05,-0.490870982,0.641917944,-0.177596375,-2.09209967,1.66810286,1.21520698,-1.44704938,1.09356856,0.00010301474,0.020510979,1.33299983,1.33299983,1.33299983
14.8666667,-0.485622585,0.642420411,-0.157356709,-2.10488367,1.65420473,1.18599427,-1.44078696,1.07886899,3.63670125e-08,0.0218362808,1.33288896,1.33287203,1.33286977,0.00512496708,-0.133541718,0.177388981,-0.0852569565,-0.139180481,-0.174562097,0.129162475,0.00060587097,-0.00219072471,0.0500548109,0.00317441113,0.00328171859,0.00297863805,-0.491487592,0.634739995,-0.170077756,-2.09643412,1.65771079,1.19653964,-1.44206774,1.09343338,0.000101882913,0.0240734667,1.33299983,1.33299983,1.33299983
14.9333333,-0.486065716,0.630811393,-0.145229876,-2.10942459,1.64568639,1.18630385,-1.42877412,1.07887018,-1.98855173e-06,0.0250348095,1.33300006,1.33299434,1.33300078,-0.0151482243,-0.215789512,0.184820727,-0.0494170673,-0.122356348,0.191756994,0.236680672,3.08215422e-05,0.00110281655,0.0650350526,0.00102651701,-0.000407113461,-0.00539861899,-0.492513329,0.622798741,-0.159999996,-2.0999999,1.64999998,1.19999993,-1.42999995,1.09320843,9.99999975e-05,0.0299999993,1.33299983,1.33299983,1.33299983
15,-0.487881333,0.613381505,-0.132292539,-2.11246276,1.64082217,1.21165621,-1.40923655,1.07887018,-5.01450245e-07,0.0304699633,1.3330003,1.33300018,1.33300018,-0.0396127924,-0.306016028,0.200296372,-0.0439585224,-0.0427024737,0.543701112,0.336524457,-1.8915398e-07,5.44487102e-06,0.0944614485,-1.93385295e-05,-2.53355065e-05,-1.23181471e-05,-0.494012028,0.605352104,-0.146355063,-2.1035912,1.64487183,1.22484565,-1.41068995,1.09287977,9.72489943e-05,0.0386589095,1.33299983,1.33299983,1.33299983
15.0666667,-0.491507977,0.590189517,-0.118331566,-2.11548114,1.63887262,1.25632298,-1.38446355,1.07887018,-3.61383684e-07,0.0380614772,1.3330003,1.33300018,1.33300018,-0.0670412928,-0.388069838,0.218148932,-0.0492286496,-0.0161886849,0.778574407,0.403927743,-9.03928594e-08,1.23049367e-05,0.128677353,-1.66007248e-05,-2.13646817e-05,-1.08583336e-05,-0.495948434,0.582809627,-0.128724664,-2.10823131,1.64192986,1.26567376,-1.38573968,1.09245515,9.36944634e-05,0.0498469584,1.33299983,1.33299983,1.33299983
15.1333333,-0.496666968,0.562024593,-0.102796242,-2.1190083,1.6385814,1.31410158,-1.35546172,1.07887018,-7.0503944e-08,0.0479185916,1.33300078,1.33299923,1.33299887,-0.0833577663,-0.454275876,0.247301951,-0.0580731742,0.0095129814,0.944716811,0.463441521,-3.7225298e-05,-0.000155508023,0.160346493,-0.00556613412,0.00705332914,0.00674458686,-0.498242408,0.556104779,-0.107838959,-2.11372805,1.64090264,1.31986165,-1.35618234,1.09195209,8.94836121e-05,0.0631007925,1.33299983,1.33299983,1.33299983
15.2,-0.502322376,0.530155659,-0.0849432796,-2.12301302,1.63986742,1.38161933,-1.32287335,1.07876456,-7.4631501e-08,0.0597823858,1.33300018,1.33300006,1.33300042,-0.0819350481,-0.499456316,0.287311465,-0.0644275993,0.033377476,1.07425642,0.511411309,2.58479304e-07,1.88783415e-05,0.188155562,6.3831294e-08,9.93215963e-08,8.29616056e-08,-0.500813663,0.526171267,-0.0844280794,-2.11988926,1.64151812,1.38478637,-1.32305169,1.09138823,8.47636547e-05,0.077957049,1.33299983,1.33299983,1.33299983
15.2666667,-0.507402599,0.49598825,-0.0641595051,-2.12740421,1.64266551,1.45674038,-1.28759551,1.07876456,3.50185587e-08,0.0733311474,1.33300018,1.33300006,1.3330003,-0.0673652291,-0.524080575,0.33389768,-0.0703566372,0.0527452826,1.17139232,0.543252468,3.55884367e-07,2.17506549e-05,0.210334823,2.68078111e-08,2.42146143e-08,-1.05449999e-07,-0.50358212,0.493942678,-0.0592222288,-2.12652302,1.64350522,1.4578253,-1.28738046,1.09078097,7.96818131e-05,0.0939523876,1.33299983,1.33299983,1.33299983
15.3333333,-0.511272252,0.460778952,-0.0402841903,-2.13222599,1.64641976,1.53700483,-1.25065577,1.07876456,1.73881588e-07,0.0881860107,1.33300006,1.33299994,1.33300018,-0.0470816009,-0.531860173,0.378937274,-0.0782182664,0.0629533753,1.22803521,0.560887456,3.75900868e-07,4.56511734e-05,0.227003217,-2.67265023e-07,-4.21224513e-07,-8.70245458e-08,-0.506467581,0.46035257,-0.0329515673,-2.13343716,1.64659214,1.53635573,-1.25020266,1.09014833,7.43852797e-05,0.110623449,1.33299983,1.33299983,1.33299983
15.4,-0.513763487,0.425523341,-0.0137234405,-2.1376369,1.65065491,1.61958981,-1.21300828,1.07876456,1.99758048e-07,0.10395918,1.33299994,1.33299994,1.33300006,-0.0272339825,-0.526127875,0.413546711,-0.0878509432,0.0678141937,1.24168205,0.563753426,1.3246347e-07,5.3150794e-05,0.237761259,-8.73287718e-08,-3.76437811e-07,-1.70889507e-08,-0.509389758,0.42633459,-0.00634622946,-2.14043927,1.65050709,1.61775494,-1.21255112,1.08950746,6.90212764e-05,0.127506882,1.33299983,1.33299983,1.33299983
15.4666667,-0.515046537,0.391064435,0.0145480968,-2.14363694,1.65511084,1.70170391,-1.17569208,1.07876456,1.54202183e-07,0.120235138,1.33299983,1.33299983,1.33299994,-0.0117546609,-0.50820744,0.429825306,-0.0953088626,0.0696032494,1.21532202,0.550315738,-7.84764325e-07,2.3738472e-05,0.242240727,4.94657434e-06,8.12065991e-06,2.2554741e-07,-0.512268484,0.392822266,0.0198635943,-2.14733744,1.65497863,1.69940019,-1.17545938,1.08887613,6.37370104e-05,0.14413932,1.33299983,1.33299983,1.33299983
15.5333333,-0.515491188,0.358193249,0.0431183092,-2.14995193,1.65960538,1.78082538,-1.13985908,1.07865155,2.70213206e-07,0.13657555,1.33299983,1.33299935,1.33299983,-0.00278458209,-0.478524595,0.422706187,-0.0967210755,0.0688165352,1.15300596,0.519810557,-1.43562147e-06,2.84285197e-05,0.240090325,1.18271855e-05,2.24366377e-05,1.827284e-07,-0.515023589,0.360749245,0.0449477471,-2.15393901,1.65973532,1.77866888,-1.13996053,1.08827198,5.86796996e-05,0.160057425,1.33299983,1.33299983,1.33299983
15.6,-0.51556021,0.327682376,0.0703531131,-2.15612411,1.66397667,1.85463274,-1.10665178,1.07865155,3.02694247e-07,0.152515605,1.33299732,1.33299839,1.33299077,-0.000856213912,-0.437145412,0.390489578,-0.0905227214,0.0654477924,1.05644691,0.471296281,-2.11121232e-06,1.3235509e-05,0.230867192,1.50192209e-05,2.99599633e-05,-8.07049219e-08,-0.517574787,0.331049144,0.0681760684,-2.1600523,1.66450524,1.85293794,-1.10708809,1.08771253,5.39965476e-05,0.174797848,1.33299983,1.33299983,1.33299983
15.6666667,-0.515696228,0.300318152,0.0946169496,-2.16164947,1.66806114,1.9208498,-1.07723594,1.07865155,1.02851652e-06,0.167566448,1.33297896,1.33299363,1.3329736,-0.00480684685,-0.38363263,0.334728688,-0.0767996609,0.059808109,0.925570726,0.406848699,1.77549027e-05,0.000108118133,0.214096054,0.00708622532,2.11831939e-05,0.00109264627,-0.519842088,0.304655552,0.0888184011,-2.16548514,1.66901696,1.91958475,-1.07787538,1.08721519,4.9834769e-05,0.187897235,1.33299983,1.33299983,1.33299983
15.7333333,-0.51620847,0.276945025,0.114467748,-2.16607165,1.67160273,1.9770776,-1.05262542,1.07865155,1.39445492e-05,0.181202859,1.33297622,1.33299375,1.33296311,-0.011900791,-0.316771418,0.25976637,-0.0571369044,0.0504484065,0.757967055,0.327269584,-1.0138267e-06,0.000157329472,0.189820409,-2.6432499e-05,-1.58328185e-05,9.60717443e-08,-0.521745086,0.282502025,0.106144577,-2.17004514,1.67299902,1.97598684,-1.05335569,1.08679795,4.63415745e-05,0.198892221,1.33299983,1.33299983,1.33299983
15.8,-0.517190218,0.258496225,0.128806949,-2.1690464,1.67459559,2.02096009,-1.03385484,1.07848036,2.56948824e-05,0.192908242,1.33297002,1.33299327,1.33296311,-0.0188367702,-0.235231176,0.170767605,-0.0328694731,0.0405970663,0.553956211,0.233915314,-1.67766711e-06,2.42935639e-05,0.157342434,-0.000103986269,-7.73031352e-05,-1.88301783e-08,-0.523203671,0.265522182,0.119424425,-2.17354035,1.67617941,2.019521,-1.03456223,1.08647799,4.36641749e-05,0.207319468,1.33299983,1.33299983,1.33299983
15.8666667,-0.518531799,0.245990351,0.136869073,-2.17033339,1.67683792,2.04992414,-1.02181017,1.07848036,4.02749683e-05,0.202140704,1.33294165,1.33296716,1.3329643,-0.0225703325,-0.138078421,0.0727566704,-0.00609367108,0.0265869368,0.310812086,0.125573263,-3.74701426e-06,7.28278683e-05,0.117080703,-0.000142938501,-9.69213725e-05,-0.000161703894,-0.524137616,0.254649669,0.12792778,-2.17577839,1.67828691,2.04756522,-1.02252829,1.08627319,4.1949781e-05,0.212715596,1.33299983,1.33299983,1.33299983
15.9333333,-0.519936025,0.240483493,0.138200462,-2.16981173,1.67791665,2.06126475,-1.01745248,1.07848036,6.87437205e-05,0.208392978,1.33291781,1.332955,1.33295524,-0.0207709502,-0.0250660051,-0.0299360398,0.0213754475,0.00463551003,0.024897743,0.0031686693,-2.16166336e-06,0.000278004591,0.0692959279,1.11050613e-05,2.40557274e-05,-2.88899173e-07,-0.524466753,0.250818014,0.130924493,-2.17656684,1.67904973,2.05749583,-1.01828742,1.08620107,4.13456e-05,0.214617267,1.33299983,1.33299983,1.33299983
16,-0.519403338,0.242005229,0.132207081,-2.17165112,1.65092683,2.05722237,-1.01775622,1.08311355,0.00335983653,0.154239729,1.32205164,1.32229722,1.3226347,0.0169472415,0.0534260347,-0.0958705023,-0.0456730947,-0.345879167,-0.0389358737,-0.0694313422,-8.2038714e-06,-0.000133434951,-0.614011467,4.59749135e-05,9.34083364e-05,-1.17113814e-07,-0.524466753,0.250818014,0.130924493,-2.17656684,1.67904973,2.05749583,-1.01828742,1.24616504,0.0450748913,0.0897067562,1.33299983,1.33299983,1.33299983
16.0666667,-0.516620278,0.247668222,0.122606888,-2.17622972,1.62639236,2.05343461,-1.03318071,1.08312869,0.00343202683,0.0923831239,1.3219831,1.32222915,1.32256544,0.0551339723,0.110045105,-0.165501207,-0.0754757822,-0.325224251,-0.0636183769,-0.274047762,-9.23646257e-06,-0.000159730436,-0.743543267,5.38760796e-05,0.00010858418,-1.59488991e-07,-0.524466753,0.250818014,0.130924493,-2.17656684,1.67904973,2.05749583,-1.01828742,1.24616504,0.0424255431,0.0145982206,1.33299983,1.33299983,1.33299983
16.1333333,-0.51276952,0.256348133,0.111796878,-2.18320179,1.61029911,2.04630232,-1.06333816,1.0831064,0.00493516447,0.0518471263,1.32194316,1.32219458,1.32252312,0.053826049,0.149493963,-0.143441215,-0.113994576,-0.179085404,-0.0862231851,-0.509062827,7.67931851e-06,-9.10231538e-05,-0.440870792,3.08964809e-05,6.18464255e-05,-7.04894774e-08,-0.524466753,0.250818014,0.130924493,-2.17656684,1.67904973,2.05749583,-1.01828742,1.24616504,0.0733209401,0.0122184008,1.33299983,1.33299983,1.33299983
16.2,-0.508062661,0.267896652,0.0999979451,-2.19146609,1.60459328,2.03636408,-1.10758483,1.08277178,0.00930595025,0.0256620627,1.32190704,1.32216167,1.322487,0.0768340454,0.194657132,-0.186074167,-0.120684281,-0.043913316,-0.151428774,-0.697187781,2.02312658e-05,-5.27301163e-05,-0.284749061,1.73401204e-05,3.51479684e-05,-3.77767719e-08,-0.524466753,0.250818014,0.130924493,-2.17656684,1.67904973,2.05749583,-1.01828742,1.24616504,0.0984234512,0,1.33299983,1.33299983,1.33299983
16.2666667,-0.503306866,0.282244474,0.0887643918,-2.19981217,1.60060048,2.02549005,-1.15430844,1.08123398,0.0186051819,0.0119159538,1.3228333,1.32305801,1.32332075,0.0640577003,0.231899351,-0.146268055,-0.113842919,-0.0372571014,-0.152761683,-0.720456958,-0.112350136,0.230279982,-0.137333691,0.0728925318,0.0724146739,0.0687907115,-0.524466753,0.250818014,0.130924493,-2.17656684,1.67904973,2.05749583,-1.01828742,1.24616504,0.116869837,0,1.33299983,1.33299983,1.33299983
16.3333333,-0.500023544,0.298927873,0.0817461014,-2.20718384,1.6011821,2.01615596,-1.20358753,1.08114207,0.0189950056,0.00547464611,1.33003998,1.33019161,1.33013964,0.0383569226,0.262199283,-0.0744948685,-0.0891575217,0.0540337451,-0.126975432,-0.736605406,2.50092708e-05,-0.0035612667,-0.636728585,0.127292603,0.125639737,0.121366091,-0.524466753,0.250818014,0.130924493,-2.17656684,1.67904973,2.05749583,-1.01828742,1.24616504,0.10201142,0,1.33299983,1.33299983,1.33299983
16.4,-0.498472035,0.317428261,0.0795063972,-2.21147418,1.60175884,2.01063943,-1.24818528,1.07896256,0.0240819342,7.14782516e-07,1.3330003,1.33300066,1.33300006,0.0152221061,0.284426868,-0.0101014869,-0.022738805,0.0162064228,-0.0784411803,-0.605857551,0.0283361468,5.01516042e-05,1.84914825e-07,-5.23322669e-05,-5.22851769e-05,-8.48658019e-05,-0.524466753,0.250818014,0.130924493,-2.17656684,1.67904973,2.05749583,-1.01828742,1.19250584,0.12173447,0,1.33299983,1.33299983,1.33299983
16.4666667,-0.498191923,0.336745501,0.0808482096,-2.21045518,1.59791672,2.00850892,-1.28314638,1.07847321,0.0245002341,5.27478051e-06,1.33300006,1.33299994,1.33299994,-0.00058320089,0.286468089,0.0344390348,0.0550056472,-0.0594428554,-0.0290934667,-0.467018425,5.77223909e-06,1.9042287e-05,3.54972144e-05,-8.57509804e-06,-1.38516625e-05,-3.61861794e-06,-0.524466753,0.250818014,0.130924493,-2.17656684,1.67904973,2.05749583,-1.01828742,1.1613704,0.130212426,0,1.33299983,1.33299983,1.33299983
16.5333333,-0.498550713,0.355620295,0.0840672329,-2.20417666,1.58767867,2.01065612,-1.30715454,1.06723452,0.0275962558,2.50744802e-06,1.33300018,1.33299994,1.33300018,-0.00546533801,0.273534179,0.0499914736,0.130179763,-0.159614816,0.0292638391,-0.292556524,-0.0980544612,0.0272770971,-1.33957656e-07,0.000172183252,0.000275830098,6.37335324e-05,-0.524466753,0.250818014,0.130924493,-2.17656684,1.67904973,2.05749583,-1.01828742,1.07366276,0.128757238,0,1.33299983,1.33299983,1.33299983
16.6,-0.49863717,0.373166472,0.0867621452,-2.19397235,1.57569921,2.01180005,-1.3256228,1.07683647,0.0255090017,6.99736393e-06,1.33300018,1.33300018,1.33300018,0.00263283006,0.250111401,0.0302793309,0.175682902,-0.195524037,-0.00231642369,-0.269440591,-0.0452422723,0.000864085043,4.57006245e-05,-3.46312117e-06,-1.08776558e-05,1.12069611e-05,-0.524466753,0.250818014,0.130924493,-2.17656684,1.67904973,2.05749583,-1.01828742,1.2113812,0.12605989,0,1.33299983,1.33299983,1.33299983
16.6666667,-0.497345507,0.388066888,0.0856235921,-2.18090963,1.55759239,2.011024,-1.33633947,1.07468879,0.0263879653,4.67106929e-07,1.33300006,1.33300006,1.33299994,0.0297032651,0.19930394,-0.0477015823,0.211757272,-0.294438183,-0.0400865935,-0.10931877,2.65477138e-06,0.000703052152,6.41368097e-05,-1.23844502e-05,-1.74054676e-05,-7.54340635e-06,-0.524466753,0.250818014,0.130924493,-2.17656684,1.67904973,2.05749583,-1.01828742,1.13166559,0.134133518,0,1.33299983,1.33299983,1.33299983
16.7333333,-0.496878892,0.397685826,0.0859783515,-2.1731925,1.56473947,2.02027607,-1.35271597,1.07856059,0.0254188087,0.000850099139,1.33300018,1.33300006,1.33300018,0.000692808244,0.0973204672,0.0124114361,0.0419268534,0.149167269,0.143744856,-0.273366958,-1.23832942e-05,0.000161351112,6.05359674e-08,-4.05819374e-05,-4.18080854e-05,-3.80780439e-05,-0.524466753,0.250818014,0.130924493,-2.17656684,1.67904973,2.05749583,-1.01828742,1.24481487,0.147833675,0,1.33299983,1.33299983,1.33299983
16.8,-0.497236431,0.400738627,0.0871391818,-2.17807174,1.57993329,2.02823877,-1.38138616,1.07854629,0.0255853757,0.000898044847,1.33299887,1.33299458,1.3329947,-0.0103559857,0.00554183358,0.0218200926,-0.148152247,0.258664519,0.10524381,-0.473803073,5.49039032e-06,0.000322249602,2.61934474e-08,1.63827208e-05,-0.00634534424,-0.000429072912,-0.524466753,0.250818014,0.130924493,-2.17656684,1.67904973,2.05749583,-1.01828742,1.24616504,0.156062648,0,1.33299983,1.33299983,1.33299983
16.8666667,-0.497633129,0.398764879,0.0873848349,-2.19236016,1.60359347,2.03574395,-1.41953671,1.07877815,0.0244347434,0.000960541249,1.3330003,1.33300018,1.33300018,-0.00270793471,-0.0565971918,-0.0104315747,-0.252784193,0.378723472,0.0954702273,-0.587639213,-1.20393015e-05,0.000179528841,6.27478585e-08,-5.93123259e-05,-9.97658353e-05,-4.85382043e-05,-0.524466753,0.250818014,0.130924493,-2.17656684,1.67904973,2.05749583,-1.01828742,1.24616504,0.10693118,0,1.33299983,1.33299983,1.33299983
16.9333333,-0.498186558,0.393619388,0.0873437002,-2.21229672,1.6311394,2.04261255,-1.4618386,1.08123076,0.022775868,0.00102726347,1.33299994,1.33299983,1.33299994,-0.012547438,-0.0932359472,0.0070463419,-0.321958065,0.440798938,0.094677344,-0.660269141,3.00761312e-05,-0.00136747956,-0.00203493261,0.00056578021,0.000946203014,0.000267703872,-0.524466753,0.250818014,0.130924493,-2.17656684,1.67904973,2.05749583,-1.01828742,1.24616504,0.0967508256,0,1.33299983,1.33299983,1.33299983
17,-0.499190271,0.387252629,0.0882416666,-2.23410916,1.66268802,2.0506115,-1.50669408,1.08206296,0.0231288243,0.000709383399,1.33299828,1.33300006,1.33300018,-0.0333582573,-0.0965774059,0.0657868832,-0.28151235,0.635653973,0.0696912035,-0.621817946,0.245483607,0.132037193,-0.114782788,0.00597491954,0.000456658949,-1.47440915e-07,-0.524466753,0.250818014,0.130924493,-2.17656684,1.67904973,2.05749583,-1.01828742,1.24616504,0.0986340791,0,1.33299983,1.33299983,1.33299983
17.0666667,-0.500436485,0.378544748,0.0894443244,-2.25239944,1.69429672,2.05571604,-1.5462904,1.0875622,0.0224327054,-1.10531971e-07,1.33270109,1.33267105,1.33269739,-0.0142052099,-0.150102749,0.00163362059,-0.268249184,0.421094865,0.0909109339,-0.553354084,-0.038380716,-5.84170921e-05,1.71057764e-07,-2.04022144e-05,2.11099832e-05,-5.33892162e-05,-0.524466753,0.250818014,0.130924493,-2.17656684,1.67904973,2.05749583,-1.01828742,1.24616504,0.118990377,0,1.33299983,1.33299983,1.33299983
17.1333333,-0.503487229,0.367922366,0.09478499,-2.26835084,1.72052956,2.06894541,-1.57339358,1.08745801,0.0227809101,1.121278e-05,1.33254623,1.33255756,1.33255482,-0.0638429597,-0.176605865,0.121036679,-0.225644112,0.357376814,0.22076802,-0.339033216,-0.000109344714,0.000101345126,0.00420363434,-0.000478829228,-0.000281991612,-0.00066500972,-0.524466753,0.250818014,0.130924493,-2.17656684,1.67904973,2.05749583,-1.01828742,1.24616504,0.135529861,0,1.33299983,1.33299983,1.33299983
17.2,-0.508670628,0.35664174,0.105218157,-2.28391433,1.7483536,2.08538795,-1.60462904,1.0873673,0.0231199134,3.76498747e-06,1.3325417,1.33255303,1.33254886,-0.0842953324,-0.177474201,0.169208482,-0.240469083,0.442507416,0.218554154,-0.483623594,-1.34333095e-05,-9.17296857e-05,1.58008406e-05,1.53844012e-05,5.2661635e-05,-1.8723571e-05,-0.524466753,0.250818014,0.130924493,-2.17656684,1.67904973,2.05749583,-1.01828742,1.24616504,0.144432172,0,1.33299983,1.33299983,1.33299983
17.2666667,-0.516300023,0.345105201,0.121388823,-2.29907894,1.77628732,2.10582209,-1.63310087,1.07931137,0.0280440301,1.03975608e-05,1.3322562,1.33227181,1.33227444,-0.130579755,-0.183328792,0.277917951,-0.222233564,0.449386656,0.301113307,-0.392360896,-1.62539036e-05,-5.45239891e-05,0.000716628216,-6.47944398e-05,-5.52769052e-06,-0.000119636941,-0.524466753,0.250818014,0.130924493,-2.17656684,1.67904973,2.05749583,-1.01828742,1.13844132,0.156201333,0,1.33299983,1.33299983,1.33299983
17.3333333,-0.526692331,0.334185451,0.144269451,-2.31232715,1.80501938,2.13357139,-1.65873921,1.0699178,0.0317229256,1.21879637e-07,1.33183181,1.33185565,1.33186221,-0.170667857,-0.151273012,0.38285926,-0.17635107,0.468312889,0.430979609,-0.380027592,-0.0500083305,0.27320537,0.000299776642,-2.96683866e-05,5.27978409e-05,-0.000102966704,-0.524466753,0.250818014,0.130924493,-2.17656684,1.67904973,2.05749583,-1.01828742,1.09167409,0.165763766,0,1.33299983,1.33299983,1.33299983
17.4,-0.538615108,0.328126758,0.172661349,-2.32310367,1.84194767,2.16543984,-1.69368374,1.07588661,0.0295543112,1.16627632e-06,1.33180141,1.33182657,1.33182871,-0.178357542,-0.058982715,0.438010812,-0.145915598,0.590608597,0.458700448,-0.553015649,0.0880534872,0.1774306,-0.000280071981,4.98823065e-05,0.000103349012,4.48184437e-06,-0.524466753,0.250818014,0.130924493,-2.17656684,1.67904973,2.05749583,-1.01828742,1.20475543,0.173533246,0,1.33299983,1.33299983,1.33299983
17.4666667,-0.546034634,0.323670894,0.190721974,-2.3320744,1.87610292,2.19213104,-1.72827077,1.07503295,0.0292696394,-1.19560809e-06,1.33299959,1.33025897,1.33024573,-0.0980631486,-0.0529668927,0.24588722,-0.128332078,0.526880026,0.360871226,-0.576233447,-0.102420382,-0.102287211,-0.000526330958,9.4458177e-05,0.000123713311,6.57996643e-05,-0.524466753,0.250818014,0.130924493,-2.17656684,1.67904973,2.05749583,-1.01828742,1.17492759,0.179845944,0,1.33299983,1.33299983,1.33299983
17.5333333,-0.552839518,0.320358723,0.207634524,-2.33929873,1.90488601,2.21779037,-1.75360274,1.08243406,0.0323058814,0.00314486446,1.33217752,1.328246,1.32816339,-0.100373365,-0.142767176,0.194139436,-0.135526881,0.365225405,0.199336901,-0.236958995,0.285577357,0.278443992,0.138074443,0.165972963,-5.65758382e-05,-8.45569593e-06,-0.524466753,0.250818014,0.130924493,-2.17656684,1.67904973,2.05749583,-1.01828742,1.24616504,0.184975013,0.01666224,1.33299983,1.33299983,1.33299983
17.6,-0.561462462,0.310002565,0.224516287,-2.34851909,1.9327985,2.23824716,-1.77761412,1.08168387,0.0307140779,0.0216860306,1.33299959,1.32876551,1.32871914,-0.144531906,-0.174910367,0.272236019,-0.148454875,0.406096429,0.310583532,-0.343310088,0.0395457074,0.108731091,0.26646167,0.00229458162,-0.00304155983,-8.15165695e-05,-0.524466753,0.250818014,0.130924493,-2.17656684,1.67904973,2.05749583,-1.01828742,1.24616504,0.176706389,0.0583786219,1.33299983,1.33299983,1.33299983
17.6666667,-0.571364045,0.296975464,0.241679519,-2.36014843,1.9552089,2.26108932,-1.79959333,1.07456231,0.0293161515,0.00790418312,1.33159232,1.32852066,1.32839084,-0.148582786,-0.213401809,0.242791295,-0.180491477,0.376758218,0.354604095,-0.354872227,-0.0792519003,0.000639177975,-0.135901719,-2.93948688e-09,0.0589118488,0.0601317286,-0.524466753,0.250818014,0.130924493,-2.17656684,1.67904973,2.05749583,-1.01828742,1.13284063,0.182424113,0,1.33299983,1.33299983,1.33299983
17.7333333,-0.58060205,0.285030752,0.257539392,-2.37355042,1.9887253,2.28002191,-1.83595383,1.05211759,0.0384001695,1.23567197e-05,1.33154106,1.33295417,1.33295822,-0.13981837,-0.167153642,0.246797621,-0.21101442,0.605750203,0.205701858,-0.587832808,-0.196598768,-0.119373299,-0.000777945039,-0.000354687101,0.000313835422,-0.000919635233,-0.524466753,0.250818014,0.130924493,-2.17656684,1.67904973,2.05749583,-1.01828742,1.04039741,0.187069774,0,1.33299983,1.33299983,1.33299983
17.8,-0.589484394,0.275943249,0.274258822,-2.38664436,2.03315496,2.29256129,-1.88332653,1.01878631,0.0428791791,0.00573437009,1.33133304,1.33273947,1.33283305,-0.135737121,-0.141022429,0.248453662,-0.204911754,0.685699642,0.123218633,-0.684862673,-0.313700259,-0.0315486155,0.137616053,8.919416e-05,0.000161457137,2.52177124e-05,-0.524466753,0.250818014,0.130924493,-2.17656684,1.67904973,2.05749583,-1.01828742,0.950697184,0.190844387,0.0240934789,1.33299983,1.33299983,1.33299983
17.8666667,-0.598687828,0.267708778,0.291892648,-2.39717269,2.0778842,2.30518532,-1.92899108,0.972141623,0.0457371324,0.0274638403,1.33288705,1.33265531,1.33257663,-0.145090938,-0.1353136,0.266313106,-0.151557639,0.644764364,0.163536862,-0.61284405,-0.579667091,0.00118139107,0.372875959,0.000192403211,0.000352526898,5.41404006e-05,-0.524466753,0.250818014,0.130924493,-2.17656684,1.67904973,2.05749583,-1.01828742,0.877815723,0.19391124,0.0705424398,1.33299983,1.33299983,1.33299983
17.9333333,-0.60680753,0.259728342,0.30659169,-2.4074192,2.12017751,2.31686258,-1.97080898,0.989907682,0.0409488976,0.0383108221,1.33287644,1.33259916,1.33254671,-0.108658217,-0.118253164,0.188563168,-0.151804104,0.6266886,0.133110136,-0.688979089,0.25767687,0.173529208,0.107901201,8.48321361e-05,-0.000820377201,-0.000683980994,-0.524466753,0.250818014,0.130924493,-2.17656684,1.67904973,2.05749583,-1.01828742,1.05225551,0.196403071,0.0562004745,1.33299983,1.33299983,1.33299983
18,-0.614080191,0.253249943,0.320096791,-2.41651177,2.16209149,2.32700801,-2.01589632,0.989432871,0.0408280268,0.0525009185,1.33209383,1.33179283,1.33178091,-0.113056831,-0.100549683,0.205882967,-0.128183365,0.629701555,0.125971615,-0.637678802,0.0282588042,-1.22396741e-05,0.207753375,2.52425089e-05,1.04457722e-05,1.41640776e-05,-0.524466753,0.250818014,0.130924493,-2.17656684,1.67904973,2.05749583,-1.01828742,0.970931172,0.198427677,0.0809357911,1.33299983,1.33299983,1.33299983
18.0666667,-0.619763792,0.249719813,0.332868129,-2.41994309,2.20713687,2.33979797,-2.06077099,0.968391001,0.0434909686,0.102253966,1.33254242,1.33240104,1.33242667,-0.0747938529,-0.0354626141,0.182164431,-0.0188918691,0.640739322,0.183450699,-0.616612613,-0.271572828,-0.000688634522,0.70323652,1.4799065e-05,3.00322135e-05,2.3515895e-08,-0.524466753,0.250818014,0.130924493,-2.17656684,1.67904973,2.05749583,-1.01828742,0.907088816,0.200072676,0.178456172,1.33299983,1.33299983,1.33299983
18.1333333,-0.624119878,0.249032274,0.345146924,-2.42012095,2.25279999,2.3492651,-2.10920238,0.925456405,0.0468544923,0.16707848,1.33219981,1.33213878,1.33219922,-0.0654120818,-0.00631494727,0.185694814,-0.00373976165,0.688437104,0.106515385,-0.732393861,-0.683538556,0.122121908,0.995811641,-3.42086423e-07,7.41309486e-06,1.28638931e-08,-0.524466753,0.250818014,0.130924493,-2.17656684,1.67904973,2.05749583,-1.01828742,0.842383921,0.188379765,0.279504716,1.33299983,1.33299983,1.33299983
18.2,-0.628299117,0.246077254,0.354467958,-2.42384291,2.29711747,2.3535161,-2.15867996,0.873240054,0.0434049927,0.224791318,1.33271027,1.33270419,1.33276427,-0.0556264482,-0.0580386817,0.117327802,-0.0795192719,0.785234749,-0.0239031129,-0.800139308,-0.606784523,-0.147799626,0.80827111,0.0945669338,0.0988747552,0.0959625617,-0.524466753,0.250818014,0.130924493,-2.17656684,1.67904973,2.05749583,-1.01828742,0.789811254,0.186269596,0.392317981,1.33299983,1.33299983,1.33299983
18.2666667,-0.631676912,0.243163079,0.361782044,-2.42786002,2.33976626,2.35575986,-2.20655298,0.825293005,0.0438663103,0.274374217,1.33101213,1.33109391,1.33110368,-0.0634881631,-0.0668983161,0.112618931,-0.0725349188,0.622435272,-0.030756034,-0.644372284,-0.445415705,-0.0993842557,0.798322082,-0.000169147272,-0.00033380813,-2.05915421e-05,-0.524466753,0.250818014,0.130924493,-2.17656684,1.67904973,2.05749583,-1.01828742,0.747095883,0.190194234,0.418421865,1.33299983,1.33299983,1.33299983
18.3333333,-0.63567555,0.240842491,0.370394945,-2.43237352,2.37866378,2.35877752,-2.25032258,0.801919222,0.0398975387,0.304764122,1.32937574,1.329548,1.32953274,-0.0850150585,-0.0618448779,0.145887017,-0.125811443,0.519724727,-0.0170431193,-0.60680455,-0.317464709,-0.10661573,0.187893614,-0.0505597517,-0.0511012524,-0.0514818616,-0.524466753,0.250818014,0.130924493,-2.17656684,1.67904973,2.05749583,-1.01828742,0.727265954,0.193383008,0.360399425,1.33299983,1.33299983,1.33299983
18.4,-0.643199086,0.23536171,0.382831663,-2.44074702,2.41713119,2.35867691,-2.29271245,0.786576807,0.0351531059,0.327415407,1.32816696,1.32833993,1.32837522,-0.13804701,-0.101156048,0.218993038,-0.134870201,0.590124547,-0.00677124085,-0.618233025,-0.181899935,-0.156391099,0.23386544,-0.000154402805,-0.00033146143,-5.83217479e-06,-0.524466753,0.250818014,0.130924493,-2.17656684,1.67904973,2.05749583,-1.01828742,0.740514696,0.195973873,0.417355657,1.33299983,1.33299983,1.33299983
18.4666667,-0.649736166,0.230505258,0.39364782,-2.45040321,2.45754218,2.3549552,-2.33262897,0.768671095,0.0322767831,0.339623511,1.32714415,1.32730436,1.3273325,-0.0807812959,-0.0682133511,0.128757298,-0.164768085,0.604238808,-0.138283163,-0.559238732,-0.126003698,-6.64116815e-05,0.234314129,-2.64237169e-05,-7.70799816e-05,-2.39093788e-06,-0.524466753,0.250818014,0.130924493,-2.17656684,1.67904973,2.05749583,-1.01828742,0.707042456,0.171293914,0.423984647,1.33299983,1.33299983,1.33299983
18.5333333,-0.65304029,0.227398038,0.399099737,-2.4618938,2.49503517,2.34306741,-2.36584496,0.757224917,0.0295117274,0.345799983,1.32601535,1.32616735,1.32619643,-0.0416353084,-0.0444042645,0.065785788,-0.182379827,0.548454344,-0.225819498,-0.437407672,-0.0792101473,-0.116503417,0.100956425,-2.34618783e-05,-9.93313733e-05,2.36418564e-05,-0.524466753,0.250818014,0.130924493,-2.17656684,1.67904973,2.05749583,-1.01828742,0.679846227,0.173031569,0.413853556,1.33299983,1.33299983,1.33299983
18.6,-0.6536479,0.226172417,0.400403857,-2.47566271,2.52838445,2.32421017,-2.39151478,0.750403941,0.0288028661,0.335904151,1.32588387,1.32597482,1.32601583,-0.00370128988,-0.0191891994,0.00435092673,-0.237675563,0.478696853,-0.337389737,-0.350081921,-0.0595030636,-0.0880702585,-0.16999495,-0.000163621036,-0.000388001325,1.7604325e-05,-0.524466753,0.250818014,0.130924493,-2.17656684,1.67904973,2.05749583,-1.01828742,0.657749295,0.179438338,0.372451216,1.33299983,1.33299983,1.33299983
18.6666667,-0.654257476,0.225011796,0.401511669,-2.49253798,2.56135845,2.300704,-2.41987252,0.743312716,0.0301320478,0.309663177,1.32548368,1.32556045,1.32564342,-0.0249409508,-0.0275757723,0.0381665267,-0.280308723,0.518128037,-0.392974377,-0.446855545,-0.193122581,0.000315940008,-0.282457232,-0.000116721378,-0.000247219927,5.24020288e-06,-0.524466753,0.250818014,0.130924493,-2.17656684,1.67904973,2.05749583,-1.01828742,0.639795601,0.170570642,0.319126606,1.33299983,1.33299983,1.33299983
18.7333333,-0.655640066,0.22381641,0.404131383,-2.51147771,2.59673738,2.27571607,-2.45245194,0.740276158,0.0298622902,0.262086272,1.32813954,1.3281064,1.32817507,-0.0387771465,-0.00114548567,0.0951704383,-0.257768065,0.604766428,-0.418347597,-0.473030478,4.44398029e-06,-0.186070889,-0.493892044,0.132898942,0.124319762,0.118771821,-0.524466753,0.250818014,0.130924493,-2.17656684,1.67904973,2.05749583,-1.01828742,0.625208199,0.17743884,0.232885852,1.33299983,1.33299983,1.33299983
18.8,-0.65575403,0.224256992,0.406122655,-2.5283134,2.63643575,2.24736071,-2.48154688,0.734489918,0.0276145115,0.256514579,1.33281446,1.33279979,1.33283186,-0.00459848624,0.0215985868,0.0477395542,-0.238697141,0.57112509,-0.460234255,-0.382070482,3.17407248e-05,0.108290307,0.166432083,-0.000113210757,-0.000208997459,-1.90812862e-05,-0.524466753,0.250818014,0.130924493,-2.17656684,1.67904973,2.05749583,-1.01828742,0.620788395,0.164348617,0.294452518,1.33299983,1.33299983,1.33299983
18.8666667,-0.655549228,0.225521177,0.408451051,-2.54103303,2.67632341,2.21964073,-2.50964928,0.732098579,0.0251163486,0.300687432,1.33229482,1.33230603,1.33234024,-0.0238951109,0.00626133569,0.0723802447,-0.169044688,0.517034113,-0.363653332,-0.347282767,0.0428111926,0.000147247687,0.629866719,-3.6760699e-05,-0.000108241336,2.163928e-05,-0.524466753,0.250818014,0.130924493,-2.17656684,1.67904973,2.05749583,-1.01828742,0.647225738,0.142858282,0.404463053,1.33299983,1.33299983,1.33299983
18.9333333,-0.653831065,0.227490991,0.408286184,-2.55011606,2.70948505,2.1947341,-2.53133273,0.727645576,0.0201488826,0.346207112,1.33226013,1.33224726,1.33226025,0.0391067751,0.0464931093,-0.0140089775,-0.113006897,0.469128877,-0.394897968,-0.240525365,0.189434066,-0.0830575153,0.715081036,0.00126798579,-0.000426633051,1.43235084e-05,-0.524466753,0.250818014,0.130924493,-2.17656684,1.67904973,2.05749583,-1.01828742,0.631245196,0.135434046,0.476280928,1.33299983,1.33299983,1.33299983
19,-0.652594805,0.229430079,0.408665806,-2.55715084,2.73433137,2.17428064,-2.54840899,0.729170024,0.0175072532,0.383145481,1.33104789,1.3310498,1.33114314,0.0019512882,0.021168394,0.0303199533,-0.0931165293,0.348460197,-0.259353846,-0.260154366,-0.027035458,-0.148441032,0.324119955,1.31698325e-05,-2.01112125e-05,3.36067751e-05,-0.524466753,0.250818014,0.130924493,-2.17656684,1.67904973,2.05749583,-1.01828742,0.653147101,0.148890346,0.491562247,1.33299983,1.33299983,1.33299983
19.0666667,-0.651097417,0.231854498,0.408696413,-2.56654215,2.75480652,2.15290618,-2.56127453,0.727516294,0.0177060626,0.386743069,1.33131242,1.3313458,1.33143306,0.0267936196,0.0336494111,-0.0106847575,-0.187948301,0.33163324,-0.402540386,-0.182201043,1.29753607e-05,-0.00503742136,-0.00166966813,9.97341995e-05,8.05200398e-05,0.000125082996,-0.524466753,0.250818014,0.130924493,-2.17656684,1.67904973,2.05749583,-1.01828742,0.636056304,0.14102599,0.447943062,1.33299983,1.33299983,1.33299983
19.1333333,-0.647734046,0.236401796,0.406861305,-2.58142781,2.77678227,2.12176752,-2.57547784,0.729501426,0.0236251131,0.345763415,1.33101702,1.33105958,1.3311317,0.0592963807,0.095534727,-0.0198451541,-0.234934375,0.366765887,-0.537088513,-0.218848437,-0.0581887551,-7.82031566e-05,-0.451896995,-2.03773961e-05,-5.95058082e-05,1.37952156e-08,-0.524466753,0.250818014,0.130924493,-2.17656684,1.67904973,2.05749583,-1.01828742,0.649022639,0.126498342,0.322321177,1.33299983,1.33299983,1.33299983
19.2,-0.642653525,0.24416469,0.404504091,-2.59791398,2.80260491,2.08257365,-2.59171915,0.730280399,0.0230026245,0.328580022,1.33052039,1.3305881,1.33068132,0.0807863548,0.13683483,-0.0273354165,-0.258772224,0.411539912,-0.660459816,-0.268402517,-4.31556546e-05,-0.000382160069,-0.239831164,0.000961779966,-0.00196374115,0.00620900467,-0.524466753,0.250818014,0.130924493,-2.17656684,1.67904973,2.05749583,-1.01828742,0.632705152,0.118627459,0.342092931,1.33299983,1.33299983,1.33299983
19.2666667,-0.63207227,0.257438719,0.389583111,-2.60678196,2.80649924,2.03863311,-2.59649801,0.724781096,0.0183867346,0.332684577,1.33029342,1.3303473,1.33058047,0.144524276,0.220616847,-0.215494305,-0.0747227818,-0.000315760757,-0.632964432,0.00163352303,-9.93240974e-06,5.02904877e-05,0.282839775,2.11712904e-06,-2.61804089e-05,3.2967655e-05,-0.524466753,0.250818014,0.130924493,-2.17656684,1.67904973,2.05749583,-1.01828742,0.619447172,0.113412589,0.414565116,1.33299983,1.33299983,1.33299983
19.3333333,-0.622745216,0.272289544,0.375109494,-2.61313295,2.806494,1.9975071,-2.59911084,0.727782011,0.0179113578,0.330245823,1.3304888,1.33056617,1.33083808,0.123836935,0.224148497,-0.199488759,-0.0988284871,9.49385576e-05,-0.662582934,0.0288561303,0.198438346,-0.167542621,-5.58327883e-07,0.000312920136,0.00225994037,-5.715515e-05,-0.524466753,0.250818014,0.130924493,-2.17656684,1.67904973,2.05749583,-1.01828742,0.608675122,0.0780528933,0.349478662,1.33299983,1.33299983,1.33299983
19.4,-0.615438163,0.286997795,0.362467736,-2.62002969,2.80649447,1.95483232,-2.60265684,0.723648787,0.0157907605,0.338789254,1.3301475,1.33023715,1.3305397,0.0802356452,0.225298449,-0.142732218,-0.0918349847,0.000154071604,-0.658512235,-0.0438699462,-0.0601512864,0.0804646388,0.170692712,6.51380396e-05,0.000126014464,-1.99361239e-07,-0.524466753,0.250818014,0.130924493,-2.17656684,1.67904973,2.05749583,-1.01828742,0.599922776,0.0719224811,0.376144171,1.33299983,1.33299983,1.33299983
19.4666667,-0.608908296,0.302896768,0.349601328,-2.62421727,2.8064959,1.91191185,-2.60660172,0.719136834,0.00245421799,0.371573389,1.33057237,1.33066034,1.33100724,0.0794382244,0.230467021,-0.165520698,-0.0617234595,0.000679569319,-0.642247438,-0.00221239822,0.0664488152,0.000239961315,0.570217252,-7.76988454e-05,-0.000175781839,8.89995135e-08,-0.524466753,0.250818014,0.130924493,-2.17656684,1.67904973,2.05749583,-1.01828742,0.592811525,0.043259006,0.445092738,1.33299983,1.33299983,1.33299983
19.5333333,-0.603898466,0.318625927,0.339394063,-2.62842965,2.80649567,1.87244785,-2.61102629,0.720949531,0.00377135165,0.381981075,1.32968104,1.32980216,1.33018517,0.0510693043,0.238443226,-0.110270865,-0.0523453578,-0.0047328677,-0.599410236,-0.0581385903,0.043997772,0.0854808316,0.149617299,0.000279158761,0.000572047662,-4.83240001e-07,-0.524466753,0.250818014,0.130924493,-2.17656684,1.67904973,2.05749583,-1.01828742,0.587033629,0.0632922202,0.419386059,1.33299983,1.33299983,1.33299983
19.6,-0.597838879,0.33503136,0.327486902,-2.63481426,2.80649447,1.83236814,-2.61782384,0.723932624,0.00450991793,0.364394665,1.33023798,1.32958913,1.3300035,0.109198496,0.247227073,-0.203685686,-0.145517007,0.00018022419,-0.66469115,-0.133772641,-6.56507473e-05,0.109587424,4.27942723e-07,-4.06318577e-05,0.000116807758,-0.000184735691,-0.524466753,0.250818014,0.130924493,-2.17656684,1.67904973,2.05749583,-1.01828742,0.582339108,0.05806439,0.367031932,1.33299983,1.33299983,1.33299983
19.6666667,-0.596887469,0.345572442,0.32141462,-2.63549066,2.80385542,1.8187511,-2.60877013,0.743998408,-4.77913034e-07,0.356094509,1.32414544,1.32324362,1.32341003,0.0624973811,0.0927213803,-0.139093801,0.0563047305,-0.112235099,0.0020030709,0.282720089,-3.84464147e-06,6.01988177e-07,-0.095235534,-0.0767551064,-0.0751580149,-0.0796352401,-0.595587075,0.341183811,0.323965609,-2.631603,2.8018961,1.82719493,-2.6037662,0.731827736,0.00439753896,0.357245326,1.33299983,1.33299983,1.33299983
19.7333333,-0.590944946,0.353395969,0.308842272,-2.6287694,2.79107904,1.81583428,-2.57515907,0.752994835,-6.78236829e-05,0.346093595,1.32384384,1.32279563,1.32280564,0.106842361,0.18531011,-0.24629046,0.126264364,-0.282439232,-0.0868914053,0.647243202,0.130447268,-0.202153966,-0.166917428,-1.68791157e-05,-6.70717563e-05,4.46889317e-08,-0.589377344,0.358149678,0.314167589,-2.62267661,2.7889812,1.81296611,-2.56484675,0.753599107,0.00409087818,0.337530434,1.33299983,1.33299983,1.33299983
19.8,-0.583655953,0.372450024,0.28997156,-2.61951351,2.76717257,1.79948747,-2.51973677,0.767515659,-4.82077348e-06,0.326507002,1.32384884,1.32280052,1.32280207,0.111504197,0.392136663,-0.306487024,0.162316903,-0.399675012,-0.378168821,1.0012939,0.295707226,3.44967266e-05,-0.33550179,-5.46533629e-05,-0.000128594766,1.37115421e-07,-0.580028713,0.383691758,0.299241573,-2.60909748,2.76906967,1.79161787,-2.50594687,0.786375761,0.00363564864,0.307849795,1.33299983,1.33299983,1.33299983
19.8666667,-0.57476002,0.404810578,0.267833471,-2.60639,2.74035001,1.7691474,-2.44260168,0.789880574,-2.37373661e-06,0.303105891,1.32384694,1.32278824,1.32277477,0.153347254,0.566480219,-0.34495455,0.241510242,-0.402300745,-0.499994367,1.29365087,0.372302055,-0.00019457248,-0.392514735,0.000370695838,0.000370029651,0.00750193559,-0.568359971,0.415572673,0.28033635,-2.59192824,2.74348235,1.76508617,-2.43194771,0.82728672,0.0030775636,0.270803154,1.33299983,1.33299983,1.33299983
19.9333333,-0.56266433,0.446852446,0.245328695,-2.58569145,2.71317434,1.73705566,-2.35125804,0.819360018,4.62186472e-06,0.273485363,1.32383657,1.32276714,1.32272768,0.210151657,0.670544922,-0.338990986,0.353412837,-0.434568167,-0.471343011,1.41662943,0.499666214,-0.000482756877,-0.473209947,0.000298511062,0.000293455319,-0.00212139171,-0.555190027,0.451555222,0.258600622,-2.57222986,2.7135396,1.73530722,-2.34772992,0.873461187,0.00246233703,0.228990272,1.33299983,1.33299983,1.33299983
20,-0.547218204,0.492661566,0.224470735,-2.55775356,2.68422389,1.70727789,-2.25704145,0.858054399,1.70868479e-05,0.239185542,1.32381201,1.32273889,1.32269037,0.251521468,0.670115769,-0.302133709,0.428923637,-0.485854059,-0.451081097,1.40230656,0.627467752,0.000607324881,-0.532737494,-0.00100610103,0.00022043183,-0.00100301846,-0.541337669,0.489402235,0.235183284,-2.55106521,2.68056178,1.7042172,-2.2581749,0.922028124,0.00183568208,0.18501094,1.33299983,1.33299983,1.33299983
20.0666667,-0.530522585,0.533561647,0.205277711,-2.53107977,2.64925218,1.67611933,-2.16518021,0.901959479,4.25214093e-05,0.201028839,1.324018,1.32295883,1.32288396,0.249248073,0.551667869,-0.27463299,0.359259665,-0.555133343,-0.471501023,1.34481883,0.675722241,0.000391934358,-0.578961074,-0.000227222336,-0.000175943671,-0.00582947489,-0.527621865,0.526876271,0.21123296,-2.52949595,2.6458683,1.67375231,-2.16816354,0.970116496,0.00124331203,0.141464889,1.33299983,1.33299983,1.33299983
20.1333333,-0.514554203,0.566165149,0.185327381,-2.50964785,2.61547375,1.643731,-2.07868481,0.94681567,0.000145702244,0.16233851,1.32779992,1.33299994,1.32668519,0.181805447,0.397319317,-0.405618876,0.246678308,-0.448209256,-0.53189981,1.2631197,0.659980297,0.0193730295,-0.60298574,0.160171285,6.4917549e-07,0.162260175,-0.514861345,0.561740279,0.187898517,-2.50858474,2.61078072,1.64584851,-2.08257675,1.0148555,0.000730940606,0.100951895,1.33299983,1.33299983,1.33299983
20.2,-0.50750339,0.591576278,0.162827492,-2.49071455,2.5804112,1.61670613,-2.00001264,0.989980638,0.000433922425,0.123156361,1.33040452,1.3330003,1.32944918,0.105463825,0.366961449,-0.326734722,0.306697905,-0.541117907,-0.337435097,1.09031308,0.613489866,0.000190074134,-0.559590459,1.20731856e-05,2.22371727e-05,-4.51691449e-08,-0.503874958,0.591756761,0.166328654,-2.489393,2.57661891,1.62244201,-2.00629568,1.05337393,0.000344281172,0.0660717338,1.33299983,1.33299983,1.33299983
20.2666667,-0.500368059,0.614427567,0.142714873,-2.47063518,2.54708815,1.59754074,-1.93593061,1.02806532,0.000453988469,0.0874066129,1.33039749,1.33300042,1.32945943,0.0962256119,0.31186673,-0.260155112,0.285392493,-0.461547971,-0.212558553,0.817325115,0.519103885,7.55671645e-05,-0.525259316,-2.10229773e-05,-3.43530191e-05,1.09313987e-07,-0.49548167,0.614688635,0.147672147,-2.47298336,2.54470301,1.60546887,-1.94420159,1.08280122,0.000129047068,0.0394241437,1.33299983,1.33299983,1.33299983
20.3333333,-0.495390385,0.630439341,0.127400607,-2.45490241,2.5188818,1.58611917,-1.89034796,1.05880964,0.000517903129,0.0573830083,1.33031058,1.33299947,1.33300006,0.0654878691,0.171245292,-0.209771886,0.192972362,-0.386926234,-0.112091243,0.566321492,0.406571388,0.00237950962,-0.369869888,0.000941753096,0.0017080151,5.6089084e-06,-0.490238726,0.62901336,0.132689595,-2.4601965,2.51575541,1.59633684,-1.89954042,1.1011833,9.99999975e-05,0.022778431,1.33299983,1.33299983,1.33299983
20.4,-0.491451323,0.638554215,0.114461415,-2.44345546,2.49205375,1.58409846,-1.85892212,1.07951915,2.51324627e-06,0.0356139652,1.33033359,1.33300066,1.33300018,0.057320904,0.0782577097,-0.189344347,0.154697716,-0.417517215,0.0268552899,0.366990596,0.0397413373,-6.59713769e-05,-0.26496771,-2.38643552e-05,-6.35385222e-05,-6.90160959e-08,-0.486986041,0.637900233,0.119645298,-2.45013261,2.48700619,1.59276199,-1.86501205,1.11258733,9.99999975e-05,0.012451591,1.33299983,1.33299983,1.33299983
20.4666667,-0.488684863,0.641874969,0.102859095,-2.43464947,2.46395659,1.58775234,-1.83555162,1.08027041,-1.05128727e-07,0.0159819089,1.33037746,1.33300018,1.33300054,0.0248666089,0.0291606057,-0.159318149,0.109892584,-0.421370536,0.0705784485,0.349684358,0.055479452,-5.18762135e-06,-0.146480411,-1.86346224e-05,1.49884545e-06,-1.10415476e-06,-0.485234618,0.642685473,0.107880771,-2.44200325,2.45789576,1.59347093,-1.83779967,1.11872792,0.000100000005,0.00689098518,1.33299983,1.33299983,1.33299983
20.5333333,-0.487692624,0.643109441,0.0925951153,-2.42749381,2.43409538,1.59408855,-1.81454051,1.07986951,3.09651e-07,0.00988740753,1.33038187,1.33133054,1.33300018,0.00589472987,0.00425411947,-0.148387909,0.0893663168,-0.480027378,0.104545631,0.293535799,0.0309832841,0.000103268569,-0.0677372217,-2.37459608e-06,-0.0715341941,-4.00990075e-07,-0.484711409,0.644114852,0.097064063,-2.43516994,2.42840767,1.59760225,-1.81645739,1.1205622,9.99999975e-05,0.00523002353,1.33299983,1.33299983,1.33299983
20.6,-0.487645179,0.642375469,0.0832000375,-2.42268181,2.40330744,1.60132587,-1.79739952,1.08094156,6.51239759e-07,0.00786915235,1.331532,1.32948482,1.33299994,-0.00826202892,-0.0254838616,-0.137511164,0.0666481256,-0.454698831,0.120053053,0.225728467,-1.9105737e-06,7.80618138e-05,1.10594556e-08,-7.59195245e-07,-2.20470247e-06,1.75655509e-06,-0.485143602,0.642934084,0.0868632048,-2.42899466,2.39852524,1.6042949,-1.79953992,1.11904705,0.000100000005,0.00660212245,1.33299983,1.33299983,1.33299983
20.6666667,-0.488365948,0.639764607,0.0741125792,-2.41855669,2.37205052,1.61017239,-1.78359389,1.08083081,-3.23864207e-08,0.00786177162,1.3315295,1.32945001,1.33299971,-0.0103288628,-0.0501043126,-0.135916322,0.0570965223,-0.476700485,0.148355663,0.186506838,-2.06652294e-06,-3.05589238e-05,-1.05370418e-07,2.63023685e-06,4.13350062e-06,4.94743654e-06,-0.486258149,0.639888883,0.076946184,-2.42283821,2.36823106,1.61268723,-1.7856015,1.11513925,9.99999902e-05,0.0101406882,1.33299983,1.33299983,1.33299983
20.7333333,-0.489055812,0.636034548,0.065093331,-2.41439271,2.34030843,1.62060702,-1.77180648,1.07989156,5.02876105e-07,0.00978983194,1.33152831,1.32940328,1.33299971,-0.0115897944,-0.0605025813,-0.133730993,0.0664985329,-0.487804294,0.160751954,0.174682125,-2.81028451e-06,-0.00180872518,0.056376718,-6.01896318e-07,-2.31730519e-06,7.21774995e-09,-0.487782151,0.635725141,0.0669810697,-2.41606283,2.33750892,1.6219182,-1.7731967,1.10979605,0.000100000005,0.0149791399,1.33299983,1.33299983,1.33299983
20.8,-0.489625335,0.632046402,0.0561155826,-2.40948129,2.30736279,1.63121235,-1.76014614,1.07986343,-2.18202672e-07,0.0136607559,1.33152759,1.32934165,1.33299744,-0.00585222291,-0.0570697226,-0.136617765,0.0861423016,-0.491872042,0.155026764,0.180977806,-1.84997916e-05,-0.000240586422,0.0630850866,5.07579825e-05,0.00737701962,-3.77185643e-08,-0.489442647,0.631188452,0.0566358678,-2.40802956,2.30634141,1.63112628,-1.76087964,1.10397446,9.99999975e-05,0.0202508848,1.33299983,1.33299983,1.33299983
20.8666667,-0.490015,0.628687918,0.046792075,-2.40182137,2.27582645,1.64083385,-1.74664068,1.08009291,4.28255544e-06,0.0173460525,1.33199584,1.32970083,1.33299768,-0.00853325147,-0.0424519666,-0.145042449,0.162483811,-0.436085582,0.130899519,0.234844521,-5.08750272e-05,-0.00033131789,0.0595936477,0.000454781926,0.000455417321,0.00389385782,-0.490966618,0.627024651,0.0455786064,-2.39810014,2.27471185,1.63945007,-1.74720502,1.09863126,9.99999975e-05,0.0250893328,1.33299983,1.33299983,1.33299983
20.9333333,-0.490422457,0.626458049,0.0355700366,-2.38927102,2.24377513,1.64904368,-1.73019648,1.0795573,-2.81595263e-08,0.0216294862,1.33202732,1.32970083,1.33298492,-0.00539882202,-0.0325464383,-0.188953087,0.198253885,-0.514576197,0.0862785354,0.264144212,-3.04970781e-05,-0.000216254615,0.0680693984,0.000257885666,0.000271356374,0.0051556048,-0.492081165,0.623979509,0.0334773064,-2.38563657,2.24260402,1.64602852,-1.73072696,1.09472358,0.000100000005,0.0286279004,1.33299983,1.33299983,1.33299983
21,-0.490841031,0.624516964,0.0222048517,-2.37476969,2.2095027,1.65247095,-1.71053135,1.07934809,8.96833043e-08,0.0253637824,1.33202803,1.3296988,1.33298302,-0.00332132145,-0.0210152734,-0.2139588,0.244474739,-0.508145988,0.0249300003,0.334100485,3.98129341e-05,-0.000576965278,0.0521530584,-0.000171316555,-0.000387797831,4.58443537e-07,-0.492513329,0.622798741,0.0199999996,-2.36999989,2.21000004,1.64999998,-1.70999992,1.09320843,9.99999975e-05,0.0299999993,1.33299983,1.33299983,1.33299983
21.0666667,-0.490956038,0.624126315,0.00735167647,-2.35561776,2.17513728,1.65420532,-1.68538392,1.07934809,-4.44045639e-07,0.0274646636,1.33203948,1.32971251,1.33298302,0.00120819604,0.00754277175,-0.232302248,0.330427349,-0.522969663,0.0414305031,0.414543003,3.9927545e-05,-0.00072401017,0.0500742085,-0.000157600269,-0.000355825294,4.26545739e-07,-0.492513359,0.622798741,0.00446537742,-2.34995437,2.17597246,1.65379548,-1.68491304,1.09320843,0.000100000005,0.0299999993,1.33299983,1.33299983,1.33299983
21.1333333,-0.490546465,0.62517792,-0.00895191822,-2.3310082,2.13919711,1.65846968,-1.65614986,1.07934809,4.0436678e-08,0.0276508089,1.33204424,1.32974231,1.33298302,0.0104330648,0.0187483374,-0.257451057,0.400823116,-0.553124487,0.0877668858,0.454815745,1.56046735e-06,-1.19321048e-05,5.5792043e-08,-5.22393675e-05,4.2055035e-06,-4.64036202e-06,-0.492513329,0.622798741,-0.0131715517,-2.32545638,2.1400013,1.659729,-1.65692353,1.09320843,9.99999975e-05,0.0299999993,1.33299983,1.33299983,1.33299983
21.2,-0.489794165,0.626250148,-0.0268884823,-2.30277061,2.10166097,1.66525233,-1.6253382,1.07934833,4.39008794e-08,0.0279023815,1.33204627,1.32977498,1.33298469,0.0108598005,0.00994288921,-0.281406432,0.441329092,-0.574822783,0.113498762,0.466915369,-0.000597021135,0.00329791568,6.72414899e-06,-0.00573524926,-0.00400906149,-0.00322502013,-0.492513359,0.622798741,-0.0322882943,-2.2976563,2.10268211,1.6667639,-1.6269387,1.09320843,9.99999975e-05,0.0299999993,1.33299983,1.33299983,1.33299983
21.2666667,-0.489313543,0.626503229,-0.0463065542,-2.27239013,2.0631988,1.67276418,-1.59409428,1.07934856,-4.10031646e-07,0.0283593629,1.33204603,1.32980931,1.33298635,0.00319754751,-0.00360897859,-0.301883608,0.467366189,-0.581230581,0.110483073,0.469147891,-0.000605177192,0.00284762261,6.6049397e-06,-0.0020802978,-0.00208291202,-0.00323513546,-0.492513329,0.622798741,-0.0522623584,-2.26770449,2.06461191,1.67386365,-1.59586549,1.09320843,0.000100000005,0.0300000012,1.33299983,1.33299983,1.33299983
21.3333333,-0.489476353,0.625987113,-0.066920571,-2.24052238,2.02475357,1.67932153,-1.56298554,1.07934856,-5.77127572e-08,0.0283838902,1.33204615,1.3298378,1.33298635,-0.00760307675,-0.0129739381,-0.316764057,0.485248357,-0.572003663,0.0866507366,0.462156534,-7.08781954e-07,6.29840215e-05,2.08674464e-08,-4.63456672e-07,-3.84438317e-05,-2.32630846e-05,-0.492513299,0.622798681,-0.0724712461,-2.2367506,2.02638578,1.67999125,-1.5646106,1.09320831,9.99999902e-05,0.0299999975,1.33299983,1.33299983,1.33299983
21.4,-0.490357488,0.624977231,-0.0882720351,-2.20789027,1.98718107,1.68380678,-1.53276575,1.07934856,-2.27778632e-08,0.0284108333,1.33204615,1.32986832,1.33298647,-0.0178047288,-0.0192043651,-0.323536336,0.488175094,-0.554959953,0.0492404737,0.442085385,-1.03606726e-06,5.96267491e-05,1.01950718e-07,-2.36274864e-05,-4.16057446e-05,-2.41407397e-05,-0.492513359,0.6227988,-0.0922924727,-2.20594525,1.98860061,1.68411088,-1.53408158,1.09320843,0.000100000005,0.0300000012,1.33299983,1.33299983,1.33299983
21.4666667,-0.491843522,0.623578429,-0.109709568,-2.17579675,1.95097601,1.68542516,-1.50436783,1.07934833,5.78057033e-08,0.0287966821,1.33204687,1.32987595,1.33299994,-0.0255027283,-0.0247982237,-0.318908006,0.468338192,-0.531481743,0.0003614382,0.407887131,-2.54725182e-06,1.48595027e-05,1.66764949e-08,-3.11047952e-05,-2.20658112e-05,-2.22771705e-05,-0.492513299,0.622798681,-0.11110352,-2.17643857,1.95185173,1.68518519,-1.50518513,1.09320843,9.99999975e-05,0.0299999975,1.33299983,1.33299983,1.33299983
21.5333333,-0.493744254,0.621838987,-0.130383104,-2.14584136,1.91657996,1.68335462,-1.47868443,1.07934833,1.7841603e-07,0.0288170837,1.33204663,1.32987571,1.33300185,-0.030304525,-0.0288674459,-0.300255805,0.424521208,-0.500779152,-0.0622900836,0.3612912,5.15079228e-05,0.000430145999,-2.30502337e-08,-0.000530140533,-0.000430129585,-0.00356885465,-0.492513359,0.622798741,-0.128281951,-2.14938116,1.91673589,1.6821779,-1.47882831,1.09320843,0.000100000005,0.0300000012,1.33299983,1.33299983,1.33299983
21.6,-0.495865554,0.61992532,-0.149323255,-2.11954641,1.88445306,1.67656887,-1.45649672,1.07934833,7.98835401e-07,0.0288298726,1.33204556,1.32987559,1.33300006,-0.0321932025,-0.0294558872,-0.26659891,0.359274119,-0.463323742,-0.14159435,0.303191602,-4.37543576e-06,-0.0017316594,-5.90807758e-09,8.49248609e-05,-5.38736604e-05,-2.30970963e-05,-0.492513329,0.622798741,-0.143205196,-2.12592268,1.88384831,1.67405236,-1.45591831,1.09320843,9.99999975e-05,0.0299999993,1.33299983,1.33299983,1.33299983
21.6666667,-0.498010874,0.61808598,-0.165523469,-2.09827685,1.85509455,1.66391766,-1.43860126,1.07934833,9.47318711e-07,0.028833108,1.33204567,1.32987487,1.33300006,-0.0312571004,-0.0263076071,-0.217906222,0.274685711,-0.417692065,-0.238657862,0.232753247,-1.67632606e-07,0.000173253648,-3.41260602e-08,-4.5855566e-05,3.4771947e-06,-5.45156638e-07,-0.492513329,0.622798741,-0.155250832,-2.10721374,1.85378575,1.65977216,-1.43736207,1.09320843,9.99999975e-05,0.0299999975,1.33299983,1.33299983,1.33299983
21.7333333,-0.499819279,0.616636276,-0.178343534,-2.08320045,1.82883203,1.64362669,-1.4258709,1.07934833,6.14779992e-07,0.0288260747,1.33204556,1.32986128,1.33299994,-0.0175365079,-0.0126788393,-0.175846323,0.178152904,-0.380073935,-0.394905627,0.14639239,1.7682197e-06,5.05922362e-05,-7.49278115e-08,1.21877893e-05,1.57416798e-06,1.10859437e-05,-0.492484927,0.623129547,-0.164145961,-2.09410048,1.82679784,1.63695538,-1.42431915,1.09321463,0.000100052159,0.0298358276,1.33299983,1.33299983,1.33299983
21.8,-0.500652432,0.617269993,-0.188854352,-2.07386565,1.80384696,1.60864043,-1.41975987,1.07931972,9.5447831e-07,0.0288072396,1.33204556,1.3298316,1.33299816,-0.0103461286,0.034694124,-0.135035068,0.10598807,-0.369628102,-0.653482616,0.040045578,1.81787948e-06,0.000127116931,-8.25384632e-08,3.43048159e-05,3.0021969e-05,2.07179692e-05,-0.492283165,0.625478089,-0.171541557,-2.08527946,1.80124676,1.59852254,-1.41827166,1.09325886,0.000100422476,0.0286702234,1.33299983,1.33299983,1.33299983
21.8666667,-0.501097262,0.621343493,-0.196059525,-2.06873441,1.7799058,1.55757678,-1.42011416,1.0791924,2.22110839e-06,0.0285098534,1.33204329,1.32980025,1.33296704,-0.000875251659,0.084210515,-0.080787383,0.0476549901,-0.350531816,-0.862264335,-0.0411388613,-1.27856401e-06,0.000397149415,-0.0506078452,2.00219583e-05,7.31787804e-06,-2.63302354e-07,-0.491945058,0.62941438,-0.177613333,-2.07997918,1.77697861,1.54727161,-1.41797233,1.09333301,0.000101043166,0.026716603,1.33299983,1.33299983,1.33299983
21.9333333,-0.500532031,0.62798506,-0.199496821,-2.06755781,1.75739563,1.49592507,-1.42463756,1.07919276,2.44288594e-06,0.026465321,1.3320334,1.32977211,1.33293808,0.0190310199,0.10996408,-0.0235708635,-0.013126499,-0.328870237,-0.97295934,-0.0862132087,-4.29773354e-05,0.00086679426,-0.0514050014,0.000207684701,0.000426217448,-2.75671482e-07,-0.491538674,0.634144485,-0.182206824,-2.07766461,1.75416827,1.48757088,-1.42181671,1.09342217,0.000101789017,0.0243689697,1.33299983,1.33299983,1.33299983
22,-0.498605222,0.635508835,-0.199129775,-2.07029629,1.73615313,1.42972803,-1.43111706,1.07919252,2.15749651e-06,0.0246267561,1.33201659,1.32974446,1.33290148,0.0386879519,0.111718677,0.0318475068,-0.0674273595,-0.311479717,-1.00379956,-0.101294674,3.75897507e-05,-0.00594317634,1.03289494e-07,-0.00013632956,-0.000345679233,3.5292469e-05,-0.491132408,0.638874769,-0.185167715,-2.0777986,1.73299074,1.42378855,-1.4282012,1.09351122,0.00010253489,0.0220213439,1.33299983,1.33299983,1.33299983
22.0666667,-0.495591432,0.642528594,-0.195241928,-2.07603312,1.71578526,1.36361766,-1.43787742,1.07919276,3.21018888e-07,0.0228915066,1.33198977,1.32972097,1.3328712,0.0507280715,0.0953148678,0.0812688842,-0.102706365,-0.296734273,-0.972013235,-0.0957495198,-0.00060101971,0.00251106871,-0.0503930822,-0.00333223026,-0.00347107672,-0.00312661962,-0.490794241,0.642811,-0.186341494,-2.07984567,1.71362054,1.36029279,-1.43552089,1.09358525,0.000103155558,0.0200677179,1.33299983,1.33299983,1.33299983
22.1333333,-0.492153764,0.64786768,-0.188335434,-2.08349514,1.69701445,1.30177331,-1.44350815,1.07919288,1.0577271e-06,0.0217387024,1.33196855,1.32971191,1.33284152,0.0516365357,0.0613726899,0.121107422,-0.119308896,-0.26574257,-0.876348078,-0.0686492845,0.000597985054,-0.00223120442,-6.46710396e-06,0.00333150569,0.00349239283,0.0030775168,-0.49059251,0.645159602,-0.185573846,-2.08326888,1.69623268,1.3014518,-1.44217181,1.09362972,0.00010352589,0.0189021155,1.33299983,1.33299983,1.33299983
22.2,-0.48898983,0.650356889,-0.179231271,-2.09144878,1.68025386,1.24847543,-1.4467411,1.07919276,-5.52355566e-08,0.0215211175,1.33196235,1.32971072,1.33283257,0.0428362489,0.0100500435,0.147536278,-0.118461199,-0.233851805,-0.714145064,-0.0240594205,3.33952812e-08,3.0844225e-05,1.26397936e-07,-9.7689408e-06,-5.41427289e-06,-1.11525433e-05,-0.4905954,0.645126522,-0.18271026,-2.08753252,1.68100202,1.25163376,-1.4465493,1.093629,0.000103520673,0.018918531,1.33299983,1.33299983,1.33299983
22.2666667,-0.486676782,0.648904085,-0.168783218,-2.09882832,1.66548383,1.20820367,-1.44636416,1.07919264,5.40145095e-07,0.0215259772,1.3319633,1.32972848,1.33283627,0.0273956489,-0.0562085323,0.162679285,-0.101691663,-0.208260626,-0.485767365,0.039826896,5.87938302e-07,0.000114325281,1.32946298e-07,-3.51881608e-05,-4.20668803e-05,-1.91288418e-05,-0.490870982,0.641917944,-0.177596375,-2.09209967,1.66810286,1.21520698,-1.44704938,1.09356856,0.00010301474,0.020510979,1.33299983,1.33299983,1.33299983
22.3333333,-0.485625505,0.642540812,-0.157344654,-2.10506105,1.65417027,1.18601835,-1.44078183,1.0789665,-7.45002467e-07,0.0218858253,1.33198333,1.32976043,1.33286929,0.00461115316,-0.135051519,0.176686242,-0.083379522,-0.138216674,-0.174601927,0.137197882,0.0280126687,-0.000356881326,0.0518300384,6.83541293e-06,-3.15048965e-07,-1.17288437e-07,-0.491487592,0.634739995,-0.170077756,-2.09643412,1.65771079,1.19653964,-1.44206774,1.09343338,0.000101882913,0.0240734667,1.33299983,1.33299983,1.33299983
22.4,-0.486132354,0.630815685,-0.145236433,-2.10956097,1.64607239,1.18637681,-1.42870569,1.07904994,5.17410172e-07,0.0250852164,1.33200765,1.3330003,1.33300066,-0.0169291887,-0.217333257,0.184587732,-0.0496606156,-0.112877347,0.192876205,0.236304358,-1.11291229e-07,8.57025589e-06,0.0640150309,1.00771431e-05,-5.57913991e-05,-8.81087763e-05,-0.492513329,0.622798741,-0.159999996,-2.0999999,1.64999998,1.19999993,-1.42999995,1.09320843,9.99999975e-05,0.0299999993,1.33299983,1.33299983,1.33299983
22.4666667,-0.487989962,0.613340735,-0.132446229,-2.11240101,1.64080584,1.21160686,-1.40932155,1.07904994,-4.11880933e-07,0.0304532293,1.33300006,1.33300006,1.3330003,-0.0391082801,-0.306827784,0.198080271,-0.040460974,-0.0514668599,0.542779028,0.336009473,-2.24084033e-07,-6.59620855e-05,0.0951821804,6.57701967e-05,-5.07683217e-06,4.78758011e-08,-0.494012028,0.605352104,-0.146355063,-2.1035912,1.64487183,1.22484565,-1.41068995,1.09287977,9.72489943e-05,0.0386589095,1.33299983,1.33299983,1.33299983
22.5333333,-0.49157995,0.59007287,-0.118521437,-2.11529493,1.63866854,1.25633013,-1.38449454,1.07904994,-3.28585713e-07,0.0380705707,1.3330003,1.33300006,1.3330003,-0.0664702505,-0.389153808,0.218762219,-0.0484566279,-0.0156368222,0.779817462,0.404760629,2.01055627e-07,1.69508639e-05,0.128623024,-2.23565166e-05,1.13116243e-06,3.67058419e-08,-0.495948434,0.582809627,-0.128724664,-2.10823131,1.64192986,1.26567376,-1.38573968,1.09245515,9.36944634e-05,0.0498469584,1.33299983,1.33299983,1.33299983
22.6,-0.496701419,0.561868966,-0.102911204,-2.11880541,1.63847065,1.31414044,-1.35547447,1.07904994,-1.87082136e-07,0.0479232706,1.33300066,1.33300018,1.3330003,-0.0828220323,-0.454325557,0.248745486,-0.058228083,0.0112623833,0.944410324,0.463234663,3.32331001e-06,0.000191799743,0.160186827,-0.00544905104,-0.000218289846,-9.66310836e-08,-0.498242408,0.556104779,-0.107838959,-2.11372805,1.64090264,1.31986165,-1.35618234,1.09195209,8.94836121e-05,0.0631007925,1.33299983,1.33299983,1.33299983
22.6666667,-0.502331436,0.530027032,-0.0849587172,-2.12285256,1.63994801,1.38163245,-1.32290924,1.07894385,-8.52245705e-08,0.0597857982,1.3330003,1.33300006,1.3330003,-0.0816287771,-0.49863112,0.288531691,-0.0652570501,0.0354458801,1.07355213,0.510773718,5.62066361e-07,1.80845636e-05,0.188042417,1.50318101e-07,1.31898332e-07,-9.9814315e-08,-0.500813663,0.526171267,-0.0844280794,-2.11988926,1.64151812,1.38478637,-1.32305169,1.09138823,8.47636547e-05,0.077957049,1.33299983,1.33299983,1.33299983
22.7333333,-0.507393539,0.495926768,-0.0641197115,-2.12730527,1.64280891,1.45671356,-1.2876476,1.07894385,1.02964979e-08,0.0733304322,1.33300018,1.33299994,1.33300018,-0.067127265,-0.523005068,0.334372729,-0.071408689,0.0527647175,1.17107844,0.543371439,-1.90100309e-08,1.7086626e-05,0.210321009,6.23399501e-08,1.73630042e-07,2.86272552e-08,-0.50358212,0.493942678,-0.0592222288,-2.12652302,1.64350522,1.4578253,-1.28738046,1.09078097,7.96818131e-05,0.0939523876,1.33299983,1.33299983,1.33299983
22.8,-0.51125145,0.460782915,-0.0402309485,-2.13220596,1.64653599,1.53698063,-1.25068676,1.07894385,1.84434327e-07,0.0881856903,1.33300006,1.33299994,1.33300006,-0.0469848588,-0.530992508,0.378914565,-0.0794467926,0.0622845963,1.22835851,0.561369836,4.58777606e-07,5.16289037e-05,0.227020279,-1.92205789e-07,-3.86324473e-07,3.49709808e-08,-0.506467581,0.46035257,-0.0329515673,-2.13343716,1.64659214,1.53635573,-1.25020266,1.09014833,7.43852797e-05,0.110623449,1.33299983,1.33299983,1.33299983
22.8666667,-0.513742864,0.425575018,-0.0136823216,-2.13769269,1.65072346,1.61959183,-1.21300936,1.07894385,2.61764654e-07,0.103959635,1.33299994,1.33299983,1.33300006,-0.0273329448,-0.525562763,0.413231313,-0.0888334364,0.0670818761,1.24206531,0.564153194,6.79304776e-07,8.14441883e-05,0.237769455,-3.16053047e-07,-7.95748065e-07,-4.36289156e-08,-0.509389758,0.42633459,-0.00634622946,-2.14043927,1.65050709,1.61775494,-1.21255112,1.08950746,6.90212764e-05,0.127506882,1.33299983,1.33299983,1.33299983
22.9333333,-0.515036941,0.391142219,0.0145633603,-2.14374018,1.65513337,1.70172489,-1.17568696,1.07882309,1.85296088e-07,0.120236345,1.33299983,1.33299983,1.33299994,-0.011974345,-0.508002877,0.429404885,-0.0957545489,0.0690331087,1.2154938,0.55076009,6.11839823e-09,5.52569873e-05,0.242242754,5.16985529e-06,8.12688813e-06,-9.42964107e-09,-0.512268484,0.392822266,0.0198635943,-2.14733744,1.65497863,1.69940019,-1.17545938,1.08887613,6.37370104e-05,0.14413932,1.33299983,1.33299983,1.33299983
23,-0.51549679,0.358273,0.0431063734,-2.15006852,1.65959752,1.78084826,-1.13983142,1.07882309,1.32073893e-07,0.136576205,1.33299983,1.33299899,1.33299983,-0.00298754452,-0.478643924,0.422316641,-0.0966614038,0.0683509409,1.15290964,0.519469202,-1.19898436e-06,1.95590292e-05,0.240077227,9.68192762e-06,2.09083228e-05,2.45054252e-08,-0.515023589,0.360749245,0.0449477471,-2.15393901,1.65973532,1.77866888,-1.13996053,1.08827198,5.86796996e-05,0.160057425,1.33299983,1.33299983,1.33299983
23.0666667,-0.515576363,0.327744514,0.0703214183,-2.15621948,1.66393793,1.85464585,-1.10663486,1.07882309,1.55887122e-07,0.152516425,1.33299553,1.33299804,1.33299983,-0.000940433645,-0.43753764,0.390304327,-0.0900018141,0.0650692135,1.05625319,0.471255779,-1.16186561e-06,1.33977737e-05,0.230864555,1.0946329e-05,2.66618154e-05,-3.9304723e-08,-0.517574787,0.331049144,0.0681760684,-2.1600523,1.66450524,1.85293794,-1.10708809,1.08771253,5.39965476e-05,0.174797848,1.33299983,1.33299983,1.33299983
23.1333333,-0.515713394,0.300349861,0.0945804864,-2.16169906,1.66795921,1.92082202,-1.07720613,1.07882309,3.4560145e-07,0.167560548,1.33297098,1.3329972,1.33299899,-0.00473911408,-0.384107888,0.334866881,-0.0761857703,0.0578165092,0.924201369,0.407245666,3.44518276e-06,0.000222248957,0.214040846,-0.00574192218,-0.000155729038,-0.000150852415,-0.519842088,0.304655552,0.0888184011,-2.16548514,1.66901696,1.91958475,-1.07787538,1.08721519,4.9834769e-05,0.187897235,1.33299983,1.33299983,1.33299983
23.2,-0.516207457,0.276943654,0.114461124,-2.16608357,1.67149115,1.97703028,-1.05266213,1.07841551,7.92523224e-06,0.181203753,1.33297014,1.33299839,1.33299971,-0.0114976391,-0.317251235,0.260415614,-0.0564666763,0.0509478003,0.758132815,0.329007238,-3.39397593e-06,0.00015404899,0.190174714,-2.87568473e-05,-7.73265492e-05,-0.000151021697,-0.521745086,0.282502025,0.106144577,-2.17004514,1.67299902,1.97598684,-1.05335569,1.08679795,4.63415745e-05,0.198892221,1.33299983,1.33299983,1.33299983
23.2666667,-0.517163873,0.258470476,0.128847212,-2.16902971,1.67456591,2.02092695,-1.03383851,1.07841551,1.97423215e-05,0.192909867,1.33296621,1.33299851,1.33299363,-0.0185056198,-0.235466719,0.171385631,-0.0324573293,0.0418877527,0.55424732,0.233491316,-2.33079572e-06,2.03845702e-05,0.157330856,-9.52676637e-05,-6.84456463e-05,-0.000109076427,-0.523203671,0.265522182,0.119424425,-2.17354035,1.67617941,2.019521,-1.03456223,1.08647799,4.36641749e-05,0.207319468,1.33299983,1.33299983,1.33299983
23.3333333,-0.518491447,0.245954484,0.13693741,-2.17028737,1.67687833,2.04992056,-1.02181971,1.07841551,3.36829507e-05,0.202143833,1.33293688,1.33297431,1.33296633,-0.0224350747,-0.138166234,0.0727740154,-0.00566824386,0.0267411321,0.310907513,0.125617564,2.80223139e-05,0.000470986241,0.116430745,-0.000649113208,-0.00251341145,-0.00384895224,-0.524137616,0.254649669,0.12792778,-2.17577839,1.67828691,2.04756522,-1.02252829,1.08627319,4.1949781e-05,0.212715596,1.33299983,1.33299983,1.33299983
23.4,-0.519901395,0.240445554,0.138265267,-2.16975403,1.67791045,2.06122947,-1.01746666,1.07841551,6.30623836e-05,0.20839338,1.33290958,1.33297133,1.33294916,-0.0208573844,-0.0250523426,-0.0300326422,0.0212886781,0.00442534965,0.0247255582,0.00259284582,-2.05051674e-06,0.000282594847,0.0691870973,1.24879007e-05,2.66945863e-05,-2.38185748e-07,-0.524466753,0.250818014,0.130924493,-2.17656684,1.67904973,2.05749583,-1.01828742,1.08620107,4.13456e-05,0.214617267,1.33299983,1.33299983,1.33299983
23.4666667,-0.518629014,0.241738126,0.130258128,-2.17257762,1.65179121,2.05417848,-1.01683605,1.07292593,0.0179223958,0.154282361,1.32201016,1.32239199,1.32246971,0.0344100185,0.0474560484,-0.14366293,-0.0729412884,-0.321180999,-0.0999702439,-0.0581790544,-0.0504775681,0.219523117,-0.615257323,4.7525391e-05,9.72140115e-05,-7.50296749e-08,-0.524466753,0.250818014,0.130924493,-2.17656684,1.67904973,2.05749583,-1.01828742,1.06825066,0.0399706066,0.0897067562,1.33299983,1.33299983,1.33299983
23.5333333,-0.514725089,0.246938467,0.117484435,-2.17888999,1.62628794,2.0484004,-1.02705956,1.07872701,0.0124381809,0.0894242004,1.3219322,1.32232344,1.32238281,0.07101392,0.104274049,-0.210745603,-0.0971570536,-0.349293232,-0.0810560808,-0.190938607,0.0400169268,-0.130853966,-0.858204961,9.171688e-05,0.000193613174,-1.25146471e-07,-0.524466753,0.250818014,0.130924493,-2.17656684,1.67904973,2.05749583,-1.01828742,1.20192671,0.0126063861,0,1.33299983,1.33299983,1.33299983
23.6,-0.50873816,0.255775511,0.10103593,-2.18531418,1.60632741,2.04193664,-1.05144155,1.08000505,0.0114672184,0.057690721,1.32190287,1.32229662,1.32235205,0.0965098292,0.158316955,-0.254369199,-0.083453536,-0.259293675,-0.0968227014,-0.400914609,-1.50265514e-05,0.000256849453,-0.308918059,3.25885485e-05,6.67264685e-05,-3.53902578e-08,-0.524466753,0.250818014,0.130924493,-2.17656684,1.67904973,2.05749583,-1.01828742,1.24616504,0.0299733337,0.029919222,1.33299983,1.33299983,1.33299983
23.6666667,-0.503401339,0.267906427,0.0871897489,-2.19022703,1.58319676,2.03783751,-1.07211077,1.07996392,0.0121207638,0.0290074553,1.32107103,1.32143962,1.32148767,0.0616796836,0.200612471,-0.155324444,-0.0553114712,-0.305699676,-0.0151620517,-0.307294786,-0.0331959464,5.99422492e-07,-0.321698308,-2.1818385e-05,1.83074735e-06,-3.35276127e-08,-0.524466753,0.250818014,0.130924493,-2.17656684,1.67904973,2.05749583,-1.01828742,1.24616504,0.0385551229,0,1.33299983,1.33299983,1.33299983
23.7333333,-0.500444591,0.282639623,0.0801008567,-2.19268394,1.5628866,2.03847313,-1.0923295,1.07989931,0.0132721988,0.0136196613,1.3210417,1.32141244,1.32145715,0.0298172478,0.233648404,-0.0651273653,-0.00902364869,-0.265162915,0.0240159854,-0.295122355,-5.74469777e-06,0.00110062957,-0.149220094,-0.000313443656,-0.000679553486,4.95580025e-07,-0.524466753,0.250818014,0.130924493,-2.17656684,1.67904973,2.05749583,-1.01828742,1.24616504,0.0615566187,0,1.33299983,1.33299983,1.33299983
23.8,-0.499810368,0.299018294,0.0794655457,-2.19240141,1.54586744,2.04121494,-1.11330581,1.07989919,0.0139133688,0.00628582854,1.32102871,1.32140553,1.32143962,-0.00422171596,0.248527646,0.0286319423,0.0295352805,-0.219589263,0.0466907471,-0.298619211,7.93862455e-06,6.93637412e-06,-0.0767248943,1.00891339e-06,1.41853525e-06,-5.91535354e-08,-0.524466753,0.250818014,0.130924493,-2.17656684,1.67904973,2.05749583,-1.01828742,1.24616504,0.0709913224,0,1.33299983,1.33299983,1.33299983
23.8666667,-0.501071692,0.316412836,0.0843536481,-2.188972,1.53861403,2.04514909,-1.14095783,1.07992089,0.0148607362,2.88606543e-07,1.3287822,1.32904565,1.32917523,-0.0239041485,0.26678139,0.0907132924,0.0856515318,-0.102248333,0.0407702513,-0.394011587,3.79171615e-06,0.000148474996,0.00105212675,0.136339813,0.131832868,0.131745547,-0.524466753,0.250818014,0.130924493,-2.17656684,1.67904973,2.05749583,-1.01828742,1.24616504,0.0890230834,0,1.33299983,1.33299983,1.33299983
23.9333333,-0.502816916,0.334522486,0.0911794007,-2.18289256,1.53475082,2.04577231,-1.17370999,1.08000088,0.0172871165,2.64091113e-06,1.33300006,1.33299994,1.33300006,-0.02471729,0.270204663,0.102437757,0.106086336,-0.0433553867,-0.00764391432,-0.48439151,1.56583883e-05,4.82451287e-06,2.44799594e-08,-4.00694626e-06,-5.18067282e-06,-2.82076871e-06,-0.524466753,0.250818014,0.130924493,-2.17656684,1.67904973,2.05749583,-1.01828742,1.24616504,0.0908803046,0,1.33299983,1.33299983,1.33299983
24,-0.503486276,0.352494597,0.0957537815,-2.17583323,1.53056419,2.04454112,-1.20724034,1.080001,0.0177067239,1.17416157e-05,1.33300006,1.3330003,1.33300018,0.00270387344,0.263476282,0.0376351625,0.11559958,-0.0679091439,-0.0480966233,-0.481579304,2.07182347e-05,-1.77533075e-05,-0.000118148717,1.66433656e-05,1.60658692e-05,1.68975257e-05,-0.524466753,0.250818014,0.130924493,-2.17656684,1.67904973,2.05749583,-1.01828742,1.24616504,0.102353692,0,1.33299983,1.33299983,1.33299983
24.0666667,-0.502223969,0.369239837,0.0954475999,-2.16851616,1.52565372,2.03850675,-1.24065626,1.08000207,0.0172142088,1.30018379e-05,1.33300018,1.33299887,1.33300018,0.0297994055,0.238570794,-0.0339663811,0.115089744,-0.0714454129,-0.119523115,-0.481638759,0.000172561529,-0.000708563486,0.00746158324,0.000299495994,0.00770513155,0.000294973725,-0.524466753,0.250818014,0.130924493,-2.17656684,1.67904973,2.05749583,-1.01828742,1.24616504,0.087548241,0,1.33299983,1.33299983,1.33299983
24.1333333,-0.499911994,0.384162694,0.0920945704,-2.16111898,1.51536429,2.03283238,-1.26643956,1.08005881,0.0151818814,4.68402459e-06,1.33300018,1.33300006,1.33300006,0.0376217328,0.209390312,-0.0608673058,0.118111767,-0.162139684,-0.0923082903,-0.345671088,-2.48663127e-07,2.27234559e-05,5.46307783e-05,-1.13449405e-05,-1.6839922e-05,-6.27055488e-06,-0.524466753,0.250818014,0.130924493,-2.17656684,1.67904973,2.05749583,-1.01828742,1.24616504,0.0521777421,0,1.33299983,1.33299983,1.33299983
24.2,-0.498631626,0.395379812,0.0909207165,-2.15859818,1.53082693,2.04111695,-1.29779792,1.07930875,0.0147451377,0.000863025489,1.33299875,1.3329978,1.33300018,0.0181098096,0.130808577,-0.0226848442,-0.0188553706,0.270549268,0.119423084,-0.477841228,-1.45534759e-05,0.000160567346,7.91042112e-08,-0.00326958671,-0.0020336071,-2.91811702e-05,-0.524466753,0.250818014,0.130924493,-2.17656684,1.67904973,2.05749583,-1.01828742,1.18614781,0.0519248433,0,1.33299983,1.33299983,1.33299983
24.2666667,-0.498129189,0.401014,0.0905799791,-2.16613889,1.55252373,2.04859233,-1.33593035,1.0796448,0.0147334831,0.000910737843,1.33299994,1.33299983,1.33300042,-0.000258278102,0.0466234051,0.00734561542,-0.173405036,0.372461587,0.101642683,-0.610224068,-1.18283424e-05,0.000144192454,5.11063263e-08,-5.57413041e-05,-5.63905487e-05,-5.34620231e-05,-0.524466753,0.250818014,0.130924493,-2.17656684,1.67904973,2.05749583,-1.01828742,1.2095257,0.0536229387,0,1.33299983,1.33299983,1.33299983
24.3333333,-0.49923417,0.401226103,0.0932630673,-2.18285537,1.57961702,2.05631804,-1.37941539,1.0800463,0.0147139514,0.000968289154,1.33299971,1.33299983,1.33300006,-0.0273357593,-0.0304785036,0.0612304136,-0.294359595,0.449849278,0.118498847,-0.674208105,3.10106116e-05,-0.0177011527,-2.32888851e-07,0.000412224268,0.000713360379,0.000152944151,-0.524466753,0.250818014,0.130924493,-2.17656684,1.67904973,2.05749583,-1.01828742,1.24207568,0.0465310849,0,1.33299983,1.33299983,1.33299983
24.4,-0.501093328,0.397205144,0.0969504938,-2.20511532,1.61017966,2.0652535,-1.42568743,1.08010411,0.015921209,0.0010267524,1.33299971,1.33299994,1.33300006,-0.0273680948,-0.0838549212,0.0486130938,-0.351134986,0.477715343,0.12020281,-0.694630861,2.52015889e-05,-5.6513818e-05,-1.132139e-07,6.87750617e-06,1.52852099e-05,3.48872563e-05,-0.524466753,0.250818014,0.130924493,-2.17656684,1.67904973,2.05749583,-1.01828742,1.24616504,0.0766566917,0,1.33299983,1.33299983,1.33299983
24.4666667,-0.503531933,0.388424009,0.101155199,-2.22660851,1.64394104,2.07001185,-1.46780348,1.09395218,0.0208993442,5.33014429e-07,1.33285606,1.33286476,1.33290672,-0.0447810367,-0.161040217,0.0767765269,-0.312840432,0.468265206,0.094614625,-0.601168036,0.097645469,-0.00287261605,-4.4972694e-07,0.00058654038,0.00102309533,0.000213213614,-0.524466753,0.250818014,0.130924493,-2.17656684,1.67904973,2.05749583,-1.01828742,1.24616504,0.0978980064,0,1.33299983,1.33299983,1.33299983
24.5333333,-0.507396638,0.377022624,0.10833104,-2.24665809,1.67509115,2.08209443,-1.50498605,1.09176672,0.0188704655,1.32593477e-05,1.33298576,1.33298671,1.33298683,-0.0666825101,-0.183926731,0.126192659,-0.290384412,0.47950086,0.186146826,-0.516111374,-5.80423148e-06,0.000105821324,0.000776622852,-8.48436466e-05,-9.37636942e-05,-7.39926327e-05,-0.524466753,0.250818014,0.130924493,-2.17656684,1.67904973,2.05749583,-1.01828742,1.24616504,0.0791922435,0,1.33299983,1.33299983,1.33299983
24.6,-0.512256861,0.365542263,0.117972195,-2.26529312,1.70965278,2.09684014,-1.54436445,1.0916853,0.0184146333,1.54150875e-05,1.33299732,1.33299851,1.33299696,-0.0692033246,-0.178044111,0.131576136,-0.283386499,0.507941008,0.190482259,-0.593761921,1.47987157e-05,6.19455604e-05,0.000314585224,7.40852556e-07,9.84282815e-06,2.81763496e-05,-0.524466753,0.250818014,0.130924493,-2.17656684,1.67904973,2.05749583,-1.01828742,1.24616504,0.0630712733,0,1.33299983,1.33299983,1.33299983
24.6666667,-0.518033743,0.355185568,0.130081251,-2.28290129,1.745435,2.11245894,-1.58563125,1.08907151,0.0198826417,9.60165721e-07,1.33299935,1.33299804,1.33299959,-0.0957827121,-0.146374702,0.206697792,-0.25217101,0.562714159,0.230128273,-0.626122415,-3.07860682e-06,-3.98362608e-05,5.85530652e-05,3.26157897e-06,2.18076748e-05,-1.43284997e-05,-0.524466753,0.250818014,0.130924493,-2.17656684,1.67904973,2.05749583,-1.01828742,1.17226624,0.0900955945,0,1.33299983,1.33299983,1.33299983
24.7333333,-0.524938464,0.347635686,0.145879433,-2.29821587,1.78451443,2.1311512,-1.63065016,1.06661618,0.0268563516,5.99465056e-06,1.33287466,1.3329159,1.3329308,-0.105270244,-0.0990075395,0.246699914,-0.212867185,0.624322593,0.264794409,-0.648734987,-0.156071767,0.000293186167,0.00119181466,-0.00777653512,0.000695687719,-0.000179265655,-0.524466753,0.250818014,0.130924493,-2.17656684,1.67904973,2.05749583,-1.01828742,1.05784059,0.0533329397,0,1.33299983,1.33299983,1.33299983
24.8,-0.530549109,0.339546174,0.157990724,-2.31319451,1.82196605,2.14493608,-1.67308843,1.05550683,0.0304673295,6.52598203e-07,1.33299935,1.3327347,1.33283138,-0.0788599923,-0.162710905,0.147731498,-0.25309521,0.537791967,0.120918408,-0.607014418,-0.116730154,0.0827372894,-0.00110934512,0.00207342883,0.000650514616,-0.00744267041,-0.524466753,0.250818014,0.130924493,-2.17656684,1.67904973,2.05749583,-1.01828742,1.04581726,0.0453403443,0,1.33299983,1.33299983,1.33299983
24.8666667,-0.536707103,0.32952714,0.170269147,-2.3298111,1.8602984,2.15776491,-1.71489489,1.07151389,0.0276709627,6.28598855e-06,1.33299935,1.33266723,1.3327781,-0.0941323489,-0.157822087,0.183223113,-0.249434665,0.593647063,0.164939269,-0.659570158,0.228988022,-0.0777153522,0.00184402079,-0.000210060505,-4.61540185e-06,-0.000318846141,-0.524466753,0.250818014,0.130924493,-2.17656684,1.67904973,2.05749583,-1.01828742,1.12644088,0.0657914951,0,1.33299983,1.33299983,1.33299983
24.9333333,-0.543585658,0.31909892,0.1837257,-2.34633231,1.900033,2.17026901,-1.75890875,1.08419287,0.0247938205,3.46564093e-06,1.33299994,1.33265603,1.33278537,-0.106117889,-0.172460407,0.197150096,-0.257840961,0.595681965,0.152787477,-0.67622751,-3.64537555e-05,-1.13469432e-05,0.000570240256,-8.23818336e-05,-6.29170099e-05,-0.000134460555,-0.524466753,0.250818014,0.130924493,-2.17656684,1.67904973,2.05749583,-1.01828742,1.18980837,0.0912900642,0,1.33299983,1.33299983,1.33299983
25,-0.551893651,0.308502048,0.200045019,-2.36137724,1.9385227,2.18658209,-1.79723656,1.08557725,0.0255111046,-8.2798573e-07,1.33299994,1.33240283,1.33258915,-0.133176416,-0.182311609,0.247429803,-0.228357464,0.547841668,0.213964462,-0.532690227,-0.0489623621,-0.000278804742,-0.000202179683,7.24052734e-05,4.42740857e-05,-0.000112280148,-0.524466753,0.250818014,0.130924493,-2.17656684,1.67904973,2.05749583,-1.01828742,1.19923258,0.107791126,0,1.33299983,1.33299983,1.33299983
25.0666667,-0.56199038,0.297893107,0.219996855,-2.37383938,1.97298229,2.21051168,-1.82709122,1.08415866,0.0235193688,1.95428157e-07,1.33297038,1.33229959,1.33219099,-0.153024897,-0.122659154,0.324791282,-0.14206937,0.562418997,0.420587927,-0.461168945,-2.06143541e-05,0.000135422291,-3.5600242e-05,-0.00123730651,-0.00486902799,-0.00106277037,-0.524466753,0.250818014,0.130924493,-2.17656684,1.67904973,2.05749583,-1.01828742,1.24616504,0.126430482,0,1.33299983,1.33299983,1.33299983
25.1333333,-0.572665393,0.29265511,0.244267672,-2.37859344,2.0021615,2.24717927,-1.84669137,1.08315539,0.0234522801,2.40703548e-06,1.32954133,1.32895362,1.32883501,-0.152506024,-0.0343267396,0.374856293,-0.0303974021,0.443535298,0.608257234,-0.273418248,0.0906473398,0.106323346,-0.000758477545,0.000111739108,0.00019738666,3.33249773e-05,-0.524466753,0.250818014,0.130924493,-2.17656684,1.67904973,2.05749583,-1.01828742,1.24616504,0.129695818,0,1.33299983,1.33299983,1.33299983
25.2,-0.584355116,0.285459369,0.268704236,-2.38188171,2.02353001,2.28072429,-1.85625207,1.08839941,0.0272518862,8.43305861e-06,1.33294404,1.32740068,1.32731426,-0.218096614,-0.207091421,0.381357461,-0.115973867,0.252569973,0.401900589,-0.0946456715,0.0701890215,-0.10890013,0.00531124556,0.00025721069,0.0005616126,-3.18079838e-05,-0.524466753,0.250818014,0.130924493,-2.17656684,1.67904973,2.05749583,-1.01828742,1.24616504,0.144228026,0,1.33299983,1.33299983,1.33299983
25.2666667,-0.598353863,0.272370309,0.293191075,-2.38870621,2.04730439,2.3125093,-1.87106133,1.08980477,0.0265414044,0.01213169,1.33225143,1.32872462,1.32936561,-0.216924116,-0.209780917,0.364819527,-0.111611478,0.373701036,0.434799194,-0.240038887,-1.34874826e-05,-0.000139750453,0.214294776,-1.00466423e-07,7.00284436e-05,0.0531261265,-0.524466753,0.250818014,0.130924493,-2.17656684,1.67904973,2.05749583,-1.01828742,1.24616504,0.151787251,0.0350453407,1.33299983,1.33299983,1.33299983
25.3333333,-0.611198425,0.262331992,0.317257822,-2.39027619,2.07797289,2.34661102,-1.89004946,1.08971047,0.0267678034,0.0591367483,1.33217824,1.32988381,1.33166039,-0.179129288,-0.109846838,0.362875104,0.0230571534,0.48586759,0.505282342,-0.345614463,-0.0725959837,-0.158818081,0.641136706,0.000201076618,0.000433352281,-3.40427505e-07,-0.524466753,0.250818014,0.130924493,-2.17656684,1.67904973,2.05749583,-1.01828742,1.24616504,0.162177324,0.130482197,1.33299983,1.33299983,1.33299983
25.4,-0.621449292,0.258451015,0.340493053,-2.38630223,2.11160254,2.38050222,-1.91433299,1.08850682,0.0259956904,0.124879442,1.33212376,1.32988751,1.33163333,-0.130221605,-0.0309251919,0.320528299,0.0813031867,0.53953588,0.463892728,-0.402128011,0.0362295806,4.82510077e-05,0.995296299,-2.18572677e-05,-3.52427014e-05,8.60309228e-08,-0.524466753,0.250818014,0.130924493,-2.17656684,1.67904973,2.05749583,-1.01828742,1.24616504,0.166236863,0.267363697,1.33299983,1.33299983,1.33299983
25.4666667,-0.629258454,0.258944988,0.361557186,-2.38118839,2.14262795,2.41289663,-1.94112206,1.08753788,0.0242852606,0.129712537,1.33103168,1.32890689,1.33059561,-0.0999415666,0.0254127011,0.296480596,0.0789022595,0.533674479,0.437610447,-0.469556928,-1.09641442e-05,0.000747582642,2.63680704e-08,1.49342959e-05,2.78327207e-05,3.76821845e-06,-0.524466753,0.250818014,0.130924493,-2.17656684,1.67904973,2.05749583,-1.01828742,1.24616504,0.160422131,0.135845706,1.33299983,1.33299983,1.33299983
25.5333333,-0.636665106,0.258244723,0.380208641,-2.37759018,2.17639899,2.43746781,-1.9709605,1.07942879,0.0249320175,0.171563432,1.33235157,1.33072627,1.33203793,-0.186238036,-0.135340571,0.303044975,-0.0382397324,0.372561783,0.231118232,-0.258740902,6.28540874e-06,0.086069718,0.350749433,-4.41409647e-05,0.0518450476,7.14790076e-08,-0.524466753,0.250818014,0.130924493,-2.17656684,1.67904973,2.05749583,-1.01828742,1.13951492,0.169193164,0.24631907,1.33299983,1.33299983,1.33299983
25.6,-0.647074938,0.252512038,0.399712622,-2.37755513,2.20998263,2.46075416,-2.00199819,1.0553596,0.0337296799,0.232676715,1.3319093,1.33267617,1.33166099,-0.149065211,-0.0796741918,0.27661261,-0.015205726,0.487370402,0.369238228,-0.465710431,-0.343043,0.000510789454,0.980425298,-0.000292005949,-0.000574980688,5.424954e-07,-0.524466753,0.250818014,0.130924493,-2.17656684,1.67904973,2.05749583,-1.01828742,1.03123009,0.176319629,0.365354657,1.33299983,1.33299983,1.33299983
25.6666667,-0.653054178,0.24821505,0.41134122,-2.37981319,2.25381351,2.47080255,-2.04266691,1.03478503,0.0380154848,0.292183012,1.3327409,1.33274484,1.3327508,-0.0530436859,-0.0333075561,0.133918211,-0.0144559825,0.736774266,0.102651969,-0.648014367,-0.199122995,-0.149401084,0.730349958,-9.55197029e-05,-0.00022360892,2.09636055e-05,-0.524466753,0.250818014,0.130924493,-2.17656684,1.67904973,2.05749583,-1.01828742,1.00881183,0.17135103,0.449838102,1.33299983,1.33299983,1.33299983
25.7333333,-0.656129062,0.245024905,0.41717124,-2.38345909,2.292243,2.47429824,-2.08034563,1.00226223,0.0401147082,0.320474714,1.3320297,1.33202243,1.33210289,-0.0405439697,-0.0537484884,0.0646113083,-0.0776566565,0.557534695,-0.0230836719,-0.521865189,-0.396644711,0.000314738601,0.381969959,-0.000288111391,-0.00042055035,-0.00474501215,-0.524466753,0.250818014,0.130924493,-2.17656684,1.67904973,2.05749583,-1.01828742,0.943066418,0.1780729,0.407070756,1.33299983,1.33299983,1.33299983
25.8,-0.657163203,0.24526298,0.421619177,-2.38932347,2.33046126,2.47542787,-2.12250423,0.956603765,0.0403783545,0.312165976,1.33217931,1.3321929,1.33225334,0.0200804379,0.0543776974,0.0502779186,-0.0743044391,0.662258446,-0.0177237988,-0.676326752,-0.560370564,0.00169058517,-0.0839308277,-0.00016136677,-0.000342673622,2.95287464e-07,-0.524466753,0.250818014,0.130924493,-2.17656684,1.67904973,2.05749583,-1.01828742,0.871615767,0.183534414,0.318514585,1.33299983,1.33299983,1.33299983
25.8666667,-0.655502737,0.250117689,0.425662011,-2.39540052,2.38006902,2.47132254,-2.17457366,0.922953904,0.0404642932,0.293774605,1.3326807,1.33269441,1.33276582,-0.0513377264,-0.0814664364,0.0396639183,-0.216744468,0.584344327,-0.221622407,-0.576299429,-0.509454012,-0.00700985175,-0.469265193,-0.000235178974,-0.000488727121,4.43309546e-07,-0.524466753,0.250818014,0.130924493,-2.17656684,1.67904973,2.05749583,-1.01828742,0.864599347,0.18797189,0.295448244,1.33299983,1.33299983,1.33299983
25.9333333,-0.661065638,0.244211704,0.431974769,-2.41086411,2.42014623,2.46187043,-2.21567607,0.915390193,0.0417269059,0.230321944,1.33263695,1.33265233,1.3327378,-0.116129115,-0.0875279903,0.164712444,-0.227070495,0.683935583,-0.164155588,-0.655679166,-0.150158212,0.000486798584,-0.826617479,-0.000148559804,-0.000319353654,2.38360371e-07,-0.524466753,0.250818014,0.130924493,-2.17656684,1.67904973,2.05749583,-1.01828742,0.923404098,0.154326856,0.168878242,1.33299983,1.33299983,1.33299983
26,-0.667652547,0.238869056,0.441687346,-2.4233005,2.46948719,2.45521259,-2.26173735,0.914726436,0.0411476828,0.225013942,1.33256829,1.33258832,1.33267927,-0.116468303,-0.0810486451,0.175620258,-0.179997727,0.702643991,-0.117480718,-0.671061635,0.0905515775,-0.00223310734,0.0655754656,-1.32686691e-05,-2.88673618e-05,1.24564394e-08,-0.524466753,0.250818014,0.130924493,-2.17656684,1.67904973,2.05749583,-1.01828742,0.935534477,0.131394222,0.241079181,1.33299983,1.33299983,1.33299983
26.0666667,-0.674872041,0.233502135,0.452749729,-2.43261194,2.51833868,2.45125127,-2.30930233,0.898038149,0.0429530442,0.26226458,1.33264995,1.3326894,1.33266079,-0.130053148,-0.0869264379,0.198159501,-0.132151231,0.693437874,-0.06987679,-0.647230446,-0.207177162,-0.00273560965,0.478896677,-6.95207273e-05,-0.000146935694,1.9458821e-07,-0.524466753,0.250818014,0.130924493,-2.17656684,1.67904973,2.05749583,-1.01828742,0.886945367,0.145607993,0.332951963,1.33299983,1.33299983,1.33299983
26.1333333,-0.683562458,0.228611931,0.466360599,-2.44085836,2.55712628,2.45560431,-2.34594417,0.892063439,0.044225283,0.231646091,1.3289938,1.32900739,1.32860208,-0.122858413,-0.0749825388,0.188540459,-0.125849813,0.586111367,0.0428891703,-0.534803927,-0.0588499904,0.00117148366,-0.343179703,4.19613571e-05,8.26245232e-05,-9.201176e-08,-0.524466753,0.250818014,0.130924493,-2.17656684,1.67904973,2.05749583,-1.01828742,0.882467628,0.157156676,0.203940362,1.33299983,1.33299983,1.33299983
26.2,-0.692351282,0.223715529,0.480620533,-2.44720101,2.60076737,2.4590013,-2.38518095,0.872481346,0.0450289547,0.247138023,1.32941008,1.32941365,1.32905996,-0.137785584,-0.0750161633,0.223762944,-0.0887136236,0.656265914,0.0562567525,-0.578666091,-0.295776904,0.000807061791,0.330454409,-0.000266965246,-0.000563387584,4.94968845e-07,-0.524466753,0.250818014,0.130924493,-2.17656684,1.67904973,2.05749583,-1.01828742,0.833068073,0.157933116,0.300062418,1.33299983,1.33299983,1.33299983
26.2666667,-0.701002181,0.219272956,0.49523297,-2.44898844,2.64348412,2.46841741,-2.41926718,0.844681978,0.045761276,0.3018139,1.3283397,1.32833636,1.32799733,-0.117493019,-0.0466117263,0.213476226,0.0192730892,0.577159584,0.181974888,-0.434754491,-0.325716287,0.161332637,0.893211901,-9.15828496e-05,-0.000184425618,1.95781467e-07,-0.524466753,0.250818014,0.130924493,-2.17656684,1.67904973,2.05749583,-1.01828742,0.788996041,0.167170838,0.409021139,1.33299983,1.33299983,1.33299983
26.3333333,-0.707797706,0.217891917,0.508999527,-2.44495654,2.67602468,2.4875288,-2.44248056,0.818494737,0.0417148806,0.342071831,1.32591367,1.3258009,1.32558846,-0.0979582667,-0.0273677297,0.189272687,0.0356635004,0.454810441,0.251799077,-0.315666258,-0.303319424,-0.103474036,0.461534113,-7.84322037e-06,-2.74275662e-05,6.66477717e-09,-0.524466753,0.250818014,0.130924493,-2.17656684,1.67904973,2.05749583,-1.01828742,0.746433556,0.155642852,0.412280142,1.33299983,1.33299983,1.33299983
26.4,-0.712417722,0.215444058,0.517989814,-2.44726753,2.71411228,2.49018979,-2.4764092,0.789957941,0.033835534,0.386840105,1.33133793,1.33127058,1.33111799,-0.036887385,-0.0337141864,0.082317248,-0.0771261603,0.62120527,-0.059089575,-0.581684113,-0.346505731,-0.0904475376,0.393429577,0.0661037192,0.0655886531,0.066885896,-0.524466753,0.250818014,0.130924493,-2.17656684,1.67904973,2.05749583,-1.01828742,0.712658763,0.159350574,0.500198007,1.33299983,1.33299983,1.33299983
26.4666667,-0.718026042,0.21176897,0.527291656,-2.45593596,2.75156879,2.48217607,-2.51359677,0.777907372,0.0323343053,0.380460203,1.33165216,1.33158386,1.3314383,-0.0887353122,-0.0609500073,0.144418508,-0.156904504,0.595200658,-0.140536457,-0.584915698,-0.137132913,-0.0863875523,-0.0578248911,-5.83747751e-05,-0.000119447766,8.98883445e-06,-0.524466753,0.250818014,0.130924493,-2.17656684,1.67904973,2.05749583,-1.01828742,0.753411174,0.126946121,0.401483059,1.33299983,1.33299983,1.33299983
26.5333333,-0.725437939,0.207353532,0.539327264,-2.4648447,2.79163027,2.4766047,-2.54816508,0.769325733,0.0307435226,0.384166151,1.33176219,1.33169162,1.3315469,-0.101136461,-0.0613294579,0.171886712,-0.114609875,0.646885216,-0.0661105737,-0.513620973,-0.116025262,-0.0813953057,0.0729529783,-0.000100102392,-0.00021110673,1.77649781e-07,-0.524466753,0.250818014,0.130924493,-2.17656684,1.67904973,2.05749583,-1.01828742,0.745926857,0.141993895,0.431007415,1.33299983,1.33299983,1.33299983
26.6,-0.719023108,0.207901686,0.53208828,-2.46954107,2.80646729,2.46440864,-2.54881692,0.763930321,0.0258096289,0.4027071,1.33093786,1.33082509,1.33068776,0.174341455,0.0232665632,-0.229091004,-0.0738627017,-0.000852981117,-0.26661104,0.188445911,-0.0294850282,-0.188402608,0.219412893,-0.000292795012,-0.000583346467,-2.70311721e-05,-0.524466753,0.250818014,0.130924493,-2.17656684,1.67904973,2.05749583,-1.01828742,0.711439848,0.154220238,0.506356537,1.33299983,1.33299983,1.33299983
26.6666667,-0.712578952,0.208195508,0.524645865,-2.47427011,2.80648589,2.45915627,-2.53270221,0.761017501,0.0301174335,0.356004566,1.32922459,1.32905889,1.32893395,0.0860761106,0.00111783284,-0.091314204,-0.0675227419,-0.00137103163,-0.0679047927,0.238032341,3.77767428e-05,0.00163447857,-0.559885144,-0.000158702605,-0.000332551426,2.8393697e-07,-0.524466753,0.250818014,0.130924493,-2.17656684,1.67904973,2.05749583,-1.01828742,0.709702015,0.143452108,0.326697618,1.33299983,1.33299983,1.33299983
26.7333333,-0.706271291,0.208234549,0.518046618,-2.47554111,2.80649781,2.46050453,-2.51594186,0.757411897,0.0293052122,0.364513397,1.32902372,1.32884133,1.32872748,0.100184605,0.00214865501,-0.0993176624,0.00608384144,0.00344917504,0.0217997022,0.250171214,8.9558278e-05,0.0169285536,0.141319498,-0.000471995212,-0.000955946743,-4.58882423e-05,-0.524466753,0.250818014,0.130924493,-2.17656684,1.67904973,2.05749583,-1.01828742,0.682007134,0.136192024,0.430662215,1.33299983,1.33299983,1.33299983
26.8,-0.697912812,0.208734885,0.508918107,-2.47714663,2.80649352,2.45667458,-2.50654721,0.754267514,0.0283102095,0.342361242,1.32907033,1.32888889,1.32876992,0.109093927,-0.00758416811,-0.122007318,-0.0505686067,0.00333669735,-0.110934839,0.136060089,5.95317688e-05,-0.0186719969,-0.257164627,-0.0052994648,-0.00813484937,5.58444299e-07,-0.524466753,0.250818014,0.130924493,-2.17656684,1.67904973,2.05749583,-1.01828742,0.659505069,0.133672103,0.340481579,1.33299983,1.33299983,1.33299983
26.8666667,-0.687019885,0.210158244,0.496207684,-2.47882128,2.80649924,2.44997692,-2.49160337,0.752955675,0.0275470205,0.369664371,1.32917416,1.32896221,1.32887805,0.164196149,0.0201200079,-0.195333719,-0.0330744199,0.0029281727,-0.149761811,0.233345225,4.48978681e-05,-0.117772572,0.220324606,-0.000154163805,-0.000296060345,-2.29470897e-05,-0.524466753,0.250818014,0.130924493,-2.17656684,1.67904973,2.05749583,-1.01828742,0.647886038,0.127345577,0.441861689,1.33299983,1.33299983,1.33299983
26.9333333,-0.67824322,0.212552562,0.487520158,-2.48020077,2.80649829,2.44869208,-2.47825217,0.750275671,0.02733838,0.319128901,1.32792199,1.3277564,1.32768548,0.126289144,0.0444095396,-0.116238236,-0.00230067875,0.00202847295,0.0106551526,0.194094837,-0.000115354327,0.0941360518,-0.545977533,0.000545286108,0.00117896753,-1.05219078e-06,-0.524466753,0.250818014,0.130924493,-2.17656684,1.67904973,2.05749583,-1.01828742,0.631781697,0.142318472,0.274295568,1.33299983,1.33299983,1.33299983
27,-0.669987381,0.214339137,0.478697926,-2.48692727,2.80648494,2.43303418,-2.46105027,0.781611919,0.0340361372,0.268691748,1.33300042,1.33300042,1.32826042,0.144133493,0.024158664,-0.173139766,-0.121006683,0.00426787883,-0.280455083,0.294909924,0.347920477,0.118928492,-0.569589555,-0.000100205223,-0.00016453187,1.75670721e-07,-0.524466753,0.250818014,0.130924493,-2.17656684,1.67904973,2.05749583,-1.01828742,0.837548614,0.154483944,0.22772792,1.33299983,1.33299983,1.33299983
27.0666667,-0.656775892,0.217163831,0.461604625,-2.49425793,2.80648446,2.408463,-2.44698238,0.785976648,0.0363441929,0.289247066,1.33300066,1.33300054,1.33300054,0.200166374,0.0478587635,-0.261158764,-0.111149073,0.00535640772,-0.389748305,0.182982579,0.0560687594,-0.0817614347,0.384325981,-0.000278190477,-0.000569919008,5.2080577e-07,-0.524466753,0.250818014,0.130924493,-2.17656684,1.67904973,2.05749583,-1.01828742,0.785882473,0.160788938,0.35024935,1.33299983,1.33299983,1.33299983
27.1333333,-0.649052024,0.21910502,0.452238321,-2.50225902,2.80649519,2.39307094,-2.42178392,0.847824216,0.0468291305,0.239219978,1.330845,1.33078992,1.33066392,0.072710216,0.0136043876,-0.0821451098,-0.0722089186,-3.81346326e-05,-0.173755154,0.468579799,0.9237293,-0.000265221577,-0.64505142,7.19975797e-05,-0.000837753993,-0.000841347384,-0.524466753,0.250818014,0.130924493,-2.17656684,1.67904973,2.05749583,-1.01828742,0.977559745,0.169491202,0.199860498,1.33299983,1.33299983,1.33299983
27.2,-0.643111885,0.219369844,0.443361759,-2.51144624,2.80649757,2.38164377,-2.40341616,0.866816163,0.0444503501,0.197855204,1.33086801,1.33081698,1.33068848,0.109608941,-0.000678712793,-0.183471903,-0.149553597,0.000174047178,-0.230643243,0.303562611,0.157184213,-0.000162621087,-0.506411433,0.000211816281,0.00286801066,-3.6181882e-07,-0.524466753,0.250818014,0.130924493,-2.17656684,1.67904973,2.05749583,-1.01828742,0.899641573,0.145496994,0.162015229,1.33299983,1.33299983,1.33299983
27.2666667,-0.640090525,0.218372419,0.437405795,-2.52320266,2.80649519,2.37324691,-2.37922072,0.856562436,0.0468980819,0.132285655,1.32954204,1.32952869,1.32938218,0.0133022368,-0.0395048708,-0.0587353371,-0.193360686,0.000186198857,-0.139844045,0.398700446,-0.167511284,-0.000392977381,-0.883667648,0.000133482405,0.000282901106,-2.20476068e-07,-0.524466753,0.250818014,0.130924493,-2.17656684,1.67904973,2.05749583,-1.01828742,0.836333036,0.157066494,0.0469202846,1.33299983,1.33299983,1.33299983
27.3333333,-0.634877324,0.21817255,0.427507818,-2.53234768,2.80649519,2.35711384,-2.35682487,0.844242871,0.0452934802,0.156612173,1.33299983,1.33299983,1.33299994,0.0865058973,0.0293582361,-0.13910906,-0.101094119,0.00284659117,-0.228537276,0.318711907,-0.0875837952,-6.89682784e-05,0.433079094,1.71872962e-05,5.56358718e-05,-5.60921762e-08,-0.524466753,0.250818014,0.130924493,-2.17656684,1.67904973,2.05749583,-1.01828742,0.824071169,0.107746795,0.203343138,1.33299983,1.33299983,1.33299983
27.4,-0.632978201,0.219339207,0.424311697,-2.53966355,2.80648971,2.34603286,-2.334023,0.830036104,0.0435411483,0.11967285,1.33274436,1.33277035,1.33279121,0.0120822452,0.00787414983,-0.0293035489,-0.120612517,0.000250334851,-0.167543426,0.365425617,-0.15886265,0.00121752091,-0.398996741,1.65429883e-05,2.61435489e-05,-3.77963261e-08,-0.524466753,0.250818014,0.130924493,-2.17656684,1.67904973,2.05749583,-1.01828742,0.774932086,0.126394451,0.0804992169,1.33299983,1.33299983,1.33299983
27.4666667,-0.630381167,0.22343263,0.418407977,-2.54352212,2.8055284,2.33315253,-2.31952977,0.828459144,0.0410527177,0.117505386,1.33275604,1.33277631,1.33280015,0.0945896134,0.136924952,-0.170164973,-0.0130645828,-0.085268788,-0.310801506,0.158067048,0.0384236313,-2.5201356e-05,-1.2118835e-07,5.56842642e-05,3.98969205e-05,6.93397596e-05,-0.62997508,0.227965161,0.418720305,-2.53848648,2.80189133,2.32987761,-2.32603312,0.835662723,0.0424341299,0.117755644,1.33299983,1.33299983,1.33299983
27.5333333,-0.621802509,0.240564153,0.402323276,-2.54141235,2.79153991,2.29643917,-2.30456805,0.836035609,0.0417472683,0.116086453,1.33276367,1.33277822,1.33281159,0.157685667,0.389390796,-0.302088708,0.0820841864,-0.303694099,-0.798395395,0.304016769,0.185886726,6.67967834e-05,-0.0514057726,-2.60721426e-05,-5.07342047e-05,1.3114186e-07,-0.621693671,0.2517519,0.403213799,-2.53517008,2.78897667,2.28536463,-2.30384541,0.851178527,0.0394132771,0.112468816,1.33299983,1.33299983,1.33299983
27.6,-0.608227193,0.274861574,0.380165935,-2.53748178,2.76548719,2.2311852,-2.27802753,0.852614939,0.0370612778,0.111946411,1.33300066,1.33299887,1.33299994,0.237179533,0.655622661,-0.378117353,0.131292447,-0.370888025,-1.17532384,0.489317954,0.302621931,9.56095755e-06,-0.0709368214,-3.15809984e-06,-6.50733e-06,1.0798658e-08,-0.609226108,0.287562668,0.379693657,-2.53003645,2.76906562,2.21842384,-2.27013564,0.874537528,0.0349289104,0.104509518,1.33299983,1.33299983,1.33299983
27.6666667,-0.591638863,0.324836403,0.352421314,-2.52503705,2.73982501,2.1429553,-2.23676848,0.87453264,0.0366837904,0.105978727,1.33299959,1.33299923,1.33300006,0.28419891,0.799376369,-0.510186017,0.215227187,-0.334836096,-1.4762243,0.707986712,0.344711125,-0.147294387,-5.28246164e-06,0.00160707114,-0.000582467532,0.00238652062,-0.593664408,0.332260847,0.350061476,-2.52340865,2.74347901,2.13498473,-2.22757792,0.903693616,0.0294313356,0.0945749059,1.33299983,1.33299983,1.33299983
27.7333333,-0.577737808,0.374370247,0.315341145,-2.5212512,2.70787048,2.04430056,-2.18294048,0.897629976,0.0252270158,0.097823061,1.33300018,1.33182991,1.33179784,0.257907391,0.814708829,-0.562680602,0.11109145,-0.439069152,-1.49092758,0.825185597,0.375402957,-0.093534112,-0.125416741,-1.60126001e-05,0.000258114131,-2.19560461e-05,-0.576100588,0.382709593,0.316218764,-2.51560783,2.71353674,2.04097676,-2.17884684,0.936600864,0.0233708713,0.0833621696,1.33299983,1.33299983,1.33299983
27.8,-0.559479058,0.432716519,0.278189838,-2.50946379,2.67826986,1.94447494,-2.12698317,0.925002217,0.0189021733,0.0881381407,1.33298922,1.33184373,1.3318094,0.258783221,0.865000784,-0.527363479,0.149048761,-0.540569365,-1.59876454,0.887926042,0.341486096,-0.265314579,-0.153413638,0.000105782892,0.000212606697,-4.0276791e-07,-0.557626784,0.43577233,0.280067086,-2.50695753,2.6805594,1.94233012,-2.12661719,0.971213102,0.0171978287,0.0715684667,1.33299983,1.33299983,1.33299983
27.8666667,-0.540426672,0.490367323,0.243137032,-2.49705482,2.6435039,1.84337425,-2.07010412,0.954558194,0.0102291321,0.0773671344,1.3329972,1.33184791,1.3318094,0.297876179,0.84395355,-0.516521752,0.194062606,-0.495588154,-1.45114172,0.799964964,0.489233047,-0.00017148914,-0.158901438,1.10523033e-05,1.49817351e-05,-8.06321623e-08,-0.539334953,0.488312185,0.243507892,-2.49777913,2.64586687,1.8449738,-2.0735631,1.00548422,0.0113625191,0.059890952,1.33299983,1.33299983,1.33299983
27.9333333,-0.52520895,0.538160264,0.206552833,-2.48872352,2.61227107,1.74579239,-2.01721644,0.987588644,0.0089480225,0.0664543509,1.32862163,1.33299983,1.33299363,0.205132738,0.6774351,-0.527146697,0.165622994,-0.486549079,-1.29749322,0.758566976,0.481735498,-0.000137412688,-0.167807102,-0.0772613138,5.70043449e-05,-1.10507244e-07,-0.522317171,0.537192702,0.208442807,-2.48839569,2.61077976,1.75483799,-2.02235985,1.03736854,0.00631525973,0.0490267985,1.33299983,1.33299983,1.33299983
28,-0.511442423,0.581525981,0.173151493,-2.47560024,2.57946944,1.66925645,-1.97060025,1.01884556,0.00843560882,0.0551157929,1.32532954,1.33300006,1.33148777,0.196453407,0.60792011,-0.464550942,0.198717728,-0.498994023,-1.01580763,0.638615966,0.451697856,0.000119949589,-0.165745869,-5.70435077e-09,2.94438778e-05,-0.104294382,-0.507665455,0.57927686,0.176773325,-2.47912908,2.57661843,1.67785192,-1.97568178,1.06481957,0.00250636088,0.0396731645,1.33299983,1.33299983,1.33299983
28.0666667,-0.500531733,0.616846323,0.145645991,-2.46311355,2.54951859,1.609882,-1.93172348,1.04698133,0.00622189883,0.0450514369,1.32547498,1.33283639,1.3266027,0.127773374,0.440588325,-0.360550374,0.171828046,-0.411370367,-0.73388505,0.529832959,0.382353485,-0.0201657414,-0.143724889,-2.14175088e-06,-0.0656493381,-0.069203265,-0.496472001,0.611428201,0.150400937,-2.47030163,2.54470301,1.61994529,-1.93620336,1.08579159,0.000386136497,0.0325272195,1.33299983,1.33299983,1.33299983
28.1333333,-0.494173557,0.639081657,0.125242919,-2.45457196,2.5221498,1.57434845,-1.90105379,1.06923997,0.00490617845,0.0337316506,1.32542753,1.3260082,1.32187152,0.0740008727,0.228247374,-0.265559047,0.0953884423,-0.340319693,-0.37932387,0.40719822,0.289886177,-0.0248423629,-0.287584931,0.000832255231,-0.120905742,3.3750548e-05,-0.48947987,0.631511807,0.130598575,-2.46225142,2.51575541,1.58524382,-1.90566933,1.09889185,9.99999975e-05,0.0280634277,1.33299983,1.33299983,1.33299983
28.2,-0.489545524,0.649124324,0.108577579,-2.45044708,2.49426913,1.55853176,-1.87751758,1.07818556,0.00298714289,0.0272721294,1.31923854,1.31864262,1.32198751,0.0644325465,0.0939471126,-0.234161898,0.0588796325,-0.428252786,-0.120040923,0.318084031,-0.0284207948,-0.0754521489,-0.0108348131,-0.0886231586,-0.1010639,0.0019836314,-0.485141993,0.643971562,0.114564113,-2.45512581,2.48700643,1.56580579,-1.87990534,1.10701919,9.99999975e-05,0.0252941363,1.33299983,1.33299983,1.33299983
28.2666667,-0.486396283,0.653154254,0.0950857326,-2.44720697,2.46316433,1.55471504,-1.85637426,1.07885325,0.00103132986,0.0255167745,1.31599689,1.31701505,1.32231212,0.0369258039,0.0390710756,-0.179880142,0.0709370822,-0.377428323,-0.0174421519,0.328185827,0.0388951749,0.000462519005,3.66911991e-07,0.0981201157,-0.000158254508,0.0849844515,-0.482806265,0.650680602,0.101189502,-2.44857883,2.45789623,1.55797315,-1.85741234,1.11139548,0.000100000005,0.0238029771,1.33299983,1.33299983,1.33299983
28.3333333,-0.485661656,0.654605687,0.0844146013,-2.44087648,2.43483257,1.55706036,-1.83566356,1.0804292,0.000130417364,0.0246045068,1.31881702,1.31696284,1.32330477,-0.0017671471,0.00212784647,-0.147811621,0.108967319,-0.45458889,0.0832743421,0.289043933,-9.85077077e-06,-2.37151799e-05,3.46335582e-08,4.66592028e-05,9.64067294e-05,7.44778663e-06,-0.482108533,0.652684569,0.0898918584,-2.4422183,2.42840815,1.55955303,-1.83747971,1.11270261,9.99999975e-05,0.0233575664,1.33299983,1.33299983,1.33299983
28.4,-0.486020625,0.653107464,0.0751980618,-2.43347144,2.40395141,1.56579709,-1.81753933,1.07983899,6.75073679e-05,0.0245894305,1.31877172,1.31689954,1.32327032,-0.00792880636,-0.0480292514,-0.12892282,0.109952338,-0.466770202,0.177748755,0.27235648,0.0473399274,-7.24494676e-05,2.83034751e-08,2.82131368e-05,5.97635517e-05,3.89557681e-06,-0.48268491,0.65102917,0.0800882876,-2.43565249,2.39852548,1.5683533,-1.81939781,1.11162281,0.000100000005,0.0237255134,1.33299983,1.33299983,1.33299983
28.4666667,-0.48676312,0.648394346,0.0672334507,-2.42637157,2.37253714,1.58015394,-1.80091548,1.08023775,6.34783428e-05,0.0245792195,1.31874633,1.31683385,1.32325125,-0.0130323321,-0.09019389,-0.112454541,0.10390605,-0.476887733,0.247550398,0.24054417,-6.65687185e-06,-0.000101823134,-4.8916263e-08,5.58327883e-06,1.26560917e-05,2.7554488e-06,-0.484171271,0.646759689,0.0711958706,-2.42848921,2.3682313,1.58218122,-1.80245614,1.10883784,9.99999902e-05,0.0246744324,1.33299983,1.33299983,1.33299983
28.5333333,-0.487707376,0.641651511,0.0601225235,-2.41933107,2.34025931,1.59775281,-1.7850095,1.07953727,-8.72518555e-08,0.0245730616,1.31942165,1.31677067,1.32325041,-0.0140594896,-0.106931455,-0.102329247,0.110334255,-0.483354032,0.275952429,0.248403251,0.028083425,-7.91799175e-05,5.4242264e-08,0.0862180889,-1.59989577e-05,-1.86552643e-06,-0.48620373,0.64092195,0.0626317412,-2.42033672,2.33750916,1.59884465,-1.78594494,1.10503006,0.000100000005,0.0259719361,1.33299983,1.33299983,1.33299983
28.6,-0.488579512,0.634717584,0.0534459054,-2.41118622,2.30822182,1.61599052,-1.76839221,1.07969642,-3.91996173e-06,0.0244393945,1.32999623,1.31787634,1.32461309,-0.0140585685,-0.0962120891,-0.0985154063,0.159820721,-0.441197127,0.269253999,0.270846784,-2.60888301e-05,0.00219516736,-0.000838144915,0.203713149,0.0849397779,0.106408723,-0.488418162,0.634561419,0.0538129918,-2.41080356,2.30634141,1.61615062,-1.76915371,1.1008811,9.99999975e-05,0.0273856316,1.33299983,1.33299983,1.33299983
28.6666667,-0.489355266,0.628883362,0.0457360968,-2.39982033,2.27591395,1.63287866,-1.75032961,1.07969141,4.49371009e-06,0.0248016249,1.33299899,1.32470095,1.3330003,-0.00903976522,-0.0776854828,-0.131797045,0.181500629,-0.505387068,0.237094268,0.270558715,-0.000619232829,-0.00920989178,7.23451376e-06,-0.003611058,0.114887297,-0.00321949203,-0.490450561,0.628723621,0.0441567115,-2.39949727,2.27471185,1.63190675,-1.75137269,1.0970732,9.99999975e-05,0.0286831316,1.33299983,1.33299983,1.33299983
28.7333333,-0.489825845,0.624459505,0.0358147025,-2.38707352,2.24214125,1.64590967,-1.73177552,1.07931089,4.28183938e-07,0.0264770146,1.33299959,1.33216512,1.33299983,-0.00576491142,-0.0561905093,-0.166318491,0.195289001,-0.513844013,0.145209774,0.292622089,-4.36931441e-06,0.00168823637,0.0500487126,3.96474497e-05,0.0989026651,5.71017154e-08,-0.491936982,0.6244542,0.0330800116,-2.38602686,2.24260402,1.64392078,-1.73189151,1.09428823,0.000100000005,0.0296320505,1.33299983,1.33299983,1.33299983
28.8,-0.489942074,0.622025192,0.0234437976,-2.37266207,2.20802641,1.65225422,-1.71061528,1.07916415,9.60917987e-07,0.0275706165,1.33299756,1.33299959,1.33299923,0.0036370724,-0.0129846707,-0.206592202,0.241326958,-0.500316083,0.0430870242,0.342599005,-6.35902397e-05,0.000394553645,1.92594598e-07,0.00771976169,0.000713861547,-7.61374831e-05,-0.492513329,0.622798741,0.0199999996,-2.36999989,2.21000004,1.64999998,-1.70999992,1.09320843,9.99999975e-05,0.0299999993,1.33299983,1.33299983,1.33299983
28.8666667,-0.489885777,0.622807205,0.00889449939,-2.35393524,2.17382717,1.65405726,-1.68544912,1.07916486,5.70655629e-07,0.0275623314,1.33300018,1.33299541,1.33300006,0.000964782026,0.0303832758,-0.230664968,0.321215063,-0.537481666,0.0359993018,0.413494706,1.17392847e-06,0.00100467284,1.14938302e-07,1.32955756e-05,0.00758141931,7.82130701e-06,-0.492513359,0.622798741,0.00446537742,-2.34995437,2.17597246,1.65379548,-1.68491304,1.09320843,0.000100000005,0.0299999993,1.33299983,1.33299983,1.33299983
28.9333333,-0.489596039,0.625260115,-0.0073391241,-2.33032131,2.13816285,1.65802312,-1.65633762,1.07916486,1.54314037e-07,0.0275611039,1.33300006,1.33300006,1.33300006,0.00731331855,0.0361629874,-0.258635342,0.38189128,-0.542104661,0.0866406485,0.455949903,9.86974555e-08,-6.74708645e-07,-1.05665094e-07,-2.31109493e-06,-2.28330055e-06,-2.21956816e-06,-0.492513329,0.622798741,-0.0131715517,-2.32545638,2.1400013,1.659729,-1.65692353,1.09320843,9.99999975e-05,0.0299999993,1.33299983,1.33299983,1.33299983
29,-0.489115596,0.627158165,-0.0255708508,-2.30340838,2.10119939,1.66501689,-1.62522459,1.07916486,-5.74080055e-08,0.0275662597,1.33299994,1.33300006,1.33300006,0.00584224192,0.0177627914,-0.288451225,0.421986818,-0.565496445,0.119886301,0.47281301,-8.70923031e-07,-3.91415888e-05,4.39613359e-08,-7.82808274e-06,-5.88296598e-06,-7.81722156e-06,-0.492513359,0.622798741,-0.0322882943,-2.2976563,2.10268211,1.6667639,-1.6269387,1.09320843,9.99999975e-05,0.0299999993,1.33299983,1.33299983,1.33299983
29.0666667,-0.48901847,0.627712786,-0.0456077121,-2.27405262,2.06313801,1.67300677,-1.59362829,1.0791651,-1.35485095e-07,0.0278155822,1.33299875,1.33299994,1.33299971,-0.00326543208,-0.00166592642,-0.312506676,0.45683375,-0.573796272,0.117419571,0.472730398,-2.22560129e-06,-2.78373636e-06,5.0466042e-08,-1.17841701e-05,2.51110805e-06,-1.35855043e-05,-0.492513329,0.622798741,-0.0522623584,-2.26770449,2.06461191,1.67386365,-1.59586549,1.09320843,0.000100000005,0.0300000012,1.33299983,1.33299983,1.33299983
29.1333333,-0.489637345,0.62720716,-0.0669766515,-2.24247217,2.02506232,1.6799109,-1.56239831,1.07916486,-1.39627772e-07,0.0282120351,1.33297491,1.33299804,1.33299804,-0.0145172831,-0.0145587241,-0.32832852,0.486647069,-0.567394376,0.0899619013,0.462005258,-4.13950966e-06,-1.26458599e-05,-4.29281499e-08,-1.05731888e-05,9.34817945e-06,-1.89798448e-05,-0.492513299,0.622798681,-0.0724712461,-2.2367506,2.02638578,1.67999125,-1.5646106,1.09320831,9.99999902e-05,0.0299999975,1.33299983,1.33299983,1.33299983
29.2,-0.490947485,0.625972092,-0.0890481696,-2.20944428,1.98775566,1.68450677,-1.53228688,1.07916486,-8.53879101e-08,0.0282307863,1.33294439,1.33299804,1.33299804,-0.0234458148,-0.0245241933,-0.333327532,0.497676343,-0.55170846,0.04937822,0.439263403,-5.46526917e-06,-1.59220417e-05,3.36731318e-08,-1.1692784e-05,7.90122431e-06,-2.19693466e-05,-0.492513359,0.6227988,-0.0922924727,-2.20594525,1.98860061,1.68411088,-1.53408158,1.09320843,0.000100000005,0.0300000012,1.33299983,1.33299983,1.33299983
29.2666667,-0.492728561,0.624108672,-0.111018948,-2.1765933,1.95170712,1.68607068,-1.50411713,1.07916474,-4.04725213e-08,0.0284132846,1.33292103,1.33299065,1.33299196,-0.0285131689,-0.0332550444,-0.325069219,0.48064816,-0.530779004,-0.00133181678,0.404257476,2.21191385e-07,-1.9858333e-05,3.16324767e-05,-8.99242877e-06,5.12285624e-06,3.29456598e-05,-0.492513299,0.622798681,-0.11110352,-2.17643857,1.95185173,1.68518519,-1.50518513,1.09320843,9.99999975e-05,0.0299999975,1.33299983,1.33299983,1.33299983
29.3333333,-0.49472037,0.621773124,-0.131945997,-2.14582944,1.91725576,1.68385303,-1.47867203,1.07916474,3.83070869e-07,0.0284295417,1.33291793,1.33298588,1.33299124,-0.0299682748,-0.0379009768,-0.301629007,0.435801685,-0.502647519,-0.0647775382,0.357767373,1.61142671e-05,0.000255918567,2.77068466e-08,1.78505288e-05,-0.00623459928,-0.000159897114,-0.492513359,0.622798741,-0.128281951,-2.14938116,1.91673589,1.6821779,-1.47882831,1.09320843,0.000100000005,0.0300000012,1.33299983,1.33299983,1.33299983
29.4,-0.496718794,0.619328141,-0.150806054,-2.11887813,1.88498259,1.6768856,-1.45669889,1.07916474,6.56652503e-07,0.0284417868,1.33291793,1.33298397,1.33299148,-0.02894683,-0.0360159129,-0.263011724,0.367442071,-0.466025293,-0.144541726,0.300482124,-2.87055241e-06,0.000131984998,-7.02857506e-08,-1.81683754e-06,-4.28489147e-05,-7.04231497e-05,-0.492513329,0.622798741,-0.143205196,-2.12592268,1.88384831,1.67405236,-1.45591831,1.09320843,9.99999975e-05,0.0299999993,1.33299983,1.33299983,1.33299983
29.4666667,-0.49857977,0.617188394,-0.166627079,-2.09720349,1.85545933,1.66403425,-1.438941,1.07916474,7.70132544e-07,0.0284460876,1.33291793,1.33298385,1.33299124,-0.0261618327,-0.0286695529,-0.210430712,0.278534919,-0.420216143,-0.241696239,0.231407583,-1.81594044e-06,0.000233194791,9.05120032e-08,7.77621608e-06,-4.0591709e-05,-6.98881267e-05,-0.492513329,0.622798741,-0.155250832,-2.10721374,1.85378575,1.65977216,-1.43736207,1.09320843,9.99999975e-05,0.0299999975,1.33299983,1.33299983,1.33299983
29.5333333,-0.500019789,0.615725696,-0.178869382,-2.08203268,1.82904649,1.64354551,-1.42625499,1.07916474,5.30581417e-07,0.0284411069,1.33291781,1.3329742,1.33297813,-0.0119132847,-0.0109075271,-0.166147873,0.177063301,-0.379999131,-0.397122413,0.146140948,-3.81112841e-05,-9.94554721e-05,5.96774044e-08,0.000274917576,-0.000157035596,-0.00202582497,-0.492484927,0.623129547,-0.164145961,-2.09410048,1.82679784,1.63695538,-1.42431915,1.09321463,0.000100052159,0.0298358276,1.33299983,1.33299983,1.33299983
29.6,-0.500492454,0.616590858,-0.188750789,-2.0728941,1.803949,1.60840654,-1.42008519,1.0790658,6.65779396e-07,0.0284249317,1.33291924,1.33296537,1.33297348,-0.00520465197,0.0395995565,-0.126146168,0.101335816,-0.373084694,-0.655646026,0.0423755944,2.71453359e-06,0.000177840673,7.71251507e-08,2.90921289e-05,2.50531739e-05,1.89440761e-05,-0.492283165,0.625478089,-0.171541557,-2.08527946,1.80124676,1.59852254,-1.41827166,1.09325886,0.000100422476,0.0286702234,1.33299983,1.33299983,1.33299983
29.6666667,-0.500633419,0.621044099,-0.195419282,-2.06817341,1.77978182,1.55725062,-1.4202646,1.0790658,9.86968303e-07,0.0283979736,1.33291924,1.33296394,1.33296239,0.00302529265,0.0905107632,-0.0740079954,0.0406264886,-0.355575383,-0.863476694,-0.0390978158,-0.000642000523,0.00360038504,-0.0502901748,-0.00329644722,-0.0032607785,-0.00323522999,-0.491945058,0.62941438,-0.177613333,-2.07997918,1.77697861,1.54727161,-1.41797233,1.09333301,0.000101043166,0.026716603,1.33299983,1.33299983,1.33299983
29.7333333,-0.499869168,0.628100157,-0.198490992,-2.06749773,1.7570529,1.49558902,-1.42463303,1.07906651,6.57262603e-07,0.0264805891,1.33291233,1.33296132,1.3329463,0.0210351441,0.115884356,-0.0197159015,-0.0204058662,-0.332555771,-0.972834945,-0.0837984905,-0.000604304951,0.00307054585,-0.0511908568,-0.00345177297,-0.00361469807,-0.0032185344,-0.491538674,0.634144485,-0.182206824,-2.07766461,1.75416827,1.48757088,-1.42181671,1.09342217,0.000101789017,0.0243689697,1.33299983,1.33299983,1.33299983
29.8,-0.497869432,0.635959506,-0.197972283,-2.07067609,1.73561573,1.42944372,-1.43099499,1.07894969,8.71456962e-07,0.0242393687,1.33290255,1.33295465,1.33292079,0.0386366136,0.11573375,0.0324571058,-0.0729130805,-0.31442067,-1.00315332,-0.107455298,-0.0343924351,0.00294495653,-0.0509615764,-0.00344938529,-0.00360254524,-0.00193538168,-0.491132408,0.638874769,-0.185167715,-2.0777986,1.73299074,1.42378855,-1.4282012,1.09351122,0.00010253489,0.0220213439,1.33299983,1.33299983,1.33299983
29.8666667,-0.494941086,0.643149376,-0.194142327,-2.07672358,1.71530223,1.36341965,-1.43760943,1.07894218,1.32480727e-06,0.0226926766,1.33289123,1.3329494,1.33290195,0.0484818779,0.0964903906,0.0785781294,-0.105790026,-0.296006829,-0.971043646,-0.0944312289,-0.000595157617,0.00278444937,-0.0499622449,-0.00332673313,-0.00346467248,-0.00310013187,-0.490794241,0.642811,-0.186341494,-2.07984567,1.71362054,1.36029279,-1.43552089,1.09358525,0.000103155558,0.0200677179,1.33299983,1.33299983,1.33299983
29.9333333,-0.491701424,0.648472488,-0.187516153,-2.08427525,1.69658065,1.30163658,-1.44320512,1.07894242,6.2180834e-07,0.021587953,1.332883,1.33294833,1.33289337,0.0480900854,0.0598318055,0.11559698,-0.118745528,-0.26554659,-0.875498056,-0.0690134615,1.43739021e-06,0.000169344989,8.9086825e-08,7.92673382e-06,1.65654201e-05,1.99599162e-06,-0.49059251,0.645159602,-0.185573846,-2.08326888,1.69623268,1.3014518,-1.44217181,1.09362972,0.00010352589,0.0189021155,1.33299983,1.33299983,1.33299983
30,-0.488798529,0.650783002,-0.178825602,-2.09210682,1.67994118,1.24841654,-1.44648707,1.07895648,-9.22057453e-08,0.0215906445,1.332883,1.33294833,1.33289337,0.0387109853,0.00650790986,0.140859649,-0.115037933,-0.231549188,-0.712876797,-0.0254698172,8.53918664e-07,1.02954846e-05,-7.62665877e-08,-1.31265406e-05,-1.35799564e-05,-8.08629557e-06,-0.4905954,0.645126522,-0.18271026,-2.08753252,1.68100202,1.25163376,-1.4465493,1.093629,0.000103520673,0.018918531,1.33299983,1.33299983,1.33299983
30.0666667,-0.486740321,0.649062991,-0.168823391,-2.09916234,1.66525161,1.20818722,-1.44621575,1.07909691,-6.08214521e-07,0.021593038,1.33288467,1.33295083,1.33290088,0.0235008355,-0.0610228628,0.157446608,-0.0978581309,-0.198055699,-0.482093453,0.0388481393,3.02055014e-07,7.22950645e-05,1.19500328e-07,-3.36969242e-05,-4.41418088e-05,-1.70540297e-05,-0.490870982,0.641917944,-0.177596375,-2.09209967,1.66810286,1.21520698,-1.44704938,1.09356856,0.00010301474,0.020510979,1.33299983,1.33299983,1.33299983
30.1333333,-0.48592639,0.642420709,-0.157743633,-2.10508156,1.65433598,1.18612754,-1.44076514,1.07909679,-9.18172427e-10,0.0219127033,1.33290684,1.33297801,1.33293068,0.00160482165,-0.138524815,0.171559259,-0.0782832429,-0.134721249,-0.173819959,0.126791626,0.000604636152,-0.00216779439,0.05001086,0.00317435386,0.00328937056,0.00297543826,-0.491487592,0.634739995,-0.170077756,-2.09643412,1.65771079,1.19653964,-1.44206774,1.09343338,0.000101882913,0.0240734667,1.33299983,1.33299983,1.33299983
30.2,-0.486602098,0.630501449,-0.145889133,-2.10932016,1.64668572,1.18656564,-1.42885089,1.07909644,-5.07153231e-07,0.0251397714,1.33293331,1.33300006,1.3329612,-0.0202563312,-0.219759807,0.183280259,-0.049331408,-0.0937490761,0.195602432,0.234706074,5.46622323e-06,8.81151136e-05,0.0612705983,-3.94406379e-05,-7.40923788e-05,1.139706e-07,-0.492513329,0.622798741,-0.159999996,-2.0999999,1.64999998,1.19999993,-1.42999995,1.09320843,9.99999975e-05,0.0299999993,1.33299983,1.33299983,1.33299983
30.2666667,-0.488549858,0.612985432,-0.133293092,-2.11193442,1.64122641,1.21172535,-1.40963411,1.07909715,-5.78411175e-07,0.0304247588,1.3330003,1.3330003,1.33300042,-0.0386736542,-0.306859404,0.19600749,-0.0375954881,-0.0580663048,0.542170823,0.335827023,2.05488504e-07,1.29942673e-05,0.0961671174,-2.25118256e-05,-3.01386863e-05,-1.35060163e-05,-0.494012028,0.605352104,-0.146355063,-2.1035912,1.64487183,1.22484565,-1.41068995,1.09287977,9.72489943e-05,0.0386589095,1.33299983,1.33299983,1.33299983
30.3333333,-0.492058992,0.589734614,-0.119351588,-2.11478376,1.6388855,1.25649607,-1.38473666,1.07909715,-3.65340298e-07,0.0380746052,1.33300018,1.3330003,1.33300018,-0.0646315515,-0.388409823,0.221001357,-0.0497122221,-0.0159098562,0.78094995,0.406163841,2.97769475e-07,1.25033584e-05,0.128893062,-1.75750083e-05,-2.24236937e-05,-1.13855776e-05,-0.495948434,0.582809627,-0.128724664,-2.10823131,1.64192986,1.26567376,-1.38573968,1.09245515,9.36944634e-05,0.0498469584,1.33299983,1.33299983,1.33299983
30.4,-0.497029722,0.561628759,-0.10351225,-2.11844397,1.63868654,1.31432474,-1.35564423,1.07909715,-1.40385609e-07,0.0479262434,1.33300102,1.33299875,1.3330003,-0.0801720619,-0.452148914,0.253009558,-0.0608947575,0.0099937981,0.943561733,0.464140266,-1.62554552e-05,1.10149194e-05,0.160037071,-0.00712878816,0.00685816444,-8.19454726e-08,-0.498242408,0.556104779,-0.107838959,-2.11372805,1.64090264,1.31986165,-1.35618234,1.09195209,8.94836121e-05,0.0631007925,1.33299983,1.33299983,1.33299983
30.4666667,-0.502457142,0.529953301,-0.0852439031,-2.12268186,1.63998425,1.38171101,-1.32299221,1.07909012,-6.25570138e-08,0.059782397,1.3330003,1.33300018,1.3330003,-0.078363508,-0.49605903,0.293767244,-0.0683762357,0.0327749252,1.07184935,0.512140095,-1.38506293e-05,-1.26235827e-05,0.188156456,3.85466192e-05,4.39585201e-05,-2.34706476e-08,-0.500813663,0.526171267,-0.0844280794,-2.11988926,1.64151812,1.38478637,-1.32305169,1.09138823,8.47636547e-05,0.077957049,1.33299983,1.33299983,1.33299983
30.5333333,-0.507301986,0.49600938,-0.0640477315,-2.12734842,1.64271617,1.45668721,-1.28764784,1.07896304,2.69715539e-08,0.0733283758,1.33300018,1.33300006,1.3330003,-0.0640222281,-0.520970285,0.339664906,-0.0744991601,0.0514644422,1.16970253,0.545463145,5.50427558e-07,6.16762627e-05,0.210426345,5.90694071e-08,-1.75859441e-07,-7.83952601e-08,-0.50358212,0.493942678,-0.0592222288,-2.12652302,1.64350522,1.4578253,-1.28738046,1.09078097,7.96818131e-05,0.0939523876,1.33299983,1.33299983,1.33299983
30.6,-0.510977864,0.460973084,-0.039840389,-2.13243341,1.64639044,1.5368675,-1.25058508,1.07896304,1.88210848e-07,0.0881838799,1.33300006,1.33299994,1.33300018,-0.0447400659,-0.529819429,0.383029521,-0.0817060173,0.0618126653,1.22717905,0.562270463,3.95736834e-07,4.70767191e-05,0.227039158,-3.09000825e-07,-3.72533577e-07,-7.86048986e-08,-0.506467581,0.46035257,-0.0329515673,-2.13343716,1.64659214,1.53635573,-1.25020266,1.09014833,7.43852797e-05,0.110623449,1.33299983,1.33299983,1.33299983
30.6666667,-0.513360202,0.425810575,-0.0130821457,-2.13802338,1.65056527,1.61940992,-1.21287501,1.07896304,2.43492224e-07,0.103961855,1.33299994,1.33299983,1.33300006,-0.0263559297,-0.525385559,0.41534093,-0.0896381363,0.0671046972,1.24130452,0.564221978,5.77496508e-07,6.98492222e-05,0.237872511,-2.52413884e-07,-4.31603212e-07,2.1678261e-08,-0.509389758,0.42633459,-0.00634622946,-2.14043927,1.65050709,1.61775494,-1.21255112,1.08950746,6.90212764e-05,0.127506882,1.33299983,1.33299983,1.33299983
30.7333333,-0.514635265,0.391356945,0.0152273756,-2.14407754,1.65499043,1.70151186,-1.17555392,1.07896304,1.86145741e-07,0.120247617,1.33299983,1.33299983,1.33299994,-0.0123565802,-0.508760452,0.429209977,-0.0951144546,0.0693541542,1.21536314,0.550050616,-3.33259095e-07,5.15215906e-05,0.242408916,3.98449993e-06,6.75436968e-06,7.38000381e-08,-0.512268484,0.392822266,0.0198635943,-2.14733744,1.65497863,1.69940019,-1.17545938,1.08887613,6.37370104e-05,0.14413932,1.33299983,1.33299983,1.33299983
30.8,-0.51516211,0.358412772,0.0436867252,-2.15032339,1.65948248,1.78065085,-1.13974297,1.07896304,1.33040459e-07,0.136600301,1.33299983,1.33299911,1.33299983,-0.00454038708,-0.480070651,0.420086265,-0.0949296951,0.0689142644,1.15348709,0.518779457,-9.18141495e-07,1.71912397e-05,0.240269735,1.05807558e-05,2.03440723e-05,-4.95347194e-08,-0.515023589,0.360749245,0.0449477471,-2.15393901,1.65973532,1.77866888,-1.13996053,1.08827198,5.86796996e-05,0.160057425,1.33299983,1.33299983,1.33299983
30.8666667,-0.51537323,0.327779859,0.0707033053,-2.15633917,1.66386533,1.85450542,-1.10659647,1.07896304,1.6799379e-07,0.152552456,1.33299959,1.33299816,1.33299959,-0.00324672693,-0.439146727,0.386707485,-0.0877776816,0.0657845736,1.0573411,0.470497996,-1.70091971e-06,1.10976362e-05,0.231013596,1.34273141e-05,2.69111188e-05,2.40688678e-08,-0.517574787,0.331049144,0.0681760684,-2.1600523,1.66450524,1.85293794,-1.10708809,1.08771253,5.39965476e-05,0.174797848,1.33299983,1.33299983,1.33299983
30.9333333,-0.515672803,0.300285012,0.0947028473,-2.16167498,1.66797733,1.92078996,-1.07723105,1.07896304,5.04754894e-07,0.167608872,1.33299232,1.33299065,1.3329922,-0.00721055968,-0.385418564,0.330664098,-0.0739303902,0.0596206598,0.926212668,0.4064731,4.10001667e-05,0.000368982495,0.21382001,-0.0002001627,-0.000193980493,0.00251350203,-0.519842088,0.304655552,0.0888184011,-2.16548514,1.66901696,1.91958475,-1.07787538,1.08721519,4.9834769e-05,0.187897235,1.33299983,1.33299983,1.33299983
31,-0.516330302,0.276812822,0.114310138,-2.16593146,1.67155147,1.97708464,-1.05265915,1.07896304,6.8317155e-07,0.181246579,1.33299243,1.332991,1.33298492,-0.0137224933,-0.317886919,0.25653863,-0.0550071597,0.0516197719,0.759277046,0.326662809,-1.08349377e-06,6.19907587e-05,0.189714521,-5.42528287e-05,-3.8703467e-05,6.82484824e-09,-0.521745086,0.282502025,0.106144577,-2.17004514,1.67299902,1.97598684,-1.05335569,1.08679795,4.63415745e-05,0.198892221,1.33299983,1.33299983,1.33299983
31.0666667,-0.517409623,0.258319736,0.128472686,-2.16879845,1.67461479,2.02104449,-1.03390408,1.07896304,2.20285472e-07,0.192939624,1.33298135,1.33298624,1.33298492,-0.019888686,-0.235456243,0.168714911,-0.0318139493,0.0412206016,0.554808378,0.233444184,-1.59508636e-06,1.35408482e-06,0.157081127,-0.000131901266,-9.95348091e-05,4.06289473e-08,-0.523203671,0.265522182,0.119424425,-2.17354035,1.67617941,2.019521,-1.03456223,1.08647799,4.36641749e-05,0.207319468,1.33299983,1.33299983,1.33299983
31.1333333,-0.518790662,0.245823652,0.136447757,-2.17005682,1.67688596,2.05005121,-1.02191997,1.07871914,2.9259952e-06,0.202149019,1.33295631,1.33296132,1.33297658,-0.0225693416,-0.13760303,0.0719371215,-0.00608033175,0.0254739784,0.310812742,0.118321843,-0.0392982103,0.00060252822,0.115577288,-0.00453635305,-0.00185204507,-0.00756482314,-0.524137616,0.254649669,0.12792778,-2.17577839,1.67828691,2.04756522,-1.02252829,1.08627319,4.1949781e-05,0.212715596,1.33299983,1.33299983,1.33299983
31.2,-0.520172656,0.240364522,0.137797594,-2.16958666,1.6779269,2.06137562,-1.01748776,1.07851803,3.30754192e-05,0.208390996,1.33294308,1.33295739,1.33296597,-0.0199152194,-0.0241273437,-0.0288028121,0.0198650695,0.00558282156,0.0250706393,0.00358114624,-2.643671e-06,0.000289554067,0.0712130442,1.33172143e-05,2.7209564e-05,-6.46105036e-09,-0.524466753,0.250818014,0.130924493,-2.17656684,1.67904973,2.05749583,-1.01828742,1.08620107,4.13456e-05,0.214617267,1.33299983,1.33299983,1.33299983
31.2666667,-0.51907742,0.241483361,0.130346239,-2.17271733,1.65118802,2.05466294,-1.01950788,1.07094204,0.0253654514,0.154533863,1.32188463,1.32209218,1.32243228,0.0275145341,0.0406732634,-0.125677168,-0.0813850984,-0.305276036,-0.0724164173,-0.11582613,-0.0989823341,-0.000172763452,-0.603263736,5.66015369e-05,0.000110736,-1.40047632e-07,-0.524466753,0.250818014,0.130924493,-2.17656684,1.67904973,2.05749583,-1.01828742,1.06825066,0.0631641448,0.0903486237,1.33299983,1.33299983,1.33299983
31.3333333,-0.516212523,0.245926514,0.120039046,-2.18048882,1.62281537,2.0503521,-1.0330025,1.02821326,0.0360369198,0.0932389721,1.32053578,1.32081115,1.3212105,0.0502000041,0.088536948,-0.161378831,-0.133213952,-0.356243283,-0.0578867272,-0.225444794,-0.583191752,-0.000170122366,-0.727694988,5.73903089e-05,0.0001160549,-9.61590558e-08,-0.524466753,0.250818014,0.130924493,-2.17656684,1.67904973,2.05749583,-1.01828742,0.973327935,0.0534620918,0.0171012282,1.33299983,1.33299983,1.33299983
31.4,-0.512874961,0.253488541,0.110136755,-2.19061613,1.60620677,2.04415846,-1.06136012,1.01203263,0.0364464112,0.0470065549,1.32048512,1.32076681,1.32115901,0.0446186997,0.136061147,-0.124300271,-0.152293235,-0.17221418,-0.0698129982,-0.500948191,-0.0525750592,-9.39866004e-05,-0.520655692,3.35672521e-05,6.52186282e-05,5.55126462e-07,-0.524466753,0.250818014,0.130924493,-2.17656684,1.67904973,2.05749583,-1.01828742,0.999972343,0.071300745,0,1.33299983,1.33299983,1.33299983
31.4666667,-0.509252727,0.264348447,0.100891598,-2.1996913,1.59659719,2.03858161,-1.09577143,1.04857576,0.0336006954,0.0221783295,1.32045531,1.32073927,1.32112849,0.0548416264,0.185724124,-0.131753862,-0.108411163,-0.130207404,-0.0597837754,-0.566094279,0.403277159,-0.169804722,-0.249234244,2.57175998e-05,5.27971424e-05,-3.64379957e-08,-0.524466753,0.250818014,0.130924493,-2.17656684,1.67904973,2.05749583,-1.01828742,1.12441027,0.0899185687,0,1.33299983,1.33299983,1.33299983
31.5333333,-0.505803406,0.278451115,0.093105197,-2.20462537,1.58493268,2.03646088,-1.12767828,1.08044386,0.022794487,0.0101748453,1.32043242,1.3207233,1.32110357,0.0461477377,0.229158729,-0.0969538465,-0.0351375267,-0.171213984,-0.00633775815,-0.437482148,0.0521303341,-0.0686342865,-0.105475128,-0.000316382269,-0.000681224861,5.12111001e-07,-0.524466753,0.250818014,0.130924493,-2.17656684,1.67904973,2.05749583,-1.01828742,1.22418118,0.0858904421,0,1.33299983,1.33299983,1.33299983
31.6,-0.50288105,0.295652449,0.087449871,-2.20283461,1.56672847,2.0410614,-1.14620459,1.08147371,0.022032572,0.00222766935,1.32062781,1.32089376,1.3212924,0.0384276547,0.269676119,-0.0663437471,0.0801120102,-0.211958498,0.0966167301,-0.244800419,-6.16515172e-06,4.31522494e-07,-0.399379522,0.0846942663,0.0841716602,0.0820062608,-0.524466753,0.250818014,0.130924493,-2.17656684,1.67904973,2.05749583,-1.01828742,1.24616504,0.0703439042,0,1.33299983,1.33299983,1.33299983
31.6666667,-0.50041002,0.314875305,0.0835659951,-2.19350481,1.55208087,2.04384375,-1.16367078,1.08140492,0.0225761458,6.41659994e-07,1.32894945,1.32915044,1.32926834,0.0340249799,0.295869976,-0.0482966602,0.192175955,-0.227911443,0.00930989534,-0.225555748,-6.02059299e-06,1.34243164e-05,0.000103091988,0.135683566,0.132911339,0.126887828,-0.524466753,0.250818014,0.130924493,-2.17656684,1.67904973,2.05749583,-1.01828742,1.24616504,0.0960046053,0,1.33299983,1.33299983,1.33299983
31.7333333,-0.499387324,0.334377348,0.083413288,-2.17903185,1.52850962,2.0468421,-1.16986728,1.07877314,0.0239586011,1.57308853e-06,1.33299994,1.33300006,1.33293486,0.00226913416,0.282485962,0.0304409117,0.240581647,-0.361106992,0.0485195033,-0.0437181853,5.73547004e-06,2.34961044e-05,9.80567493e-05,-1.24286389e-05,-1.81139803e-05,0.0515741445,-0.524466753,0.250818014,0.130924493,-2.17656684,1.67904973,2.05749583,-1.01828742,1.15463257,0.116853923,0,1.33299983,1.33299983,1.33299983
31.8,-0.500299752,0.352223247,0.0881114081,-2.16380501,1.50304997,2.051476,-1.17398238,1.0677073,0.0274851285,4.05350102e-06,1.33299983,1.33299994,1.33294702,-0.0229392275,0.25129801,0.0937398672,0.225748837,-0.358464926,0.0673984364,-0.0341294147,-0.0317929536,4.70573432e-05,9.61881597e-08,-1.86421821e-05,-2.76642677e-05,-2.60614615e-06,-0.524466753,0.250818014,0.130924493,-2.17656684,1.67904973,2.05749583,-1.01828742,1.07516372,0.133755922,0,1.33299983,1.33299983,1.33299983
31.8666667,-0.501479805,0.367229909,0.0933252126,-2.14899206,1.47890699,2.05483794,-1.17667437,1.07510543,0.0266545415,7.11189205e-06,1.33299971,1.33299971,1.33297324,-0.0135200163,0.202240914,0.0651873797,0.224277481,-0.366016686,0.0287190359,-0.0454864539,-0.0387532897,-0.0146029964,-4.10436769e-07,0.000461077318,0.000766824582,0.000224534015,-0.524466753,0.250818014,0.130924493,-2.17656684,1.67904973,2.05749583,-1.01828742,1.19701827,0.139378905,0,1.33299983,1.33299983,1.33299983
31.9333333,-0.501741648,0.37921983,0.0959047526,-2.13651133,1.46056116,2.05272889,-1.18951714,1.07700777,0.0262101796,1.56764636e-05,1.33300018,1.33300006,1.33300006,0.00260268105,0.161980465,0.0196947902,0.166924566,-0.254083633,-0.0622593984,-0.238261849,-0.0430270284,0.000185763871,-4.17639967e-09,-5.77042601e-06,-8.20188143e-06,4.68981762e-06,-0.524466753,0.250818014,0.130924493,-2.17656684,1.67904973,2.05749583,-1.01828742,1.23522222,0.152095541,0,1.33299983,1.33299983,1.33299983
32,-0.501312256,0.389639825,0.096563451,-2.12682986,1.44270194,2.0510385,-1.20418763,1.07820404,0.0256397277,2.77761483e-05,1.33299911,1.33299971,1.33299935,0.00980719179,0.149304047,0.000707258529,0.137554318,-0.256370962,-0.0316815451,-0.22479102,-0.0308357514,-0.000389500696,6.28642738e-09,0.00506335357,-0.00192821468,0.000591185933,-0.524466753,0.250818014,0.130924493,-2.17656684,1.67904973,2.05749583,-1.01828742,1.24616504,0.147057563,0,1.33299983,1.33299983,1.33299983
32.0666667,-0.500096738,0.399404287,0.0951850787,-2.11993146,1.43150687,2.04630899,-1.22885668,1.0782007,0.0258385129,4.51441556e-05,1.33299983,1.33299959,1.33299971,0.0233997814,0.142776936,-0.034560889,0.0878528357,-0.135806754,-0.0930534825,-0.402945191,-9.45940701e-06,-6.85823034e-06,1.04337232e-07,-7.62775526e-05,-6.58941863e-05,-8.32482838e-05,-0.524466753,0.250818014,0.130924493,-2.17656684,1.67904973,2.05749583,-1.01828742,1.24616504,0.158334449,0,1.33299983,1.33299983,1.33299983
32.1333333,-0.500602841,0.406867474,0.0981612653,-2.12133336,1.44828451,2.05790854,-1.26190245,1.07956839,0.0240471847,0.00564956665,1.33299923,1.33299994,1.33299875,-0.01485282,0.0849162936,0.059488304,-0.088800773,0.311285853,0.190997183,-0.527148008,-6.93923721e-06,-3.67722096e-05,0.0547780693,-8.48552954e-05,-7.10588283e-05,-9.53706913e-05,-0.524466753,0.250818014,0.130924493,-2.17656684,1.67904973,2.05749583,-1.01828742,1.24616504,0.115208045,0.00954186916,1.33299983,1.33299983,1.33299983
32.2,-0.502008677,0.409877539,0.102755181,-2.1323638,1.4742105,2.07086492,-1.30131519,1.0796653,0.0235856976,0.0419962965,1.33300018,1.33300006,1.3330003,-0.0241945162,0.0145423515,0.0713115185,-0.207708865,0.423442125,0.179417372,-0.614724874,-7.16929571e-06,-5.55216684e-06,0.414381832,1.87899002e-06,3.89483284e-06,7.87457566e-08,-0.524466753,0.250818014,0.130924493,-2.17656684,1.67904973,2.05749583,-1.01828742,1.24616504,0.0973260775,0.0832401216,1.33299983,1.33299983,1.33299983
32.2666667,-0.503395617,0.408690602,0.106444374,-2.14954567,1.50236261,2.08234453,-1.34371734,1.08064926,0.024848545,0.0250575729,1.33299983,1.33299959,1.33300006,-0.0248184334,-0.0595856011,0.0587124676,-0.245186329,0.604501426,0.0489829518,-0.582066,0.26178965,0.17744498,-0.303820252,-0.00684467983,6.31910516e-05,-3.8732469e-07,-0.524466753,0.250818014,0.130924493,-2.17656684,1.67904973,2.05749583,-1.01828742,1.24616504,0.117927626,0.00238147378,1.33299983,1.33299983,1.33299983
32.3333333,-0.505574286,0.400573462,0.110581197,-2.16862798,1.53273261,2.08750725,-1.38329005,1.0836134,0.0248516798,0.0114166047,1.33264196,1.3326844,1.33270979,-0.0407348834,-0.159638628,0.0729399696,-0.315368861,0.440276712,0.115606017,-0.630501866,-0.181669235,-0.100034326,-0.111790359,1.33672147e-05,3.6489655e-05,-1.71858119e-08,-0.524466753,0.250818014,0.130924493,-2.17656684,1.67904973,2.05749583,-1.01828742,1.24616504,0.134666383,0,1.33299983,1.33299983,1.33299983
32.4,-0.50876838,0.388337284,0.11617966,-2.19165254,1.56239581,2.0979805,-1.42282999,1.08576846,0.0232771747,0.00443673879,1.33265638,1.33269644,1.33272254,-0.0459302887,-0.212324917,0.0693209171,-0.373346955,0.441293597,0.13438119,-0.617968202,-0.0323211327,0.000112219888,-0.0544772781,-6.00634121e-05,-7.65290897e-05,5.10353573e-08,-0.524466753,0.250818014,0.130924493,-2.17656684,1.67904973,2.05749583,-1.01828742,1.24616504,0.123959437,0,1.33299983,1.33299983,1.33299983
32.4666667,-0.512441933,0.374228716,0.122367851,-2.21660948,1.59719825,2.11114764,-1.46584654,1.08536398,0.0237403307,1.71780302e-05,1.33286035,1.33286059,1.33285987,-0.0633706003,-0.209373876,0.11463432,-0.370101005,0.601882756,0.219968528,-0.67790854,-0.000171883832,0.09035144,0.00499531021,-0.000567118637,-0.000204487704,-0.000905462832,-0.524466753,0.250818014,0.130924493,-2.17656684,1.67904973,2.05749583,-1.01828742,1.24616504,0.139567226,0,1.33299983,1.33299983,1.33299983
32.5333333,-0.518044055,0.361543983,0.133809522,-2.23941016,1.63833475,2.12763143,-1.51094019,1.08592856,0.0222061556,1.67675098e-05,1.33299625,1.33299696,1.33299637,-0.0849281624,-0.197646841,0.168082014,-0.342959404,0.577553093,0.213625893,-0.652655482,-7.01206372e-05,0.00010444034,0.00256846147,-0.000301194494,-0.000198924274,-0.000395628915,-0.524466753,0.250818014,0.130924493,-2.17656684,1.67904973,2.05749583,-1.01828742,1.24616504,0.0935286433,0,1.33299983,1.33299983,1.33299983
32.6,-0.524230301,0.349735677,0.146689907,-2.25966048,1.67745662,2.1453855,-1.55315316,1.08722949,0.023063913,7.60772673e-06,1.33268797,1.33269191,1.33270621,-0.0913426951,-0.180183396,0.185884163,-0.285596907,0.56523478,0.240192607,-0.59991616,0.0448096059,0.0306124799,-5.20470785e-05,1.12816051e-05,5.0567287e-05,-1.63652585e-05,-0.524466753,0.250818014,0.130924493,-2.17656684,1.67904973,2.05749583,-1.01828742,1.23796284,0.0968317986,0,1.33299983,1.33299983,1.33299983
32.6666667,-0.531671822,0.339414567,0.16291371,-2.27580547,1.71185195,2.16737461,-1.58823168,1.07688117,0.0253966097,3.04698597e-06,1.33188295,1.33187723,1.33192158,-0.122814894,-0.146816328,0.272952557,-0.213733375,0.525558352,0.335095614,-0.488210469,-0.0302625634,0.000223348106,6.65926782e-05,-1.68272527e-06,2.43669492e-05,-2.83040863e-05,-0.524466753,0.250818014,0.130924493,-2.17656684,1.67904973,2.05749583,-1.01828742,1.11121917,0.088332206,0,1.33299983,1.33299983,1.33299983
32.7333333,-0.540686727,0.331003785,0.183493853,-2.28626871,1.73850548,2.19721794,-1.60965216,1.068524,0.0295220707,8.3436953e-06,1.33042729,1.33040917,1.33048427,-0.139805213,-0.114005551,0.324075967,-0.121766083,0.378090411,0.485400975,-0.284817934,-0.114498667,-0.0014841184,-0.00195362675,0.000446321326,0.000944070402,2.2163149e-06,-0.524466753,0.250818014,0.130924493,-2.17656684,1.67904973,2.05749583,-1.01828742,1.07771444,0.110620096,0,1.33299983,1.33299983,1.33299983
32.8,-0.548925996,0.327290922,0.204255506,-2.29220176,1.76126158,2.23571777,-1.62710202,1.0785749,0.0246179663,3.21782431e-06,1.32709384,1.32959747,1.32971883,-0.108327642,-0.0137160942,0.294773787,-0.0733380765,0.324273676,0.600183725,-0.291676193,0.000127770516,-0.000358255551,0.00354702538,-0.0756757781,-0.0578797832,-0.0587813072,-0.524466753,0.250818014,0.130924493,-2.17656684,1.67904973,2.05749583,-1.01828742,1.21467316,0.114371434,0,1.33299983,1.33299983,1.33299983
32.8666667,-0.555151403,0.320905,0.218110651,-2.29966116,1.78105843,2.26127791,-1.64334142,1.08396363,0.0259634834,1.82315034e-07,1.32591164,1.32803833,1.32808876,-0.101218611,-0.180964231,0.173630461,-0.147188574,0.262913585,0.315183967,-0.219231293,-0.0997388884,-0.000248808559,1.41299097e-08,-0.000101392216,7.41005642e-05,-0.000254004553,-0.524466753,0.250818014,0.130924493,-2.17656684,1.67904973,2.05749583,-1.01828742,1.21367371,0.131776989,0,1.33299983,1.33299983,1.33299983
32.9333333,-0.561578035,0.308791965,0.228692859,-2.31072187,1.80470204,2.28271198,-1.66659534,1.08691573,0.0237548929,0.00690347841,1.32618475,1.32826078,1.32831037,-0.100401111,-0.1625752,0.177188754,-0.16175063,0.382148445,0.354302526,-0.463376462,-0.243458122,-0.0803273171,0.073253274,1.71466527e-05,3.61959537e-05,-1.46192906e-06,-0.524466753,0.250818014,0.130924493,-2.17656684,1.67904973,2.05749583,-1.01828742,1.24616504,0.14591898,0.0225932747,1.33299983,1.33299983,1.33299983
33,-0.567644,0.301464856,0.241362616,-2.31961346,1.84018683,2.30441761,-1.70298862,1.08823705,0.0253052134,0.0281496346,1.33060765,1.33168674,1.33168077,-0.0869995728,-0.0944638178,0.188863784,-0.129300803,0.569596708,0.281826943,-0.671753883,-0.224446535,-0.200081676,0.324735522,0.080367744,0.0693339333,0.0722963512,-0.524466753,0.250818014,0.130924493,-2.17656684,1.67904973,2.05749583,-1.01828742,1.24616504,0.157409355,0.0636694431,1.33299983,1.33299983,1.33299983
33.0666667,-0.572906137,0.298243165,0.254979759,-2.32499695,1.88488877,2.32207155,-1.7482692,1.08392179,0.0252569336,0.0813896731,1.33243275,1.33237219,1.33238602,-0.0759236291,-0.0331638716,0.207364172,-0.052108705,0.667529285,0.233050153,-0.65976876,1.32182322e-07,3.80135316e-06,0.688530624,-4.2602187e-06,-2.20129732e-06,-3.30619514e-08,-0.524466753,0.250818014,0.130924493,-2.17656684,1.67904973,2.05749583,-1.01828742,1.17990518,0.16674529,0.155878901,1.33299983,1.33299983,1.33299983
33.1333333,-0.578844965,0.297321707,0.271703869,-2.32614374,1.92786944,2.33997369,-1.78998113,1.07728314,0.0278163906,0.147191897,1.33149636,1.33143938,1.33149159,-0.0966232866,-0.00920259394,0.273691207,0.00708746444,0.679539025,0.253249526,-0.641722739,-0.100374028,0.000909991562,1.00000012,-0.000308462768,-0.000605268113,-2.71097524e-05,-0.524466753,0.250818014,0.130924493,-2.17656684,1.67904973,2.05749583,-1.01828742,1.13623095,0.174330741,0.28139323,1.33299983,1.33299983,1.33299983
33.2,-0.586016953,0.296823412,0.291301429,-2.32463312,1.96518695,2.36184692,-1.82520938,1.05052423,0.029951863,0.205507219,1.33069897,1.33065927,1.3307333,-0.095345065,-0.108207956,0.175480738,-0.0558086969,0.415414244,0.179870844,-0.358612746,-0.132602647,-0.147205546,0.558998704,0.00174571341,-0.000430662185,4.57512215e-07,-0.524466753,0.250818014,0.130924493,-2.17656684,1.67904973,2.05749583,-1.01828742,1.02856195,0.180493921,0.332864225,1.33299983,1.33299983,1.33299983
33.2666667,-0.592441738,0.290432423,0.303093582,-2.33223152,1.99238205,2.37840748,-1.8577956,1.02474105,0.0420435891,0.203455031,1.33258152,1.33259702,1.33274579,-0.0821672529,-0.0764011294,0.163097754,-0.124713756,0.550930917,0.226997048,-0.600617468,-0.286684841,-0.000137466472,-3.11760232e-07,0.109474316,0.110596642,0.110454656,-0.524466753,0.250818014,0.130924493,-2.17656684,1.67904973,2.05749583,-1.01828742,0.973787606,0.180449724,0.213048935,1.33299983,1.33299983,1.33299983
33.3333333,-0.598012149,0.285124749,0.313933283,-2.33932781,2.02915812,2.39283586,-1.89750195,0.981723309,0.0421022065,0.233404979,1.33235741,1.3323586,1.33236635,-0.0865136459,-0.0844622403,0.163597494,-0.102807686,0.555385351,0.206829339,-0.557957947,-0.523895085,-0.0013323098,0.487508863,1.81592768e-05,2.88387528e-05,-1.97906047e-09,-0.524466753,0.250818014,0.130924493,-2.17656684,1.67904973,2.05749583,-1.01828742,0.896576703,0.185465589,0.294127285,1.33299983,1.33299983,1.33299983
33.4,-0.605189741,0.279504657,0.327201128,-2.34616876,2.05689836,2.41078544,-1.92615843,0.942879021,0.0436909348,0.223610118,1.3307308,1.33071303,1.33075225,-0.116866075,-0.0937945619,0.210816845,-0.0996040404,0.445449471,0.252055675,-0.419327855,-0.466144562,0.0788680986,-0.0658481866,2.73789046e-05,4.24694881e-05,-6.88014552e-08,-0.524466753,0.250818014,0.130924493,-2.17656684,1.67904973,2.05749583,-1.01828742,0.865773678,0.188437864,0.228734002,1.33299983,1.33299983,1.33299983
33.4666667,-0.613534451,0.272958994,0.342066735,-2.35275269,2.08849764,2.42781401,-1.95891011,0.891777098,0.0465570651,0.233317226,1.33014297,1.33012581,1.33018708,-0.140675306,-0.119075209,0.233618259,-0.129935816,0.499511421,0.208516121,-0.507605493,-0.670298874,0.11524982,0.123706266,-9.89314576e-05,-0.000204961747,2.37312634e-07,-0.524466753,0.250818014,0.130924493,-2.17656684,1.67904973,2.05749583,-1.01828742,0.80881536,0.171585396,0.268417537,1.33299983,1.33299983,1.33299983
33.5333333,-0.6204018,0.266841441,0.354548931,-2.36037087,2.13693953,2.43700027,-2.01113796,0.84331882,0.0470266007,0.263829172,1.33221149,1.33219445,1.33221579,-0.088317208,-0.0952400789,0.149101302,-0.120716125,0.725000083,0.0785318315,-0.76703459,-0.520978153,0.105524994,0.509027064,-0.000130440108,-0.000274531078,-1.08310487e-05,-0.524466753,0.250818014,0.130924493,-2.17656684,1.67904973,2.05749583,-1.01828742,0.762536764,0.174944997,0.383309662,1.33299983,1.33299983,1.33299983
33.6,-0.625144482,0.262479842,0.364030778,-2.36559129,2.18757129,2.44234776,-2.06425428,0.815054059,0.0416126773,0.312764674,1.33061707,1.33058941,1.33063149,-0.0703924596,-0.0732892081,0.128136456,-0.0780822709,0.703623831,0.0588065758,-0.729990184,-0.324192613,-0.129287958,0.800824761,-0.000219753943,-0.00045319018,-1.92187726e-05,-0.524466753,0.250818014,0.130924493,-2.17656684,1.67904973,2.05749583,-1.01828742,0.750968575,0.180993006,0.476659477,1.33299983,1.33299983,1.33299983
33.6666667,-0.627502203,0.259779781,0.369211763,-2.37001348,2.22965264,2.44208717,-2.10563684,0.789419115,0.0336748511,0.356979817,1.3301909,1.33014357,1.33018863,-0.0253677387,-0.0452490374,0.0378715396,-0.0899451375,0.474023968,-0.073702544,-0.51380682,-0.369562656,0.0136165991,0.553523004,-0.0740405321,-0.0739862919,-0.0723576918,-0.524466753,0.250818014,0.130924493,-2.17656684,1.67904973,2.05749583,-1.01828742,0.715536237,0.180264369,0.48752284,1.33299983,1.33299983,1.33299983
33.7333333,-0.62934202,0.255943179,0.371141613,-2.38073182,2.26720476,2.43367767,-2.14472413,0.763002992,0.0333144963,0.360636443,1.32946014,1.32937992,1.32945728,-0.0330262594,-0.0706043765,0.0276548378,-0.21570985,0.651213348,-0.210224032,-0.630702913,-0.18519941,-0.00578447711,0.167343989,-0.000134262489,-0.000278466614,-8.64383765e-06,-0.524466753,0.250818014,0.130924493,-2.17656684,1.67904973,2.05749583,-1.01828742,0.686747491,0.185314983,0.458294928,1.33299983,1.33299983,1.33299983
33.8,-0.632479429,0.25041616,0.373504579,-2.3968184,2.30448699,2.42097139,-2.18108702,0.760330498,0.0333308429,0.329344898,1.32976675,1.32966244,1.32973552,-0.0722757578,-0.0904381648,0.0774191841,-0.259168893,0.562324762,-0.19945991,-0.531950235,-0.0904712379,-3.92692164e-05,-0.351453155,1.56384194e-05,2.60072993e-05,-5.88479452e-08,-0.524466753,0.250818014,0.130924493,-2.17656684,1.67904973,2.05749583,-1.01828742,0.691403925,0.182933971,0.321881413,1.33299983,1.33299983,1.33299983
33.8666667,-0.635768592,0.245410025,0.376581281,-2.41538739,2.34666562,2.4043417,-2.21823621,0.757006109,0.0330497622,0.297724068,1.33083308,1.33063471,1.33075249,-0.044495564,-0.0799813718,0.0296597388,-0.298360109,0.633455276,-0.290130913,-0.547227561,-0.124153525,-0.089775838,-0.423255622,-6.53568422e-05,-0.000160266412,1.45124504e-05,-0.524466753,0.250818014,0.130924493,-2.17656684,1.67904973,2.05749583,-1.01828742,0.667139947,0.179179609,0.298288763,1.33299983,1.33299983,1.33299983
33.9333333,-0.634269595,0.24341315,0.37298882,-2.43404794,2.39537835,2.37744999,-2.25279784,0.751873851,0.0288163871,0.291777343,1.33299589,1.33299494,1.3329643,0.0533841252,-0.00528727844,-0.0966282859,-0.277136475,0.703592956,-0.463952214,-0.46578455,1.90965366e-05,0.0002436426,0.124778949,-8.96076672e-05,-0.000188307604,7.06873834e-06,-0.524466753,0.250818014,0.130924493,-2.17656684,1.67904973,2.05749583,-1.01828742,0.673206508,0.125713706,0.340122819,1.33299983,1.33299983,1.33299983
34,-0.6295349,0.243995428,0.364822656,-2.45120192,2.43798804,2.34575391,-2.28134513,0.743246913,0.0272546001,0.292007416,1.33266151,1.33265948,1.33266449,0.0737330839,0.0255786497,-0.11287193,-0.23440896,0.623650074,-0.482971072,-0.363286793,1.79373601e-05,-0.0817401558,0.0991608873,-0.000269461889,-0.000560810557,4.78001311e-07,-0.524466753,0.250818014,0.130924493,-2.17656684,1.67904973,2.05749583,-1.01828742,0.652354538,0.13291128,0.325275689,1.33299983,1.33299983,1.33299983
34.0666667,-0.62422055,0.245563224,0.356078535,-2.46712852,2.47471976,2.3136344,-2.30508685,0.735618234,0.0259344932,0.293919355,1.33241904,1.33241165,1.33241987,0.0743112341,0.0288098529,-0.115933731,-0.235152677,0.546708286,-0.515446424,-0.372217268,-0.224952072,-0.000402331585,0.0884870812,0.000378315453,-7.85372686e-06,1.57185132e-05,-0.524466753,0.250818014,0.130924493,-2.17656684,1.67904973,2.05749583,-1.01828742,0.635412335,0.110345557,0.323162168,1.33299983,1.33299983,1.33299983
34.1333333,-0.617928803,0.248706505,0.346841753,-2.48170662,2.51213431,2.27966809,-2.32880974,0.731951594,0.0224716756,0.31746316,1.33189154,1.33190107,1.3319571,0.0980917439,0.0626067147,-0.133745864,-0.201941669,0.539297402,-0.494394094,-0.318759173,0.0450554267,0.000115778297,0.369444251,-1.49778789e-05,-7.7711069e-05,3.42807034e-05,-0.524466753,0.250818014,0.130924493,-2.17656684,1.67904973,2.05749583,-1.01828742,0.621646821,0.113577798,0.398866624,1.33299983,1.33299983,1.33299983
34.2,-0.611278534,0.252984494,0.337540656,-2.49540663,2.5446775,2.24551725,-2.34877849,0.731546879,0.0233485159,0.333011031,1.33199275,1.33201861,1.33207762,0.094285138,0.0612607002,-0.134239316,-0.219419166,0.452065736,-0.522751212,-0.264973313,8.65384936e-05,-0.0220608488,0.224473685,3.94664239e-05,0.000178838265,-0.000124045298,-0.524466753,0.250818014,0.130924493,-2.17656684,1.67904973,2.05749583,-1.01828742,0.610462308,0.127666712,0.392265558,1.33299983,1.33299983,1.33299983
34.2666667,-0.604787171,0.257982492,0.328943193,-2.5097208,2.57593298,2.20952249,-2.36833429,0.733364165,0.0233379174,0.342946321,1.33175969,1.3317908,1.33183825,0.0913940668,0.080056034,-0.115086541,-0.222824812,0.454723328,-0.551068366,-0.295077652,-0.0465197563,9.0864487e-05,0.193141669,-2.10932922e-05,-6.24627573e-05,8.82288441e-06,-0.524466753,0.250818014,0.130924493,-2.17656684,1.67904973,2.05749583,-1.01828742,0.601374865,0.113917768,0.386319041,1.33299983,1.33299983,1.33299983
34.3333333,-0.597718418,0.262790501,0.318463653,-2.52701616,2.60134053,2.17327905,-2.38478732,0.734795868,0.0235003028,0.29985857,1.3307476,1.33080614,1.33084345,0.126523823,0.0680414513,-0.200743601,-0.262177974,0.405111343,-0.586450815,-0.228035212,-1.49893021e-05,0.0250893608,-0.488175243,0.00012273938,0.000276189181,-2.22178642e-07,-0.524466753,0.250818014,0.130924493,-2.17656684,1.67904973,2.05749583,-1.01828742,0.593991339,0.106420502,0.269618094,1.33299983,1.33299983,1.33299983
34.4,-0.588360548,0.267667741,0.303194046,-2.54516745,2.62622857,2.13120532,-2.40034127,0.734090149,0.0224195234,0.307508707,1.33062994,1.33069599,1.33075154,0.132949337,0.0777456313,-0.215810612,-0.289476693,0.334337384,-0.645814478,-0.206509843,2.67106116e-05,-0.00198680465,0.237312779,-0.000120324687,-0.000222633709,8.94797267e-08,-0.524466753,0.250818014,0.130924493,-2.17656684,1.67904973,2.05749583,-1.01828742,0.587992251,0.0779043287,0.339983255,1.33299983,1.33299983,1.33299983
34.4666667,-0.58145678,0.275716335,0.295264721,-2.5589056,2.65638661,2.08990383,-2.41585779,0.732303858,0.0144976331,0.340910465,1.3304292,1.33054793,1.33055222,0.0845329687,0.125325054,-0.0776936039,-0.174729809,0.455269933,-0.587138057,-0.179401085,3.71921196e-05,-0.0761085004,0.547982097,-0.000219226582,0.00206132932,0.00208045496,-0.524466753,0.250818014,0.130924493,-2.17656684,1.67904973,2.05749583,-1.01828742,0.583117962,0.0751500726,0.433804154,1.33299983,1.33299983,1.33299983
34.5333333,-0.574909568,0.284777611,0.288644642,-2.56842208,2.68563819,2.05121994,-2.43070054,0.731379569,0.00858862977,0.386968225,1.33017826,1.33049428,1.3308146,0.104085676,0.140731931,-0.112712525,-0.118966587,0.346898764,-0.532562196,-0.213928029,-0.181550816,-0.131535709,0.649164855,0.00261646509,0.00364654139,-0.00178069249,-0.524466753,0.250818014,0.130924493,-2.17656684,1.67904973,2.05749583,-1.01828742,0.579157591,0.0999096185,0.517686248,1.33299983,1.33299983,1.33299983
34.6,-0.57393831,0.292671591,0.284639418,-2.56834602,2.6876142,2.0373168,-2.42200089,0.745682299,-9.8993587e-07,0.379144311,1.32203984,1.32194853,1.32179999,0.0350078978,0.104334697,-0.101980843,0.0258655064,-0.146142781,-0.149110824,0.258530289,0.160515353,-0.000162538185,-0.0741633773,-0.0921869799,-0.0985409915,-0.102165677,-0.573147953,0.292004496,0.28595379,-2.56663013,2.68362379,2.04136777,-2.42064333,0.739115417,0.00837231241,0.379336268,1.33299983,1.33299983,1.33299983
34.6666667,-0.569815516,0.30281496,0.274100512,-2.56646872,2.67554355,2.02103996,-2.39966536,0.751872182,-7.38071049e-06,0.363034368,1.32092094,1.32062876,1.32040584,0.0677838922,0.2253263,-0.200931951,0.0143261105,-0.202227801,-0.40484494,0.432370275,0.0608776137,5.62367495e-05,-0.212574378,-3.74879164e-06,-1.04290957e-05,6.9172529e-08,-0.568290114,0.31193316,0.27844578,-2.56161833,2.67783403,2.01423597,-2.39275622,0.7604478,0.007782022,0.358290493,1.33299983,1.33299983,1.33299983
34.7333333,-0.565130353,0.325231642,0.258328557,-2.56532288,2.66121721,1.98308504,-2.3604188,0.76258266,-7.12212432e-06,0.344183892,1.3209219,1.320629,1.32039964,0.06278079,0.44736141,-0.252570778,0.0257013496,-0.218620479,-0.729670167,0.740621865,0.243173391,0.000338810845,-0.359784633,3.22302658e-05,-8.23816736e-05,-0.00756345876,-0.560976684,0.341935694,0.266967386,-2.55393219,2.66864967,1.9734627,-2.35046554,0.792563438,0.0069057527,0.326606274,1.33299983,1.33299983,1.33299983
34.8,-0.559848964,0.361332715,0.239399076,-2.5626514,2.6469543,1.92627132,-2.30200815,0.782705128,-7.22542927e-06,0.318782568,1.32092321,1.32062912,1.32039058,0.0977995694,0.626079619,-0.306639284,0.0637312755,-0.203839615,-0.931931078,0.986225605,0.357919902,0.000141431708,-0.419629186,-0.000118843716,-0.000266019953,2.75867933e-07,-0.551848233,0.3793841,0.252365381,-2.54411793,2.65645194,1.92268503,-2.2971971,0.832649469,0.00583149819,0.287058741,1.33299983,1.33299983,1.33299983
34.8666667,-0.552287638,0.407687634,0.21965,-2.55524731,2.63395,1.86228061,-2.23230171,0.810054958,-6.21543268e-06,0.286788225,1.32092786,1.3206321,1.32038617,0.138042718,0.746679842,-0.292057276,0.156809255,-0.190984368,-0.974963725,1.08467889,0.456510216,0.000215295979,-0.528317153,-4.1728199e-06,-2.83599511e-05,2.80633685e-08,-0.541545391,0.42165041,0.235486537,-2.53272152,2.64162087,1.86554074,-2.23637724,0.877892673,0.00464725075,0.242423266,1.33299983,1.33299983,1.33299983
34.9333333,-0.541125715,0.460253626,0.20201543,-2.5400548,2.62130475,1.80080104,-2.16130042,0.846513212,-2.80245899e-07,0.249328166,1.32085276,1.32055211,1.3202951,0.206116512,0.820281148,-0.244695812,0.293805391,-0.186331227,-0.868812084,1.0214957,0.633652151,-3.21703774e-05,-0.569022059,9.0165704e-06,2.0110283e-06,-2.7983333e-08,-0.530708671,0.466106743,0.217177674,-2.52028871,2.62453794,1.80566752,-2.1714325,0.925480187,0.00344100595,0.195475072,1.33299983,1.33299983,1.33299983
35,-0.525700629,0.51591295,0.18791163,-2.51541495,2.60859323,1.74818265,-2.09787321,0.895702302,1.58778166e-05,0.209512517,1.32085347,1.32055163,1.3202734,0.242935434,0.796935439,-0.197793216,0.367485732,-0.252194792,-0.785397649,0.906269252,0.766294062,9.22658364e-05,-0.608675182,1.19676042e-05,-0.000171055974,-6.77391654e-08,-0.519978702,0.510125041,0.19828555,-2.50736547,2.60558319,1.74670279,-2.10578895,0.972598791,0.00230075582,0.148989409,1.33299983,1.33299983,1.33299983
35.0666667,-0.510799468,0.562400877,0.176000401,-2.49550653,2.58773518,1.69487119,-2.03879929,0.945996344,4.25189428e-05,0.168000504,1.32083714,1.32053173,1.3202424,0.204463392,0.590108156,-0.164063498,0.22297959,-0.350663811,-0.795810103,0.868960738,0.726714253,0.000211606108,-0.614301562,8.09424091e-06,2.27101555e-05,-5.96807586e-05,-0.509996176,0.551077366,0.179656953,-2.49449778,2.58513737,1.69228458,-2.04287291,1.01643562,0.00131449464,0.10574156,1.33299983,1.33299983,1.33299983
35.1333333,-0.50383395,0.593512833,0.157560915,-2.48327136,2.57012844,1.64446032,-1.98196495,0.990825534,0.00056139956,0.127851561,1.32993245,1.33293366,1.33046103,0.0605669171,0.40985167,-0.254120469,0.198299706,-0.364429355,-0.616294682,0.813502431,0.629469216,2.75259954e-05,-0.585855842,-2.4549081e-08,7.05826096e-06,0.0516119786,-0.501401544,0.586335838,0.162138686,-2.48223138,2.56358194,1.64604986,-1.98611057,1.05417728,0.000570215634,0.0685067773,1.33299983,1.33299983,1.33299983
35.2,-0.499109,0.617873549,0.140957177,-2.46999526,2.54605651,1.60864615,-1.93325758,1.02941787,0.000582974113,0.0908923,1.32990515,1.33295715,1.33060598,0.069501549,0.317726076,-0.230507314,0.192658037,-0.347651392,-0.453486323,0.637566388,0.524034023,0.000109715911,-0.507583201,-0.000170031853,2.12069135e-05,-1.88083504e-09,-0.494835496,0.613272369,0.146577477,-2.47111201,2.54129696,1.61163676,-1.93892789,1.08301103,0.000155912581,0.0400603265,1.33299983,1.33299983,1.33299983
35.2666667,-0.495437533,0.634951353,0.1277401,-2.4580946,2.52382684,1.58577323,-1.89740849,1.06020188,0.000585741363,0.0591178536,1.32989645,1.3329922,1.33062088,0.0500915721,0.191880584,-0.181112394,0.161609948,-0.332352817,-0.233966187,0.456411034,0.400955498,0.000742598379,-0.417312205,-1.07002925e-05,-4.94997948e-06,5.12780389e-07,-0.490733892,0.630098641,0.133528426,-2.46163034,2.51836538,1.59161055,-1.9035815,1.10102248,9.99999975e-05,0.022290932,1.33299983,1.33299983,1.33299983
35.3333333,-0.49232167,0.644016147,0.115936689,-2.44830298,2.50014329,1.57622647,-1.87096417,1.08119512,0.000281262561,0.0357955694,1.3298955,1.33245242,1.33063209,0.0424193218,0.0894045681,-0.172936752,0.137787372,-0.378546566,-0.0613738596,0.306717992,0.0278921444,-0.093872115,-0.287076205,-1.88701961e-07,-0.071490325,-8.18399712e-08,-0.48818934,0.640537441,0.121683672,-2.45361662,2.4933486,1.58127713,-1.87483191,1.11219656,9.99999975e-05,0.0112669729,1.33299983,1.33299983,1.33299983
35.4,-0.490294069,0.647657752,0.105079047,-2.44014859,2.47394991,1.57497668,-1.8499999,1.08030057,5.65476739e-07,0.0151975295,1.32992184,1.3264482,1.33066988,0.0166547075,0.0283605978,-0.151905268,0.108936921,-0.425747395,0.022050323,0.322805285,1.78008304e-06,0.000105218067,-0.159251034,-1.24783037e-05,-0.113979474,1.57830073e-07,-0.486819208,0.646158397,0.110565044,-2.44659138,2.46624804,1.57834673,-1.85073113,1.1182133,0.000100000005,0.00533099193,1.33299983,1.33299983,1.33299983
35.4666667,-0.489718497,0.648005009,0.0949638337,-2.43394065,2.44331384,1.57830596,-1.82928097,1.08025253,8.99589523e-08,0.008404525,1.32990348,1.32359171,1.33066988,0.00255760085,-0.0154864192,-0.142447263,0.0703733265,-0.500979185,0.0804310441,0.296053976,0.0289212111,-1.5599333e-05,-0.0749450922,1.15481089e-05,2.87563089e-05,5.80999767e-07,-0.486409903,0.647837281,0.0999412611,-2.4400878,2.43736005,1.5813911,-1.83031833,1.1200105,9.99999975e-05,0.00355790649,1.33299983,1.33299983,1.33299983
35.5333333,-0.489611596,0.646218121,0.0855874717,-2.42852235,2.41256762,1.58575964,-1.81093073,1.08079565,3.13231624e-07,0.00645701401,1.33020937,1.32356858,1.33110559,-0.003564507,-0.0385464095,-0.141341716,0.087557964,-0.471486598,0.143548414,0.249664888,-0.0269641131,0.00042747485,-0.00372973317,-0.000449545158,-0.000346592045,-0.000332744472,-0.48674798,0.6464504,0.0895810276,-2.43364024,2.40698171,1.58898163,-1.81263316,1.11852598,0.000100000005,0.00502263103,1.33299983,1.33299983,1.33299983
35.6,-0.489954799,0.64281708,0.076165475,-2.42277288,2.37990689,1.59681606,-1.79486573,1.08089793,8.44068836e-07,0.00644598855,1.33019125,1.32351768,1.33108234,-0.00571745215,-0.062365178,-0.140149474,0.083995834,-0.501377881,0.187389135,0.23024793,0.0313799717,-0.00177565706,2.84489943e-08,1.18052121e-05,2.3323053e-05,5.46348747e-06,-0.487619877,0.642873406,0.0792529806,-2.42678118,2.37540841,1.59968996,-1.79671454,1.11469698,9.99999902e-05,0.00880007166,1.33299983,1.33299983,1.33299983
35.6666667,-0.490186244,0.638184547,0.0668100119,-2.41716194,2.3459928,1.61025405,-1.7804209,1.0802424,6.35179219e-07,0.00823262986,1.33017039,1.32345569,1.33106506,-0.00184244558,-0.0745682269,-0.14103213,0.0911506563,-0.493519068,0.207269982,0.21861358,-7.23911171e-06,-0.000123217571,0.062661007,2.01557123e-05,4.30927612e-05,-1.17026502e-07,-0.488812119,0.637982488,0.0687258467,-2.41904497,2.34293771,1.61208749,-1.78160226,1.10946155,0.000100000005,0.0139651457,1.33299983,1.33299983,1.33299983
35.7333333,-0.490331292,0.633212566,0.0573617518,-2.41071272,2.311378,1.62424982,-1.76566339,1.07978857,-1.87403089e-08,0.0123586385,1.33016992,1.32339466,1.33103788,-0.000241365298,-0.0721879974,-0.144475237,0.106232725,-0.525190055,0.207196891,0.227878898,-1.83600932e-05,-5.3996544e-05,0.0690034479,5.00516326e-05,6.02744403e-05,-1.25917722e-07,-0.490111113,0.632653594,0.0577682965,-2.40996528,2.30986476,1.62474573,-1.76633513,1.10375738,9.99999975e-05,0.019592762,1.33299983,1.33299983,1.33299983
35.8,-0.490299046,0.628878772,0.0474346019,-2.40225649,2.27714205,1.63713586,-1.74952364,1.07984519,5.18875095e-06,0.0168180987,1.33058143,1.32373989,1.33141017,-0.0029004782,-0.05611936,-0.147500858,0.174027041,-0.419746429,0.169619769,0.281480134,0.0393662602,-0.0030730064,0.050452631,0.0847255364,0.0822313875,0.0774583668,-0.491303325,0.627762675,0.0461490154,-2.39907503,2.27648664,1.63623619,-1.74995291,1.09852195,9.99999975e-05,0.0247578342,1.33299983,1.33299983,1.33299983
35.8666667,-0.490532964,0.625663817,0.036074765,-2.38916278,2.24376774,1.64687705,-1.73062766,1.0792799,6.72826673e-06,0.0213001855,1.33120561,1.32431316,1.3319025,-0.00266974582,-0.0436394587,-0.188776612,0.208173573,-0.53353709,0.111470871,0.292510957,4.5793613e-06,-0.0227369033,0.0706301406,-7.90281338e-05,-0.000177324269,3.10952601e-07,-0.492175251,0.624185681,0.0336366855,-2.38590884,2.24309993,1.64513052,-1.73149478,1.09469306,0.000100000005,0.0285352767,1.33299983,1.33299983,1.33299983
35.9333333,-0.490576297,0.623459816,0.0226646289,-2.37394309,2.20881677,1.65195119,-1.71002579,1.0792799,-1.49144313e-07,0.0253277104,1.33123219,1.32430983,1.33190858,0.002238082,-0.0188097153,-0.214201331,0.252871662,-0.509286284,0.0419496372,0.332258701,3.34927654e-06,-1.66141836e-05,0.0500819199,-1.51190907e-05,-3.67039465e-05,9.74396244e-08,-0.492513329,0.622798741,0.0199999996,-2.36999989,2.21000004,1.64999998,-1.70999992,1.09320843,9.99999975e-05,0.0299999993,1.33299983,1.33299983,1.33299983
36,-0.490528613,0.623440385,0.00785927568,-2.35454869,2.17463374,1.65415406,-1.68541443,1.07927966,6.12165252e-07,0.0274137557,1.33126092,1.32433021,1.33193743,0.00114843436,0.0148749547,-0.231697008,0.329795867,-0.522362471,0.0414324515,0.406452447,2.9426501e-06,-0.000386618631,0.0500284359,-1.6115242e-05,-2.4701847e-05,5.35801519e-08,-0.492513359,0.622798741,0.00446537742,-2.34995437,2.17597246,1.65379548,-1.68491304,1.09320843,0.000100000005,0.0299999993,1.33299983,1.33299983,1.33299983
36.0666667,-0.490190417,0.624943256,-0.00844003167,-2.33023453,2.13873672,1.65831566,-1.65645885,1.07927966,9.98492737e-07,0.0278645717,1.33128679,1.32493842,1.33196795,0.00868587103,0.0244435351,-0.257785708,0.393108755,-0.549182177,0.0860708281,0.453911364,-4.00090357e-05,0.000462610973,3.23634595e-08,0.00681920536,0.0851804614,-7.76189845e-05,-0.492513329,0.622798741,-0.0131715517,-2.32545638,2.1400013,1.659729,-1.65692353,1.09320843,9.99999975e-05,0.0299999993,1.33299983,1.33299983,1.33299983
36.1333333,-0.489557087,0.626315951,-0.0264783297,-2.30258226,2.10125804,1.66510105,-1.62548006,1.07927966,6.74521516e-07,0.0282560885,1.33130932,1.33299923,1.33198988,0.00947933272,0.0135274213,-0.284025013,0.432416826,-0.579097331,0.115666084,0.471792161,-5.1863608e-05,0.000452447683,2.2695167e-07,7.029064e-05,0.000252585392,-7.87402969e-05,-0.492513359,0.622798741,-0.0322882943,-2.2976563,2.10268211,1.6667639,-1.6269387,1.09320843,9.99999975e-05,0.0299999993,1.33299983,1.33299983,1.33299983
36.2,-0.489150882,0.626771688,-0.0460558273,-2.27275491,2.06277895,1.67281938,-1.59406722,1.07909679,-9.34280422e-08,0.0282824542,1.33130968,1.33300006,1.33200157,0.00216470682,-0.000903511187,-0.304077923,0.460424155,-0.576093256,0.113875218,0.465141267,-0.028673308,-2.72924044e-05,8.34988896e-08,-4.10779539e-05,-8.44648748e-05,-3.25081637e-05,-0.492513329,0.622798741,-0.0522623584,-2.26770449,2.06461191,1.67386365,-1.59586549,1.09320843,0.000100000005,0.0300000012,1.33299983,1.33299983,1.33299983
36.2666667,-0.489416182,0.626413405,-0.0668146461,-2.24119616,2.02458596,1.6795398,-1.56280899,1.07908964,-5.19871826e-08,0.0283109676,1.33130968,1.3330003,1.33200157,-0.00939073972,-0.0110842483,-0.319076568,0.482727945,-0.568937898,0.0880773589,0.463535875,-3.33224125e-06,-2.29142988e-05,5.80621418e-08,-3.50985792e-05,-3.533368e-05,-2.7108319e-05,-0.492513299,0.622798681,-0.0724712461,-2.2367506,2.02638578,1.67999125,-1.5646106,1.09320831,9.99999902e-05,0.0299999975,1.33299983,1.33299983,1.33299983
36.3333333,-0.490418375,0.62546885,-0.0883246809,-2.20860934,1.98720551,1.6840688,-1.53255308,1.07908964,-9.4956178e-08,0.0283716191,1.33130872,1.33299959,1.33200395,-0.0195742007,-0.0192715861,-0.326013893,0.48914665,-0.55295372,0.0491643995,0.44206202,-5.71721466e-05,0.000153926201,2.06578989e-07,7.19819218e-05,0.000270528253,-8.61363951e-05,-0.492513359,0.6227988,-0.0922924727,-2.20594525,1.98860061,1.68411088,-1.53408158,1.09320843,0.000100000005,0.0300000012,1.33299983,1.33299983,1.33299983
36.4,-0.492006034,0.623989522,-0.109917127,-2.17637181,1.95110393,1.6856674,-1.50419199,1.07908964,4.50638318e-08,0.0283959303,1.33130872,1.33300006,1.33200395,-0.0267622452,-0.0270858258,-0.32100305,0.471440345,-0.53017807,-0.000133272275,0.406936526,-2.97378438e-06,1.76775739e-05,2.55240593e-08,-2.41502166e-05,-1.84740584e-05,-2.11345287e-05,-0.492513299,0.622798681,-0.11110352,-2.17643857,1.95185173,1.68518519,-1.50518513,1.09320843,9.99999975e-05,0.0299999975,1.33299983,1.33299983,1.33299983
36.4666667,-0.493968874,0.622050345,-0.130705088,-2.14616466,1.91676724,1.68355393,-1.47858679,1.07908964,2.91571382e-07,0.0284135807,1.33130872,1.33299994,1.33200395,-0.0308712553,-0.0323993489,-0.30157125,0.428742856,-0.500341475,-0.0630643517,0.359993607,-1.8573005e-06,7.12938272e-05,2.73576006e-09,-1.52093708e-05,-9.74840259e-06,-1.39654767e-05,-0.492513359,0.622798741,-0.128281951,-2.14938116,1.91673589,1.6821779,-1.47882831,1.09320843,0.000100000005,0.0300000012,1.33299983,1.33299983,1.33299983
36.5333333,-0.496104926,0.619898319,-0.149695471,-2.11957955,1.88466954,1.67671025,-1.45649266,1.07908964,5.12900101e-07,0.0284222867,1.33130872,1.33299983,1.33200395,-0.0320850648,-0.0329187885,-0.266851455,0.36360535,-0.463060111,-0.142640248,0.301824212,-9.06099785e-07,0.000111423476,1.10994733e-08,-4.96305438e-06,-1.02388003e-06,-5.35809886e-06,-0.492513329,0.622798741,-0.143205196,-2.12592268,1.88384831,1.67405236,-1.45591831,1.09320843,9.99999975e-05,0.0299999993,1.33299983,1.33299983,1.33299983
36.6,-0.498224944,0.617858469,-0.165877044,-2.09804392,1.85532939,1.66398954,-1.43868041,1.07908964,6.71189696e-07,0.0284209065,1.33130872,1.3329953,1.33200395,-0.0306120496,-0.0287568141,-0.217176601,0.278120965,-0.417711139,-0.239752933,0.231681094,1.04347009e-07,0.000136545874,-8.83010216e-08,6.57894998e-06,8.99854058e-06,3.78563709e-06,-0.492513329,0.622798741,-0.155250832,-2.10721374,1.85378575,1.65977216,-1.43736207,1.09320843,9.99999975e-05,0.0299999975,1.33299983,1.33299983,1.33299983
36.6666667,-0.499976069,0.616294205,-0.178620741,-2.082793,1.82905126,1.64362717,-1.42600834,1.07908964,2.39111756e-07,0.0284094792,1.33130872,1.33296537,1.33200395,-0.0165423024,-0.0137088997,-0.174233615,0.179776058,-0.37938267,-0.395592242,0.145627499,1.1674947e-06,1.46256207e-05,2.23808456e-08,2.04862372e-05,2.26388511e-05,1.37644238e-05,-0.492484927,0.623129547,-0.164145961,-2.09410048,1.82679784,1.63695538,-1.42431915,1.09321463,0.000100052159,0.0298358276,1.33299983,1.33299983,1.33299983
36.7333333,-0.50074029,0.616911411,-0.189014629,-2.0734086,1.80408764,1.6086005,-1.41990936,1.07908964,5.44412444e-07,0.0283872541,1.33130872,1.33293486,1.33199859,-0.00929076783,0.0352040567,-0.133241579,0.105805963,-0.369977415,-0.654059529,0.040166337,1.63063783e-06,0.000112212612,5.74509613e-08,3.61025304e-05,4.1934225e-05,2.26168777e-05,-0.492283165,0.625478089,-0.171541557,-2.08527946,1.80124676,1.59852254,-1.41827166,1.09325886,0.000100422476,0.0286702234,1.33299983,1.33299983,1.33299983
36.8,-0.50111568,0.621062219,-0.196102589,-2.06834841,1.7800945,1.55751121,-1.42021525,1.07908952,1.74880051e-06,0.0283422042,1.33130527,1.3329035,1.33196723,0.000142967358,0.0859887972,-0.0791968927,0.0459382199,-0.352558345,-0.86269784,-0.0407730006,-4.21318691e-05,0.00101723778,-0.051028531,0.000197072513,0.000404554186,-6.38887286e-07,-0.491945058,0.62941438,-0.177613333,-2.07997918,1.77697861,1.54727161,-1.41797233,1.09333301,0.000101043166,0.026716603,1.33299983,1.33299983,1.33299983
36.8666667,-0.500485897,0.627846301,-0.199436769,-2.0673306,1.75750005,1.49586415,-1.42470288,1.07895267,1.61871401e-06,0.0261051711,1.33129537,1.33287454,1.33193958,0.0196102671,0.112115011,-0.0214319527,-0.0168364625,-0.322871655,-0.97106868,-0.0848677233,0.000216791144,-0.00245913025,-0.0228302032,0.00347595802,-0.000426649116,0.00325897289,-0.491538674,0.634144485,-0.182206824,-2.07766461,1.75416827,1.48757088,-1.42181671,1.09342217,0.000101789017,0.0243689697,1.33299983,1.33299983,1.33299983
36.9333333,-0.498507023,0.635536611,-0.198998868,-2.07025027,1.73607099,1.4296726,-1.43110859,1.07895303,1.39140968e-06,0.0245965365,1.33127487,1.33284914,1.33190918,0.0395391323,0.11420092,0.0325438716,-0.0699305385,-0.316418052,-1.00405514,-0.101170078,-6.38285419e-05,0.000854313839,-0.0518645309,0.00656842487,0.000518550631,0.00429246854,-0.491132408,0.638874769,-0.185167715,-2.0777986,1.73299074,1.42378855,-1.4282012,1.09351122,0.00010253489,0.0220213439,1.33299983,1.33299983,1.33299983
37,-0.495454609,0.642693818,-0.195050552,-2.07617259,1.71562505,1.3636049,-1.437814,1.07895362,2.08058009e-06,0.0227582026,1.33125818,1.33282602,1.33188272,0.0510683581,0.0969458222,0.0820995867,-0.105333455,-0.296218604,-0.971214354,-0.0948058069,1.17526724e-07,0.000482583389,-0.0502273105,1.60152485e-05,1.33084541e-05,-1.06956577e-07,-0.490794241,0.642811,-0.186341494,-2.07984567,1.71362054,1.36029279,-1.43552089,1.09358525,0.000103155558,0.0200677179,1.33299983,1.33299983,1.33299983
37.0666667,-0.492005974,0.64811188,-0.188114718,-2.08375764,1.69681251,1.30177653,-1.44339979,1.07895398,7.69448889e-07,0.0216871873,1.33125019,1.3328191,1.33185935,0.0516620241,0.0620395355,0.121156096,-0.120340712,-0.26733011,-0.876575232,-0.0684172213,-6.27201644e-07,0.000202742813,-1.96991095e-07,7.02176476e-06,1.44082696e-05,-3.94697418e-06,-0.49059251,0.645159602,-0.185573846,-2.08326888,1.69623268,1.3014518,-1.44217181,1.09362972,0.00010352589,0.0189021155,1.33299983,1.33299983,1.33299983
37.1333333,-0.488851696,0.65060252,-0.179018959,-2.09174585,1.68003118,1.24847507,-1.44661725,1.07895398,-5.24038306e-08,0.0216952004,1.33125019,1.3328191,1.33185935,0.0425687358,0.00948544685,0.147165418,-0.118298903,-0.233900115,-0.71425873,-0.0241088606,-3.1754098e-08,3.742833e-05,-2.15193722e-07,-1.55021044e-05,-1.81810465e-05,-1.27188505e-05,-0.4905954,0.645126522,-0.18271026,-2.08753252,1.68100202,1.25163376,-1.4465493,1.093629,0.000103520673,0.018918531,1.33299983,1.33299983,1.33299983
37.2,-0.486566424,0.649079978,-0.168606982,-2.09907508,1.66529584,1.20819867,-1.44623673,1.07907903,-7.87947215e-07,0.0217151046,1.33125317,1.3328439,1.33186841,0.0269017033,-0.0574876666,0.161726832,-0.099936828,-0.209907293,-0.486750782,0.0383260921,1.3729732e-07,0.000121677265,-7.88713805e-09,-3.70255148e-05,-5.06236684e-05,-1.96494802e-05,-0.490870982,0.641917944,-0.177596375,-2.09209967,1.66810286,1.21520698,-1.44704938,1.09356856,0.00010301474,0.020510979,1.33299983,1.33299983,1.33299983
37.2666667,-0.485554069,0.642608821,-0.157227591,-2.10519028,1.65402031,1.18599451,-1.44069672,1.07907903,-1.75468202e-07,0.0218371209,1.33128321,1.33287477,1.33189952,0.00396971684,-0.136847392,0.175801501,-0.0816430077,-0.135743394,-0.174438044,0.128983766,0.000608483795,-0.0018605357,0.0502982736,0.0031845523,0.00329411519,0.00299011567,-0.491487592,0.634739995,-0.170077756,-2.09643412,1.65771079,1.19653964,-1.44206774,1.09343338,0.000101882913,0.0240734667,1.33299983,1.33299983,1.33299983
37.3333333,-0.48608762,0.630758047,-0.14517206,-2.1095562,1.64609754,1.18638277,-1.42867148,1.07907987,7.30415832e-06,0.0251234937,1.33130848,1.3329953,1.33302462,-0.0187155399,-0.218815222,0.184689343,-0.0474303328,-0.113003671,0.192107588,0.23306936,-3.85396561e-07,0.00685514603,1.95635948e-07,-0.000699477736,-0.000310682226,0.00420086551,-0.492513329,0.622798741,-0.159999996,-2.0999999,1.64999998,1.19999993,-1.42999995,1.09320843,9.99999975e-05,0.0299999993,1.33299983,1.33299983,1.33299983
37.4,-0.488023847,0.613207817,-0.132441282,-2.11229253,1.64099228,1.21159351,-1.40937388,1.07908022,-5.11378403e-07,0.0303280558,1.33300018,1.33300018,1.3330003,-0.0401850305,-0.307506114,0.196745932,-0.0391308516,-0.049882669,0.542385638,0.335027754,2.56717613e-07,1.40839347e-05,0.0962389559,-2.62259418e-05,1.30940293e-06,1.1488055e-08,-0.494012028,0.605352104,-0.146355063,-2.1035912,1.64487183,1.22484565,-1.41068995,1.09287977,9.72489943e-05,0.0386589095,1.33299983,1.33299983,1.33299983
37.4666667,-0.491668582,0.589920878,-0.118620493,-2.11510491,1.63881755,1.25629938,-1.38459313,1.07908022,-3.35266549e-07,0.037992809,1.3330003,1.33300018,1.3330003,-0.0670434162,-0.389166623,0.21727407,-0.0477106757,-0.0168841276,0.780005455,0.404570043,3.396799e-07,1.6860211e-05,0.129152074,-2.20863622e-05,1.10207338e-06,-3.06990842e-08,-0.495948434,0.582809627,-0.128724664,-2.10823131,1.64192986,1.26567376,-1.38573968,1.09245515,9.36944634e-05,0.0498469584,1.33299983,1.33299983,1.33299983
37.5333333,-0.496815711,0.561731279,-0.103084564,-2.11861014,1.63856208,1.31414914,-1.35556221,1.07908022,-1.93661151e-07,0.047867924,1.33300054,1.33300018,1.3330003,-0.0830248445,-0.453866124,0.248028398,-0.0587187037,0.0108281272,0.945183694,0.463573754,3.34268475e-06,0.000190979452,0.160362497,-0.00540555362,-0.000216700544,-4.49097115e-08,-0.498242408,0.556104779,-0.107838959,-2.11372805,1.64090264,1.31986165,-1.35618234,1.09195209,8.94836121e-05,0.0631007925,1.33299983,1.33299983,1.33299983
37.6,-0.502449274,0.529937029,-0.0851544812,-2.12271762,1.6400224,1.38168311,-1.32296526,1.07907295,-7.95977257e-08,0.0597352348,1.33300018,1.33300006,1.3330003,-0.0815437958,-0.497684866,0.288558513,-0.0664172918,0.0353036188,1.07397878,0.504148602,-0.0279574413,1.29410037e-05,0.186894238,-4.45710612e-07,1.81101495e-06,1.76889216e-07,-0.500813663,0.526171267,-0.0844280794,-2.11988926,1.64151812,1.38478637,-1.32305169,1.09138823,8.47636547e-05,0.077957049,1.33299983,1.33299983,1.33299983
37.6666667,-0.507495821,0.49590528,-0.0642946586,-2.12725139,1.64287102,1.45677567,-1.28768158,1.07896006,1.01865965e-08,0.0732815638,1.33300018,1.33299994,1.33300018,-0.0667524189,-0.521952391,0.334947526,-0.072731927,0.0525212698,1.17106414,0.543965876,3.76532626e-07,1.70301337e-05,0.210344329,1.93736696e-07,3.7483801e-07,1.63983714e-07,-0.50358212,0.493942678,-0.0592222288,-2.12652302,1.64350522,1.4578253,-1.28738046,1.09078097,7.96818131e-05,0.0939523876,1.33299983,1.33299983,1.33299983
37.7333333,-0.511319816,0.460824966,-0.0403546095,-2.13223863,1.64657831,1.5370338,-1.25068891,1.07896006,1.84902973e-07,0.088140212,1.33300006,1.33299994,1.33300006,-0.0463758558,-0.53015852,0.379852057,-0.0806307122,0.0619222596,1.22816491,0.561784863,4.77120409e-07,5.29410136e-05,0.227106333,-2.64507889e-07,-4.38741608e-07,3.88577064e-08,-0.506467581,0.46035257,-0.0329515673,-2.13343716,1.64659214,1.53635573,-1.25020266,1.09014833,7.43852797e-05,0.110623449,1.33299983,1.33299983,1.33299983
37.8,-0.513766527,0.425659508,-0.0137371626,-2.13779044,1.65074146,1.61962664,-1.21298778,1.07896006,2.58915037e-07,0.103922307,1.33299994,1.33299983,1.33300006,-0.026637841,-0.525136709,0.414332837,-0.0895674899,0.0667063072,1.24180257,0.564449072,3.56740088e-07,8.1180835e-05,0.237926096,-3.34579909e-07,-5.97736062e-07,7.57586349e-08,-0.509389758,0.42633459,-0.00634622946,-2.14043927,1.65050709,1.61775494,-1.21255112,1.08950746,6.90212764e-05,0.127506882,1.33299983,1.33299983,1.33299983
37.8666667,-0.515015781,0.391240269,0.0145808198,-2.14387059,1.65512967,1.70173895,-1.17563951,1.07896006,2.34337662e-07,0.12021099,1.33299983,1.33299983,1.33299994,-0.011352445,-0.508009672,0.430427104,-0.0959139317,0.0686594248,1.21512377,0.550619483,-3.08567451e-07,6.44564134e-05,0.24245061,5.36484367e-06,8.58204294e-06,-1.05086656e-07,-0.512268484,0.392822266,0.0198635943,-2.14733744,1.65497863,1.69940019,-1.17545938,1.08887613,6.37370104e-05,0.14413932,1.33299983,1.33299983,1.33299983
37.9333333,-0.515440345,0.358357131,0.0431844555,-2.15019035,1.65957212,1.78083682,-1.13978589,1.07896006,1.67008039e-07,0.136566207,1.33299983,1.33299935,1.33299983,-0.00256615574,-0.479043335,0.423092604,-0.0962664783,0.0681051388,1.15252733,0.519446492,-1.04424612e-06,3.03587694e-05,0.240311831,9.49816604e-06,2.10712897e-05,-4.95201675e-08,-0.515023589,0.360749245,0.0449477471,-2.15393901,1.65973532,1.77866888,-1.13996053,1.08827198,5.86796996e-05,0.160057425,1.33299983,1.33299983,1.33299983
38,-0.515500367,0.327793598,0.0704393163,-2.15630317,1.66390252,1.85460985,-1.10659862,1.07895279,1.90604567e-07,0.152521655,1.33299446,1.33299839,1.33299983,-0.000782495481,-0.438167036,0.390711725,-0.089279972,0.064995192,1.0559361,0.471061915,-1.47093087e-05,-1.20752738e-05,0.231160939,5.17258013e-05,7.37428927e-05,-1.65746314e-08,-0.517574787,0.331049144,0.0681760684,-2.1600523,1.66450524,1.85293794,-1.10708809,1.08771253,5.39965476e-05,0.174797848,1.33299983,1.33299983,1.33299983
38.0666667,-0.515635252,0.300355941,0.0947111771,-2.16172981,1.66791403,1.92076492,-1.07718337,1.07895279,3.84695426e-07,0.167579457,1.33296621,1.33299804,1.33299959,-0.00482294383,-0.384760648,0.334939957,-0.0753960162,0.0582590103,0.924267709,0.406767964,2.87095509e-06,3.39749458e-05,0.214506865,0.00716398424,7.94786756e-05,1.476326e-05,-0.519842088,0.304655552,0.0888184011,-2.16548514,1.66901696,1.91958475,-1.07787538,1.08721519,4.9834769e-05,0.187897235,1.33299983,1.33299983,1.33299983
38.1333333,-0.516140997,0.27691251,0.114581294,-2.16606951,1.67149675,1.9769876,-1.05261874,1.07895279,5.93462119e-07,0.181235492,1.33294916,1.33300006,1.33300018,-0.0117966067,-0.317679763,0.259979576,-0.0558271222,0.0520593897,0.758590698,0.326660305,-1.21555149e-06,-2.76500941e-05,0.189888373,9.43747e-06,-4.52621534e-05,-7.10746317e-05,-0.521745086,0.282502025,0.106144577,-2.17004514,1.67299902,1.97598684,-1.05335569,1.08679795,4.63415745e-05,0.198892221,1.33299983,1.33299983,1.33299983
38.2,-0.517127216,0.258418977,0.128919899,-2.1689651,1.67456651,2.02089405,-1.03386092,1.07895279,2.21069115e-07,0.192940801,1.33294797,1.33299828,1.33299124,-0.0190400891,-0.235683396,0.170514986,-0.031814307,0.0411166102,0.554154038,0.233312741,-2.50775747e-06,5.66804374e-06,0.157310754,1.85469544e-05,-9.14601405e-05,-0.000132294299,-0.523203671,0.265522182,0.119424425,-2.17354035,1.67617941,2.019521,-1.03456223,1.08647799,4.36641749e-05,0.207319468,1.33299983,1.33299983,1.33299983
38.2666667,-0.518489599,0.245895237,0.136952743,-2.17020035,1.67681563,2.0498693,-1.02183855,1.07895279,8.18172339e-07,0.202170908,1.33294547,1.33297718,1.33296418,-0.0229439847,-0.138176724,0.0722002089,-0.00568011124,0.0264477078,0.310922623,0.125382721,3.31151605e-05,-0.00175866717,0.117016084,-0.000409652886,-0.00756434817,0.00713621965,-0.524137616,0.254649669,0.12792778,-2.17577839,1.67828691,2.04756522,-1.02252829,1.08627319,4.1949781e-05,0.212715596,1.33299983,1.33299983,1.33299983
38.3333333,-0.519915938,0.240395486,0.13824752,-2.16967916,1.67782915,2.06118083,-1.01755142,1.07854331,2.5545356e-05,0.208412901,1.33293986,1.33297491,1.33294713,-0.0209135413,-0.0248167422,-0.0303280558,0.0211493615,0.00485456083,0.0255654063,0.00469194353,-2.24635005e-05,0.000239133893,0.0664898455,6.47081033e-05,7.89868645e-05,1.14277937e-05,-0.524466753,0.250818014,0.130924493,-2.17656684,1.67904973,2.05749583,-1.01828742,1.08620107,4.13456e-05,0.214617267,1.33299983,1.33299983,1.33299983
38.4,-0.519080997,0.241575211,0.131240934,-2.17194009,1.64794075,2.05710101,-1.01535487,1.08005333,0.00732569443,0.1542027,1.32150686,1.3217119,1.3218019,0.02331057,0.0438191593,-0.117259741,-0.056027744,-0.385866135,-0.0380754694,-0.0361164212,-0.0340739414,-0.000153632514,-0.614859343,5.22193732e-05,0.000103008642,-1.3835961e-07,-0.524466753,0.250818014,0.130924493,-2.17656684,1.67904973,2.05749583,-1.01828742,1.17571092,0.0627187416,0.0897067562,1.33299983,1.33299983,1.33299983
38.4666667,-0.516085863,0.24623017,0.120504715,-2.17686391,1.61255372,2.0558598,-1.01805627,1.07901847,0.0174599737,0.0893623158,1.32024467,1.32047224,1.32056189,0.0540754385,0.0883401632,-0.173384994,-0.0781599209,-0.486161023,-0.00575739332,-0.0536679626,0.041593384,-0.000207826088,-0.857699454,7.20657408e-05,0.000138848322,-8.67294148e-08,-0.524466753,0.250818014,0.130924493,-2.17656684,1.67904973,2.05749583,-1.01828742,1.19130194,0.089809157,0,1.33299983,1.33299983,1.33299983
38.5333333,-0.51232928,0.253261209,0.10918048,-2.18299627,1.581532,2.05542922,-1.0280056,1.07919204,0.0204564817,0.0438080207,1.32020009,1.32043302,1.32050192,0.0513735227,0.120991483,-0.14852196,-0.0889357328,-0.398874551,0.0128976041,-0.18693532,-1.62914439e-05,-0.00043759984,-0.485760808,0.000311590964,0.000374518218,0.00567167671,-0.524466753,0.250818014,0.130924493,-2.17656684,1.67904973,2.05749583,-1.01828742,1.24616504,0.104491107,0,1.33299983,1.33299983,1.33299983
38.6,-0.509456336,0.262961507,0.101394698,-2.18863177,1.56002057,2.05557609,-1.04773295,1.08078039,0.0229035355,0.0208045468,1.32016361,1.3204,1.3204639,0.0331608467,0.164808437,-0.0831995755,-0.0669703633,-0.263883859,0.0145189073,-0.329612046,-0.0298755132,-2.62763351e-05,-0.229146793,-1.23227364e-05,1.78194605e-05,-7.50878826e-08,-0.524466753,0.250818014,0.130924493,-2.17656684,1.67904973,2.05749583,-1.01828742,1.24616504,0.112592936,0,1.33299983,1.33299983,1.33299983
38.6666667,-0.508351326,0.275568873,0.0993125215,-2.19308329,1.54961967,2.05531669,-1.07917452,1.08081186,0.0229538567,0.0100976657,1.32013309,1.32036972,1.32043374,0.00454274286,0.205467552,0.00641549798,-0.0510284454,-0.0994531959,0.00139690936,-0.496098489,1.75945752e-06,-3.19887185e-05,-0.107579358,8.36129766e-06,1.99276838e-05,-3.01661203e-08,-0.524466753,0.250818014,0.130924493,-2.17656684,1.67904973,2.05749583,-1.01828742,1.24616504,0.111636534,0,1.33299983,1.33299983,1.33299983
38.7333333,-0.508824348,0.290159613,0.102190897,-2.19656944,1.54791462,2.05434322,-1.11870754,1.0808847,0.0222444329,0.00256198109,1.32038546,1.3206197,1.32069063,-0.0172865838,0.223534301,0.0746078193,-0.0385758728,0.0835699961,0.0239100419,-0.626585782,-1.43563375e-06,-0.0791909918,-0.37991932,0.0997917727,0.0989866927,0.100080684,-0.524466753,0.250818014,0.130924493,-2.17656684,1.67904973,2.05749583,-1.01828742,1.24616504,0.0849179775,0,1.33299983,1.33299983,1.33299983
38.8,-0.509267926,0.305992693,0.105782218,-2.19809937,1.5494976,2.0543344,-1.15969348,1.08088565,0.0223214701,2.63827292e-06,1.32965863,1.32979429,1.33012545,0.00264579896,0.244351551,0.0349618345,0.00862338953,0.0125286346,-0.0261486229,-0.578842998,-2.71842509e-06,0.00147532194,0.00018359338,0.168626025,0.166445941,0.169836983,-0.524466753,0.250818014,0.130924493,-2.17656684,1.67904973,2.05749583,-1.01828742,1.24616504,0.0868700445,0,1.33299983,1.33299983,1.33299983
38.8666667,-0.507594526,0.32309857,0.104654998,-2.19561958,1.54825628,2.05147529,-1.19809353,1.08093536,0.0220300835,1.94192012e-06,1.33300006,1.33299983,1.33300006,0.0410529077,0.260254234,-0.0550531484,0.0700775534,-0.0242138226,-0.0758097768,-0.542190671,5.75204031e-05,-0.00148329884,-4.91563696e-07,0.000626412628,0.00102064328,0.000280909764,-0.524466753,0.250818014,0.130924493,-2.17656684,1.67904973,2.05749583,-1.01828742,1.24616504,0.0733520612,0,1.33299983,1.33299983,1.33299983
38.9333333,-0.504115701,0.340825886,0.0991608053,-2.19032526,1.5465982,2.04274321,-1.23748207,1.08084679,0.0225464385,7.76345951e-06,1.33299947,1.33299255,1.33300042,0.0588561147,0.266358018,-0.0996710211,0.0978702605,-0.0159029737,-0.165156275,-0.583089471,1.32731657e-07,0.000561205903,-1.28529791e-08,-4.55808549e-06,-5.60441913e-06,-7.55221299e-06,-0.524466753,0.250818014,0.130924493,-2.17656684,1.67904973,2.05749583,-1.01828742,1.24616504,0.098448731,0,1.33299983,1.33299983,1.33299983
39,-0.500210941,0.358445168,0.0923765898,-2.18388963,1.54451764,2.03133106,-1.27622712,1.08084679,0.0228701867,1.70582407e-05,1.33300006,1.33300006,1.33300018,0.0582958944,0.258303791,-0.103876859,0.104384452,-0.0203888305,-0.18801868,-0.567897558,4.04607272e-06,-1.36072504e-05,-9.0182155e-05,1.30805638e-05,1.30509625e-05,1.2858628e-05,-0.524466753,0.250818014,0.130924493,-2.17656684,1.67904973,2.05749583,-1.01828742,1.24616504,0.116454467,0,1.33299983,1.33299983,1.33299983
39.0666667,-0.49603352,0.375474751,0.0844204649,-2.17705917,1.54150629,2.01919389,-1.31373596,1.0807308,0.0232588593,2.01308067e-05,1.33300006,1.33299994,1.33299994,0.0652927011,0.248830706,-0.130037725,0.108960964,-0.0373222679,-0.202441216,-0.550798357,6.5090826e-06,-2.6433263e-05,-0.000118951706,1.91738709e-05,2.2283315e-05,1.61966636e-05,-0.524466753,0.250818014,0.130924493,-2.17656684,1.67904973,2.05749583,-1.01828742,1.24616504,0.133469447,0,1.33299983,1.33299983,1.33299983
39.1333333,-0.494128585,0.389520496,0.0816488937,-2.17535996,1.56143463,2.0233252,-1.35270035,1.08138311,0.023192741,0.000734470668,1.33300006,1.33300006,1.33300018,0.0158399604,0.174231589,-0.0171561297,-0.0335033275,0.344381392,0.0781697482,-0.591183901,-6.62278035e-06,7.47211743e-06,7.35744834e-08,-2.2377988e-05,-1.49647676e-05,-2.83201953e-05,-0.524466753,0.250818014,0.130924493,-2.17656684,1.67904973,2.05749583,-1.01828742,1.24616504,0.128081515,0,1.33299983,1.33299983,1.33299983
39.2,-0.493402094,0.398099661,0.0807435438,-2.18024087,1.58753347,2.02853298,-1.39263189,1.08144689,0.0230186414,0.000779594702,1.33299911,1.33300018,1.33299959,0.00814937335,0.0897531435,-0.0145769976,-0.101934902,0.391815096,0.0559617542,-0.585758388,3.98047268e-06,-0.000306425616,1.57742761e-08,0.00512587,0.000448617007,-3.1231204e-05,-0.524466753,0.250818014,0.130924493,-2.17656684,1.67904973,2.05749583,-1.01828742,1.24616504,0.116398126,0,1.33299983,1.33299983,1.33299983
39.2666667,-0.493500531,0.40103966,0.0807615668,-2.19089293,1.61311376,2.03290892,-1.43255687,1.08144689,0.0232733693,0.000830590026,1.33300006,1.33300006,1.33299994,-0.00819999911,0.00666245259,0.0100626126,-0.198594987,0.396784604,0.058907561,-0.60248208,-9.4505267e-06,1.61137432e-05,9.88948159e-08,-3.42630847e-05,-2.51689835e-05,-4.12941772e-05,-0.524466753,0.250818014,0.130924493,-2.17656684,1.67904973,2.05749583,-1.01828742,1.24616504,0.133423656,0,1.33299983,1.33299983,1.33299983
39.3333333,-0.494042099,0.399010539,0.0808450505,-2.20768714,1.63958549,2.03792381,-1.47438478,1.08079934,0.0237939861,0.000875802652,1.33300018,1.33300018,1.33299983,-0.00811209995,-0.0605781823,-0.0051059518,-0.285303324,0.416204393,0.0615359247,-0.635879159,-6.21417421e-05,0.00146026164,5.19794412e-07,-0.000653729308,-0.00102851435,-0.000318170351,-0.524466753,0.250818014,0.130924493,-2.17656684,1.67904973,2.05749583,-1.01828742,1.2053082,0.147256896,0,1.33299983,1.33299983,1.33299983
39.4,-0.494347066,0.39349094,0.0795430094,-2.22903562,1.66792083,2.04290104,-1.51921666,1.06848669,0.0272614714,0.000912767253,1.33299899,1.33299851,1.33299959,-0.00279365666,-0.100787617,-0.0279071257,-0.3394638,0.438907713,0.0577091388,-0.632522881,-2.00868453e-06,1.7081853e-05,-1.37952156e-08,-2.17674205e-05,-1.895272e-05,-2.47692624e-05,-0.524466753,0.250818014,0.130924493,-2.17656684,1.67904973,2.05749583,-1.01828742,1.08468723,0.15849641,0,1.33299983,1.33299983,1.33299983
39.4666667,-0.495746642,0.385547906,0.0806486085,-2.25150776,1.70055282,2.04618359,-1.56270814,1.07759619,0.0271435715,-1.79560715e-07,1.33271146,1.33268261,1.33271337,-0.0368996151,-0.142983362,0.0533708036,-0.32229808,0.487597227,0.0400293767,-0.621064663,0.0663821697,0.000344689906,2.5819395e-07,-4.41140728e-05,5.86542592e-06,-8.48198251e-05,-0.524466753,0.250818014,0.130924493,-2.17656684,1.67904973,2.05749583,-1.01828742,1.20433247,0.13555868,0,1.33299983,1.33299983,1.33299983
39.5333333,-0.499053597,0.375604689,0.0863770768,-2.27202821,1.73701191,2.05341768,-1.60564852,1.08331072,0.0243035555,6.86673548e-06,1.33258319,1.33259332,1.33258188,-0.0571551248,-0.155392036,0.103670925,-0.294126183,0.539148331,0.115897119,-0.640950263,-0.0321374945,5.47386589e-05,0.00495365681,-0.00052862626,-0.000274265825,-0.00072084117,-0.524466753,0.250818014,0.130924493,-2.17656684,1.67904973,2.05749583,-1.01828742,1.24595129,0.12186943,0,1.33299983,1.33299983,1.33299983
39.6,-0.503809988,0.365096241,0.0955439657,-2.29167867,1.77314413,2.06307173,-1.6477195,1.08548653,0.0219504759,8.81536653e-06,1.33246672,1.33248258,1.33250952,-0.0769416019,-0.166584373,0.147847801,-0.298639506,0.535572588,0.13730894,-0.628130019,1.50036067e-05,0.000108087203,0.000853363774,-6.80598023e-05,-7.79793336e-05,-2.25836993e-05,-0.524466753,0.250818014,0.130924493,-2.17656684,1.67904973,2.05749583,-1.01828742,1.24616504,0.0832500607,0,1.33299983,1.33299983,1.33299983
39.6666667,-0.510271668,0.354838222,0.108881347,-2.31082249,1.81075621,2.07519484,-1.69059873,1.08548725,0.0217979699,1.77119034e-06,1.33247209,1.33248651,1.33251774,-0.10671325,-0.150582239,0.224564403,-0.278448641,0.585178971,0.179819927,-0.646495938,-1.3142253e-05,-0.00643168297,-0.000337653677,0.000126711209,0.000263441587,1.14841678e-05,-0.524466753,0.250818014,0.130924493,-2.17656684,1.67904973,2.05749583,-1.01828742,1.24616504,0.0854750723,0,1.33299983,1.33299983,1.33299983
39.7333333,-0.518570364,0.346001923,0.12700738,-2.32880902,1.850793,2.0898397,-1.73498833,1.08780968,0.0230904818,1.53671317e-06,1.33247268,1.33248675,1.33252478,-0.133824527,-0.121346183,0.298019826,-0.260317832,0.637896359,0.225620091,-0.669806838,0.152270883,0.000660671038,-0.000798003108,0.00714438502,-0.00486948946,-0.0056073498,-0.524466753,0.250818014,0.130924493,-2.17656684,1.67904973,2.05749583,-1.01828742,1.24616504,0.108298682,0,1.33299983,1.33299983,1.33299983
39.8,-0.526607692,0.338823885,0.145005703,-2.34493566,1.893139,2.10480905,-1.78167641,1.08819377,0.0218411665,3.96485711e-06,1.33218837,1.33220541,1.33228505,-0.108898513,-0.107393682,0.242088288,-0.227894321,0.644193947,0.179312468,-0.695298016,-0.0324252248,0.000178810791,1.63612131e-05,4.15791583e-05,5.50633413e-05,6.9886024e-05,-0.524466753,0.250818014,0.130924493,-2.17656684,1.67904973,2.05749583,-1.01828742,1.24616504,0.111757576,0,1.33299983,1.33299983,1.33299983
39.8666667,-0.532092333,0.332538128,0.157256618,-2.3583467,1.93387842,2.11691356,-1.82625961,1.08949602,0.0234691072,3.44587511e-06,1.33185947,1.33188152,1.33197606,-0.0628394708,-0.0970784575,0.136906832,-0.185282618,0.603310466,0.12375319,-0.667898417,-0.045890294,-0.000210847124,-8.03638177e-05,9.14804696e-06,4.5665307e-05,-8.795756e-06,-0.524466753,0.250818014,0.130924493,-2.17656684,1.67904973,2.05749583,-1.01828742,1.24616504,0.129653215,0,1.33299983,1.33299983,1.33299983
39.9333333,-0.53550458,0.327756971,0.165310606,-2.36885238,1.9719609,2.12708187,-1.86940265,1.08110583,0.0268566031,8.42789268e-06,1.33144403,1.3314575,1.33157933,-0.0433438197,-0.0658798516,0.105877563,-0.143305123,0.576098979,0.111451447,-0.619664133,-1.2049466e-05,-7.09516462e-05,-7.23438643e-05,-5.0116123e-06,3.25762812e-05,-3.6623831e-05,-0.524466753,0.250818014,0.130924493,-2.17656684,1.67904973,2.05749583,-1.01828742,1.13875985,0.144193426,0,1.33299983,1.33299983,1.33299983
40,-0.537700534,0.325808913,0.171809316,-2.37769914,2.00910139,2.13745284,-1.91249514,1.08373666,0.0268098228,5.06727156e-06,1.33180726,1.3319571,1.33207548,-0.0294139292,-0.0182171594,0.0951776654,-0.119444922,0.563061118,0.108309411,-0.624881864,0.0472400375,0.174050421,-0.000375330274,1.22827296e-05,0.000182242627,-0.000130639819,-0.524466753,0.250818014,0.130924493,-2.17656684,1.67904973,2.05749583,-1.01828742,1.24616504,0.156007335,0,1.33299983,1.33299983,1.33299983
40.0666667,-0.540222406,0.326605886,0.180260658,-2.38520169,2.04323721,2.15124726,-1.95186901,1.07610321,0.0292416383,6.50792026e-06,1.33044016,1.33052397,1.3306284,-0.0500099212,-0.0399277769,0.121086411,-0.177923471,0.477649599,-0.0522863157,-0.502185106,0.109238289,0.365705818,1.18860044e-07,0.057842914,0.0559235476,0.052526556,-0.524466753,0.250818014,0.130924493,-2.17656684,1.67904973,2.05749583,-1.01828742,1.13259578,0.162730172,0,1.33299983,1.33299983,1.33299983
40.1333333,-0.545123577,0.321535766,0.191279501,-2.39569354,2.08475661,2.15154052,-1.99643552,1.05151093,0.0388320312,0.0450421236,1.3315618,1.33157301,1.33158219,-0.100623928,-0.101327807,0.212590843,-0.153079629,0.590503991,0.0326991081,-0.588411689,-0.229571179,0.0936733633,0.678842723,-3.11789336e-07,-6.40196231e-06,3.53825453e-06,-0.524466753,0.250818014,0.130924493,-2.17656684,1.67904973,2.05749583,-1.01828742,1.0344491,0.17106846,0.117570221,1.33299983,1.33299983,1.33299983
40.2,-0.551433921,0.315396249,0.205079794,-2.40418649,2.12740064,2.15773749,-2.0388062,1.03696668,0.0502229072,0.108261675,1.33300114,1.33185852,1.3319155,-0.0845380798,-0.122481763,0.159708261,-0.175227016,0.594790101,0.0235824063,-0.621026099,-0.0971319452,-0.356603026,0.949694157,0.000573256519,0.00122806407,3.753684e-05,-0.524466753,0.250818014,0.130924493,-2.17656684,1.67904973,2.05749583,-1.01828742,1.01760423,0.163889155,0.238791466,1.33299983,1.33299983,1.33299983
40.2666667,-0.556725204,0.308453321,0.215460017,-2.41508174,2.16436839,2.16434193,-2.07913852,1.05509448,0.0374417417,0.107161216,1.33279717,1.33128023,1.33132005,-0.0718293563,-0.0933703482,0.143734738,-0.168252781,0.575493395,0.0647650287,-0.672790945,0.0859247372,-0.0841690004,8.65547918e-08,0.000974549912,0.00122880423,-0.00630709529,-0.524466753,0.250818014,0.130924493,-2.17656684,1.67904973,2.05749583,-1.01828742,1.13919187,0.172010124,0.110714063,1.33299983,1.33299983,1.33299983
40.3333333,-0.560654938,0.302799791,0.22323364,-2.42664289,2.20055509,2.16946816,-2.12089825,1.05654931,0.0375356786,0.0937462226,1.3321929,1.33066702,1.33066761,-0.0530226715,-0.0965830833,0.0924025103,-0.199861914,0.532247961,0.0186677389,-0.599569917,0.0579044223,2.46703275e-05,-0.0722893849,-1.72756463e-05,-2.36694686e-05,8.57180567e-08,-0.524466753,0.250818014,0.130924493,-2.17656684,1.67904973,2.05749583,-1.01828742,1.10866833,0.178608418,0.0886616707,1.33299983,1.33299983,1.33299983
40.4,-0.566445649,0.295740217,0.234217614,-2.43751359,2.23885942,2.17393804,-2.15922308,1.03733957,0.0416646115,0.141976371,1.33221793,1.33105433,1.33085239,-0.126610324,-0.150433153,0.221196994,-0.195557907,0.612512052,-0.0141894687,-0.54510051,-0.202536076,0.0822369382,0.574522972,0.0530797355,0.0622571781,0.0621472485,-0.524466753,0.250818014,0.130924493,-2.17656684,1.67904973,2.05749583,-1.01828742,1.00616729,0.179603577,0.237258002,1.33299983,1.33299983,1.33299983
40.4666667,-0.573637962,0.288024008,0.247999415,-2.44793773,2.2849462,2.17763615,-2.20451999,0.998170972,0.0388466418,0.194850281,1.33204699,1.33221543,1.33224082,-0.0972746834,-0.123591676,0.175679684,-0.147150755,0.648588121,0.0275797583,-0.612453341,-0.593782544,-0.00499771629,0.828128278,-0.000324915862,-0.000656760763,-3.40112019e-05,-0.524466753,0.250818014,0.130924493,-2.17656684,1.67904973,2.05749583,-1.01828742,0.92288518,0.184778094,0.35799253,1.33299983,1.33299983,1.33299983
40.5333333,-0.578813374,0.282737195,0.258944303,-2.45395565,2.32688332,2.18209124,-2.24812341,0.941124678,0.0385141857,0.255713016,1.33072722,1.3309238,1.33099675,-0.0633695796,-0.0718490779,0.135336041,-0.0921206996,0.596811831,0.0336968601,-0.614593148,-0.700313032,-0.13521716,0.910423815,-0.00795094855,-0.00641456246,-0.00620800536,-0.524466753,0.250818014,0.130924493,-2.17656684,1.67904973,2.05749583,-1.01828742,0.85521853,0.188982397,0.456089318,1.33299983,1.33299983,1.33299983
40.6,-0.583873332,0.278107733,0.269419402,-2.45972538,2.35968709,2.18648171,-2.28604269,0.883623481,0.0436291993,0.294211,1.32954478,1.32973754,1.32982659,-0.0645250678,-0.0858836547,0.114586964,-0.138022408,0.449520171,0.0375011787,-0.540253997,-0.63752526,0.00140377134,0.31937623,-0.000469372841,-0.000963776838,-1.69391278e-05,-0.524466753,0.250818014,0.130924493,-2.17656684,1.67904973,2.05749583,-1.01828742,0.800239325,0.192398384,0.394443154,1.33299983,1.33299983,1.33299983
40.6666667,-0.589225054,0.272756368,0.279545695,-2.46928835,2.39330912,2.18736434,-2.32628536,0.838578045,0.0472207218,0.308722138,1.328529,1.32870996,1.32885706,-0.0988722369,-0.0871242508,0.182870388,-0.163618505,0.511038244,-0.038292788,-0.565336406,-0.407896757,0.00196295138,0.350191325,-0.000305976951,-0.000578512903,-5.35288127e-05,-0.524466753,0.250818014,0.130924493,-2.17656684,1.67904973,2.05749583,-1.01828742,0.772939086,0.16635102,0.386533558,1.33299983,1.33299983,1.33299983
40.7333333,-0.598011196,0.265509695,0.295107216,-2.48041463,2.42700148,2.18955469,-2.36344481,0.830182374,0.0462118387,0.307348579,1.32730567,1.32751,1.32771349,-0.166056216,-0.127972707,0.289267391,-0.176576898,0.536291897,0.0664914697,-0.542477489,-0.11461737,-0.0851774141,-1.73598528e-06,0.000773899839,0.000617954531,0.000890359865,-0.524466753,0.250818014,0.130924493,-2.17656684,1.67904973,2.05749583,-1.01828742,0.822977424,0.171622381,0.362272531,1.33299983,1.33299983,1.33299983
40.8,-0.609924138,0.257717431,0.316141009,-2.49473429,2.46195936,2.19488311,-2.40501285,0.821672738,0.0445659049,0.252687484,1.32657981,1.32681763,1.32706702,-0.17358695,-0.106109396,0.31310299,-0.234563619,0.61445874,0.00845459197,-0.67982924,-0.0440216921,0.0956024006,-0.595578849,-7.20293538e-05,-0.000122840196,-1.20378099e-05,-0.524466753,0.250818014,0.130924493,-2.17656684,1.67904973,2.05749583,-1.01828742,0.774043381,0.178293377,0.209629342,1.33299983,1.33299983,1.33299983
40.8666667,-0.618288219,0.251791388,0.331207097,-2.51098228,2.50464559,2.18921781,-2.44786191,0.805181324,0.0436412059,0.22473909,1.32785094,1.32802582,1.32826447,-0.119834155,-0.0648095533,0.229923695,-0.250007778,0.634234786,-0.119669959,-0.624092996,-0.388665944,0.120501123,-0.273953617,-6.07387628e-05,-0.00015163864,3.45753506e-08,-0.524466753,0.250818014,0.130924493,-2.17656684,1.67904973,2.05749583,-1.01828742,0.73428452,0.183713555,0.22557117,1.33299983,1.33299983,1.33299983
40.9333333,-0.623378098,0.248496503,0.341553777,-2.5273695,2.55035233,2.17177176,-2.48369288,0.799100757,0.0414619334,0.236719713,1.33300126,1.33298457,1.33257723,-0.0849532112,-0.045732677,0.169666722,-0.241427794,0.605615437,-0.287648678,-0.448095024,-6.051737e-05,-0.00038167648,0.419699103,0.000164821933,0.000364742475,6.82756072e-05,-0.524466753,0.250818014,0.130924493,-2.17656684,1.67904973,2.05749583,-1.01828742,0.780468345,0.175962061,0.311203361,1.33299983,1.33299983,1.33299983
41,-0.626204133,0.247108698,0.348609686,-2.54055548,2.59013844,2.15306187,-2.51460147,0.788724005,0.0385805294,0.26323846,1.33264816,1.33300078,1.33283949,-0.0504035056,-0.0141941961,0.121995032,-0.202390015,0.525488615,-0.30091992,-0.396873295,-0.124985598,0.00229634764,0.455107123,0.000221162802,-0.0495818071,-3.6705751e-07,-0.524466753,0.250818014,0.130924493,-2.17656684,1.67904973,2.05749583,-1.01828742,0.751137853,0.154167026,0.330611318,1.33299983,1.33299983,1.33299983
41.0666667,-0.623689175,0.250141591,0.348139614,-2.55165553,2.62210608,2.12765956,-2.53410673,0.773816407,0.0324484147,0.287364662,1.33254111,1.33253956,1.33254254,0.0724086314,0.0811356083,-0.0511900596,-0.146756336,0.417052567,-0.456930488,-0.227223024,-0.152992293,0.0986203179,0.394958854,-0.00142534077,-0.00331357867,0.000201120973,-0.524466753,0.250818014,0.130924493,-2.17656684,1.67904973,2.05749583,-1.01828742,0.715673804,0.128716618,0.34469372,1.33299983,1.33299983,1.33299983
41.1333333,-0.616595507,0.256320357,0.340409815,-2.56350517,2.6468327,2.09428787,-2.54896569,0.760294318,0.0294272527,0.299349964,1.33300114,1.33299923,1.33300066,0.153839678,0.127417132,-0.175850317,-0.115582295,0.494985461,-0.569259822,-0.213392884,0.0576417819,-0.181267068,0.0848896131,9.52808186e-05,0.000710091088,0.132548094,-0.524466753,0.250818014,0.130924493,-2.17656684,1.67904973,2.05749583,-1.01828742,0.68685925,0.12581411,0.342722893,1.33299983,1.33299983,1.33299983
41.2,-0.606922626,0.264600188,0.32840994,-2.5765214,2.66497779,2.05878234,-2.56171536,0.758088768,0.0302637666,0.271875501,1.32960176,1.3296411,1.33196914,0.155976266,0.121989109,-0.208442032,-0.231185824,0.282374471,-0.634330153,-0.229569733,-0.160083532,0.000128858956,-0.252067536,0.000545040588,0.000874439487,1.67579856e-07,-0.524466753,0.250818014,0.130924493,-2.17656684,1.67904973,2.05749583,-1.01828742,0.66344738,0.110196888,0.260351807,1.33299983,1.33299983,1.33299983
41.2666667,-0.596800506,0.274444371,0.316251278,-2.58982325,2.68678427,2.01561618,-2.57671332,0.742607534,0.0275748149,0.287831575,1.33286083,1.33286107,1.33300078,0.126462117,0.156790569,-0.127051145,-0.179459646,0.355070144,-0.684685826,-0.201680928,-0.231122524,-0.215798616,0.140920117,-5.38785243e-05,9.10905655e-05,1.02808699e-05,-0.524466753,0.250818014,0.130924493,-2.17656684,1.67904973,2.05749583,-1.01828742,0.644425273,0.128385156,0.355377913,1.33299983,1.33299983,1.33299983
41.3333333,-0.588006973,0.285687506,0.307353377,-2.59978461,2.70880222,1.97480369,-2.58913064,0.733849049,0.0227654483,0.306321144,1.33109677,1.33110166,1.33132935,0.127862066,0.17092362,-0.127433404,-0.136320919,0.315703034,-0.580328286,-0.117158361,0.0796876922,-0.240032062,0.35992071,-0.00038517022,-0.000794629916,-2.31682789e-05,-0.524466753,0.250818014,0.130924493,-2.17656684,1.67904973,2.05749583,-1.01828742,0.628969848,0.108981222,0.375348032,1.33299983,1.33299983,1.33299983
41.4,-0.580653608,0.29630211,0.300338477,-2.60839558,2.72900653,1.93661249,-2.59889317,0.73020637,0.0188245699,0.330898792,1.33117592,1.33120906,1.33149064,0.0896488354,0.147811309,-0.0748754293,-0.123556584,0.299192578,-0.559420109,-0.109902762,-0.0533321165,-0.121995568,0.416934818,-0.000398649368,-0.000833773986,-1.28325773e-05,-0.524466753,0.250818014,0.130924493,-2.17656684,1.67904973,2.05749583,-1.01828742,0.616412282,0.121291935,0.407683194,1.33299983,1.33299983,1.33299983
41.4666667,-0.574660242,0.306436718,0.295335501,-2.61572456,2.74923348,1.90089417,-2.60706043,0.7293576,0.0166304689,0.363377869,1.33052754,1.33057404,1.33087909,0.0803433508,0.142164648,-0.0665120855,-0.111185789,0.269559115,-0.509631634,-0.127156541,-0.0536958128,-2.06436962e-05,0.458381325,-0.000195913017,-0.000282556051,-0.000139251817,-0.524466753,0.250818014,0.130924493,-2.17656684,1.67904973,2.05749583,-1.01828742,0.606209278,0.13573952,0.459793419,1.33299983,1.33299983,1.33299983
41.5333333,-0.568803728,0.317361712,0.290693283,-2.62221479,2.76665235,1.86636555,-2.61684346,0.723786294,0.00306887599,0.386141241,1.33044171,1.33050931,1.33086812,0.0834813938,0.170951307,-0.0590933487,-0.111398079,0.271770328,-0.538723409,-0.198656738,-0.331584305,-0.224428415,0.307530761,-0.000139779411,-0.0003115898,9.868294e-06,-0.524466753,0.250818014,0.130924493,-2.17656684,1.67904973,2.05749583,-1.01828742,0.597919285,0.123043329,0.495273888,1.33299983,1.33299983,1.33299983
41.6,-0.567403138,0.324687421,0.287636757,-2.62255383,2.76743436,1.85461962,-2.60478044,0.740010381,-4.74539638e-06,0.37516135,1.3215214,1.32125223,1.32125521,0.0420751087,0.0843442753,-0.101788588,0.0549677871,-0.137456059,-0.0529908463,0.334535509,0.108080655,-0.000214277185,-0.17842035,-0.104814403,-0.107639924,-0.111629069,-0.567172647,0.323891938,0.287958652,-2.61927295,2.7629056,1.86046553,-2.60280681,0.731684566,0.00299321953,0.378526956,1.33299983,1.33299983,1.33299983
41.6666667,-0.563502669,0.33400625,0.276867807,-2.6173594,2.75252438,1.84766257,-2.57302451,0.748809993,-5.53700056e-06,0.360691756,1.31963348,1.31927907,1.31908393,0.0658115149,0.220033109,-0.210556969,0.0933597684,-0.285472929,-0.204060346,0.625559211,0.1438604,-8.19987326e-06,-0.220471263,2.14375614e-05,4.58736322e-05,-6.41302904e-08,-0.562674761,0.341899544,0.280329823,-2.61108947,2.75233984,1.8442322,-2.56394482,0.75346452,0.0027867672,0.357529938,1.33299983,1.33299983,1.33299983
41.7333333,-0.5590958,0.355700642,0.261079848,-2.60965872,2.73169947,1.82503617,-2.51845789,0.763662994,-4.60860292e-06,0.342147887,1.31962836,1.31927359,1.31905639,0.0679067895,0.428824574,-0.25789535,0.13954103,-0.324234247,-0.456987023,1.00651014,0.292513043,-0.00053602655,-0.292744845,2.08455313e-05,2.75316415e-05,-4.23169695e-08,-0.555903316,0.369009972,0.268669605,-2.59862876,2.73596478,1.81986642,-2.50513244,0.786254168,0.00248029409,0.325919122,1.33299983,1.33299983,1.33299983
41.8,-0.553827882,0.389685839,0.242378607,-2.59855056,2.70938063,1.79001808,-2.44003534,0.786110878,-7.95324377e-06,0.316724479,1.31961381,1.31925499,1.31902611,0.0924397781,0.569085836,-0.308724344,0.18170248,-0.351559162,-0.594964921,1.32523727,0.352558762,0.00540793315,-0.448008448,0.000441600685,0.000937761273,-8.76025297e-07,-0.547451258,0.402848452,0.253840625,-2.58285499,2.71479154,1.78956819,-2.43124175,0.827181399,0.00210457644,0.286463231,1.33299983,1.33299983,1.33299983
41.8666667,-0.546741247,0.431587845,0.222879052,-2.58263159,2.686342,1.75152469,-2.34691453,0.813539863,1.57298218e-05,0.285116822,1.3195411,1.31917763,1.31892943,0.118959203,0.686471283,-0.260998607,0.318334937,-0.308720857,-0.532608271,1.42565167,0.498994529,0.0079194298,-0.442429364,9.54931602e-06,-5.80764026e-06,2.49128789e-08,-0.537911892,0.441040456,0.236705646,-2.56473207,2.68983054,1.75553823,-2.34714651,0.873374045,0.00169038912,0.24193114,1.33299983,1.33299983,1.33299983
41.9333333,-0.536384165,0.479205579,0.204940975,-2.55817533,2.66389322,1.71864116,-2.25244331,0.85184139,0.000122426281,0.249146312,1.31943619,1.31906629,1.31879902,0.200121596,0.76084882,-0.250580639,0.461793482,-0.332099468,-0.426811844,1.36550283,0.668724775,-6.38855272e-06,-0.556638062,3.33486823e-05,4.53408866e-05,-6.4028427e-10,-0.527878284,0.481211334,0.218127355,-2.54522467,2.66209269,1.71997714,-2.25772047,0.921960294,0.00126850815,0.195091724,1.33299983,1.33299983,1.33299983
42,-0.522695005,0.527715206,0.189476252,-2.52812839,2.63719201,1.68822515,-2.16359806,0.898751676,0.000148841165,0.209674492,1.31940639,1.31903577,1.31876254,0.202605426,0.665085495,-0.214057878,0.402708322,-0.460467845,-0.493678451,1.30340791,0.717335343,0.000186403049,-0.60238713,2.89541204e-05,4.30315558e-05,-4.10946086e-08,-0.517943442,0.520986378,0.19896844,-2.52529621,2.63258767,1.6850847,-2.16783643,0.97006768,0.000869708601,0.148713738,1.33299983,1.33299983,1.33299983
42.0666667,-0.509976983,0.566320539,0.176528737,-2.50550842,2.60477638,1.65481544,-2.07889962,0.946233571,0.000184889039,0.168503448,1.31937587,1.31900525,1.31873131,0.18057476,0.498259723,-0.178653821,0.282171547,-0.496285766,-0.488535225,1.22959578,0.692462444,0.000318794744,-0.609422863,2.18241184e-05,3.78156838e-05,-1.1944212e-07,-0.508700669,0.557991087,0.180091634,-2.50591135,2.60232711,1.65306211,-2.08236885,1.01482439,0.000524766278,0.105566084,1.33299983,1.33299983,1.33299983
42.1333333,-0.503204882,0.59332186,0.158564717,-2.4885478,2.57841396,1.62216794,-2.00032377,0.989472687,0.000127928346,0.128686771,1.33016729,1.33299983,1.33007371,0.042488765,0.357700586,-0.258934855,0.258497357,-0.481397539,-0.386129886,1.09839284,0.616535366,9.34192212e-06,-0.581433952,0.0812967345,2.47346179e-08,0.0980398059,-0.500742912,0.589850724,0.162359655,-2.48803401,2.57232094,1.62610936,-2.00619006,1.0533582,0.000264456699,0.068417564,1.33299983,1.33299983,1.33299983
42.2,-0.499534786,0.615135133,0.141742006,-2.47125173,2.547019,1.60009003,-1.93543911,1.02755594,0.000181780269,0.0919275582,1.33235323,1.33300018,1.33299971,0.0606027395,0.28873232,-0.23698923,0.246313706,-0.435383469,-0.286112785,0.836461723,0.520546794,0.000248528464,-0.499297291,0.0552722253,3.3027336e-06,-1.24882718e-07,-0.494663388,0.614190698,0.146635205,-2.47262836,2.54358029,1.60642707,-1.94417393,1.08279717,0.000119555276,0.040037021,1.33299983,1.33299983,1.33299983
42.2666667,-0.496309072,0.630556703,0.128016472,-2.45683622,2.51969504,1.58590162,-1.88965976,1.05825627,0.000206454832,0.059955772,1.33298993,1.3330003,1.33300018,0.0447834618,0.173609182,-0.184289232,0.187410742,-0.376288265,-0.134866819,0.557149112,0.405192375,8.66879127e-05,-0.413290173,3.32802301e-06,-1.62314172e-05,1.78864639e-07,-0.490865767,0.629394948,0.133484185,-2.46046853,2.51661563,1.59560263,-1.89956152,1.10118639,9.99999975e-05,0.0223087929,1.33299983,1.33299983,1.33299983
42.3333333,-0.493212342,0.639114141,0.116185471,-2.44536543,2.49408054,1.58208871,-1.85838866,1.08022034,3.2178039e-05,0.0364094898,1.3330003,1.33300054,1.3330003,0.0452762879,0.0874440968,-0.174638033,0.156256735,-0.396391809,0.000979101867,0.358616561,0.0547683649,-0.0651753396,-0.287529141,-0.00478436984,-0.000897907536,8.70757503e-07,-0.488509744,0.638827503,0.12157616,-2.45079374,2.48909712,1.59097791,-1.86506355,1.11259496,9.99999975e-05,0.0113103725,1.33299983,1.33299983,1.33299983
42.4,-0.490863442,0.642976284,0.105043568,-2.43575668,2.46592069,1.58502209,-1.83511889,1.08101869,-2.30047635e-06,0.0202420149,1.33300185,1.33300197,1.33300233,0.0197598469,0.0356224999,-0.151105374,0.126859561,-0.42640534,0.0738770664,0.322724015,-1.60162017e-05,0.00211551785,-0.727841079,8.12060898e-05,0.000158514595,1.38726318e-06,-0.487241149,0.643906593,0.110423468,-2.44287395,2.46064901,1.59112144,-1.83786738,1.11873806,0.000100000005,0.00538814347,1.33299983,1.33299983,1.33299983
42.4666667,-0.490040243,0.644368708,0.0953715891,-2.42866826,2.43735862,1.59057593,-1.81467521,1.08051872,2.41028545e-07,0.00749323424,1.33299971,1.33299911,1.3330003,0.00688649062,0.00400083885,-0.14609623,0.0870833099,-0.47543177,0.10123457,0.288942605,2.27740293e-06,4.91566825e-05,-0.0691636652,-5.11810185e-07,-1.06145671e-06,1.46987986e-08,-0.486862183,0.645423651,0.0997895151,-2.43610334,2.43135905,1.59508395,-1.81652999,1.12057304,9.99999975e-05,0.00361916702,1.33299983,1.33299983,1.33299983
42.5333333,-0.489821076,0.643578589,0.0859154761,-2.42337513,2.40664315,1.5981518,-1.79710865,1.08139539,-8.29256442e-06,0.00597784063,1.33299661,1.32999933,1.33299971,-0.00416544033,-0.0280263796,-0.141466752,0.0780455545,-0.462089539,0.128194556,0.240704656,0.0364828184,0.0315770283,0.0015337246,-0.000161692617,-0.109958135,-0.000240111724,-0.487175226,0.644170463,0.0894376785,-2.42987609,2.40131307,1.60191607,-1.79960859,1.1190573,0.000100000005,0.00508049596,1.33299983,1.33299983,1.33299983
42.6,-0.490156442,0.640731275,0.0763292834,-2.41877723,2.37475514,1.60772502,-1.78335679,1.08128989,-5.68702241e-08,0.00596380001,1.33299088,1.32364964,1.33299911,-0.00515973661,-0.0550791398,-0.143860385,0.060489513,-0.488314003,0.158596814,0.181780279,-9.29984822e-07,-6.95406561e-06,-4.38331263e-05,1.46731909e-05,-0.0629677698,6.39162317e-06,-0.487982512,0.640938282,0.0791313127,-2.42358637,2.37059712,1.61066818,-1.78565979,1.11514795,9.99999902e-05,0.00884918589,1.33299983,1.33299983,1.33299983
42.6666667,-0.490389347,0.636664033,0.0667340085,-2.414675,2.3422153,1.61885083,-1.77187622,1.08061779,7.08225016e-08,0.00841839705,1.33297765,1.32313085,1.33298182,-0.00341620343,-0.0648186654,-0.14383781,0.0698306188,-0.479553849,0.168280691,0.180257365,0.031025419,-5.77567989e-05,0.0533145405,2.1836604e-05,2.98427185e-05,4.90690582e-08,-0.48908639,0.636518836,0.0686338246,-2.41662884,2.33929849,1.62039113,-1.77324069,1.10980272,0.000100000005,0.0140022943,1.33299983,1.33299983,1.33299983
42.7333333,-0.490571588,0.632415116,0.0570901372,-2.40954161,2.30886436,1.6300329,-1.76023197,1.08057714,-1.19239132e-07,0.0124575337,1.3329742,1.32307339,1.33295178,-0.000359714584,-0.0608007871,-0.147091687,0.0888747275,-0.504093587,0.163822532,0.181672588,-1.72443688e-05,-0.000117729491,0.0682876334,0.000129240521,5.40667679e-05,-1.489243e-07,-0.490289152,0.631703615,0.0577085726,-2.40839696,2.30750299,1.63013518,-1.76090825,1.10397875,9.99999975e-05,0.0196168739,1.33299983,1.33299983,1.33299983
42.8,-0.490571499,0.628780067,0.0470785648,-2.40195131,2.27626443,1.64008427,-1.74684453,1.0806005,-2.18340226e-08,0.0168180168,1.33300006,1.32372284,1.33299804,-0.00375911873,-0.0480346829,-0.151322722,0.159956142,-0.434841037,0.129969805,0.242817611,0.0305213723,0.0261885077,0.0618021078,0.000130108587,0.0593346879,-2.99507519e-07,-0.491393,0.627284169,0.04611893,-2.39828515,2.27529693,1.63895082,-1.74721944,1.09863341,9.99999975e-05,0.0247699786,1.33299983,1.33299983,1.33299983
42.8666667,-0.490785062,0.626068711,0.0356255732,-2.38946199,2.24383283,1.64789128,-1.73021412,1.07969773,-5.13125578e-08,0.0212997254,1.33299959,1.32403803,1.33297372,-0.0022834721,-0.0389944203,-0.189607158,0.201084375,-0.51930213,0.0866108909,0.269974709,-4.2525503e-06,-3.30460971e-05,0.0696584806,1.39165495e-05,1.30339176e-05,-5.3900294e-08,-0.492200315,0.624051988,0.0336282812,-2.38568807,2.24276733,1.64588892,-1.73073101,1.09472418,0.000100000005,0.0285386704,1.33299983,1.33299983,1.33299983
42.9333333,-0.490881771,0.623964846,0.0222379845,-2.37451434,2.20947266,1.65186882,-1.71042216,1.0791744,-5.67265204e-08,0.0252631251,1.33299959,1.32402289,1.33297372,0.00103097979,-0.0201240536,-0.213128313,0.252329886,-0.508388519,0.0353633091,0.332950771,-3.48804377e-07,-5.1708812e-06,0.0505388901,6.04432717e-06,5.76746243e-06,1.59241608e-07,-0.492513329,0.622798741,0.0199999996,-2.36999989,2.21000004,1.64999998,-1.70999992,1.09320843,9.99999975e-05,0.0299999993,1.33299983,1.33299983,1.33299983
43,-0.490813851,0.623737931,0.00748570496,-2.3549943,2.17507553,1.65404594,-1.68547928,1.07917404,2.88444113e-07,0.0274665561,1.33300018,1.32402194,1.33297122,0.0027495129,0.010675991,-0.231051847,0.333236992,-0.528376698,0.0444735177,0.411265463,-0.000602026063,0.00292045553,6.82845712e-06,-0.00347076426,-0.00365000637,-0.00322324643,-0.492513359,0.622798741,0.00446537742,-2.34995437,2.17597246,1.65379548,-1.68491304,1.09320843,0.000100000005,0.0299999993,1.33299983,1.33299983,1.33299983
43.0666667,-0.490368873,0.624970019,-0.00872118305,-2.33042622,2.1390872,1.65835094,-1.65636575,1.07917392,2.89114951e-07,0.0276746042,1.33299923,1.32404971,1.3329705,0.0103426902,0.0208947267,-0.256394535,0.397573352,-0.553650856,0.0872274488,0.454746068,8.58512976e-07,6.80503799e-05,9.02218744e-09,-1.90908977e-05,-1.75781315e-05,-1.14108552e-05,-0.492513329,0.622798741,-0.0131715517,-2.32545638,2.1400013,1.659729,-1.65692353,1.09320843,9.99999975e-05,0.0299999993,1.33299983,1.33299983,1.33299983
43.1333333,-0.489631414,0.626160324,-0.0266249869,-2.30249238,2.10148549,1.66512167,-1.6254698,1.07917404,-3.50647227e-08,0.028315153,1.33299816,1.3240813,1.33297324,0.0105422409,0.0115457363,-0.281161964,0.435940236,-0.573328078,0.113997392,0.468460143,4.29237843e-07,1.86688776e-05,-5.99247869e-08,-4.62077478e-05,-2.6744674e-05,-1.77907932e-05,-0.492513359,0.622798741,-0.0322882943,-2.2976563,2.10268211,1.6667639,-1.6269387,1.09320843,9.99999975e-05,0.0299999993,1.33299983,1.33299983,1.33299983
43.2,-0.489172995,0.626530707,-0.0460657775,-2.27243876,2.06302619,1.67269874,-1.59410822,1.07917404,-4.69619899e-08,0.0283387583,1.33299816,1.32411182,1.33297324,0.00259999209,-0.00169886346,-0.302004933,0.462808758,-0.575173378,0.112081759,0.469720155,-0.000220667585,-0.00278570456,5.42524504e-07,0.00194091897,0.0423527025,-0.000211796912,-0.492513329,0.622798741,-0.0522623584,-2.26770449,2.06461191,1.67386365,-1.59586549,1.09320843,0.000100000005,0.0300000012,1.33299983,1.33299983,1.33299983
43.2666667,-0.489401013,0.626146674,-0.066742301,-2.24078035,2.02480483,1.67932832,-1.56292856,1.07917404,-2.53996433e-08,0.0283659156,1.33299887,1.33280087,1.33299398,-0.00880707707,-0.0111035919,-0.318489939,0.483348221,-0.571855426,0.0874526054,0.463603675,-2.14360352e-06,-2.68357553e-07,5.16301952e-08,-1.70795684e-05,0.152456731,-2.56322091e-05,-0.492513299,0.622798681,-0.0724712461,-2.2367506,2.02638578,1.67999125,-1.5646106,1.09320831,9.99999902e-05,0.0299999975,1.33299983,1.33299983,1.33299983
43.3333333,-0.490336001,0.625226736,-0.0882231891,-2.20822358,1.98707104,1.68388247,-1.53264856,1.07917428,-5.28474651e-08,0.0285897721,1.33299923,1.33300006,1.33299994,-0.0185643993,-0.0185182244,-0.325110823,0.487448603,-0.554302633,0.0504378416,0.441654235,2.73213118e-07,-4.232219e-05,8.55377875e-05,-2.32783568e-05,-1.176976e-05,-1.22047268e-05,-0.492513359,0.6227988,-0.0922924727,-2.20594525,1.98860061,1.68411088,-1.53408158,1.09320843,0.000100000005,0.0300000012,1.33299983,1.33299983,1.33299983
43.4,-0.49187389,0.623829901,-0.10975305,-2.17613554,1.95093298,1.68555832,-1.50428426,1.07917428,9.95768517e-08,0.0286133271,1.33299983,1.33299994,1.33299994,-0.0263202041,-0.0253807362,-0.320096225,0.468864501,-0.529878914,0.000787890458,0.407374233,-3.11519989e-06,2.35402003e-05,3.40514816e-09,-2.91024626e-05,-2.24393789e-05,-2.74550039e-05,-0.492513299,0.622798681,-0.11110352,-2.17643857,1.95185173,1.68518519,-1.50518513,1.09320843,9.99999975e-05,0.0299999975,1.33299983,1.33299983,1.33299983
43.4666667,-0.493825525,0.622021258,-0.130500227,-2.14610076,1.91659629,1.6834811,-1.47862053,1.07917428,5.41037878e-07,0.0286329389,1.33299851,1.33299994,1.33300018,-0.0308768488,-0.03029388,-0.3013134,0.426268607,-0.501332641,-0.0628283694,0.361273706,-1.9806912e-06,9.75894509e-05,8.411007e-09,-4.77031281e-05,-1.39039494e-05,-1.63647492e-05,-0.492513359,0.622798741,-0.128281951,-2.14938116,1.91673589,1.6821779,-1.47882831,1.09320843,0.000100000005,0.0300000012,1.33299983,1.33299983,1.33299983
43.5333333,-0.495965958,0.619998693,-0.149488047,-2.11967492,1.88443625,1.67665732,-1.4564544,1.07917428,7.02932311e-07,0.0286442749,1.33299851,1.33299994,1.33300006,-0.0322166495,-0.0312158968,-0.266966999,0.361413538,-0.463617623,-0.142183363,0.302633464,-5.52138772e-07,0.000138249918,5.23941708e-08,-5.20794456e-05,-3.13193141e-06,-7.69246617e-06,-0.492513329,0.622798741,-0.143205196,-2.12592268,1.88384831,1.67405236,-1.45591831,1.09320843,9.99999975e-05,0.0299999993,1.33299983,1.33299983,1.33299983
43.6,-0.498094976,0.618048191,-0.165689662,-2.09825897,1.85503268,1.66396582,-1.43859839,1.07917428,9.24597487e-07,0.0286456775,1.33299983,1.33299923,1.33299994,-0.0307477321,-0.0278231651,-0.2175484,0.276746422,-0.418461084,-0.239255503,0.232024714,7.86171313e-07,0.000188887061,6.94381015e-08,4.56775183e-07,-1.32366404e-06,2.17014531e-06,-0.492513329,0.622798741,-0.155250832,-2.10721374,1.85378575,1.65977216,-1.43736207,1.09320843,9.99999975e-05,0.0299999975,1.33299983,1.33299983,1.33299983
43.6666667,-0.499859959,0.616515934,-0.178456798,-2.08306789,1.82876265,1.64363754,-1.42592096,1.07917428,4.88018941e-07,0.0286367666,1.33299983,1.33299863,1.33299994,-0.0168481581,-0.0136493882,-0.174592793,0.179448962,-0.378575861,-0.395193011,0.145566657,1.86705097e-06,4.99189919e-05,-2.50292942e-08,1.56809456e-05,1.38168398e-05,1.23899008e-05,-0.492484927,0.623129547,-0.164145961,-2.09410048,1.82679784,1.63695538,-1.42431915,1.09321463,0.000100052159,0.0298358276,1.33299983,1.33299983,1.33299983
43.7333333,-0.500652432,0.617109597,-0.18887955,-2.07366896,1.80388165,1.60862482,-1.41983402,1.07917428,7.2813441e-07,0.0286164992,1.33299983,1.33298314,1.33299339,-0.00980688725,0.0344588533,-0.133770868,0.106555179,-0.368387043,-0.654053032,0.0399060547,1.68099223e-06,0.000127879495,-6.86850399e-08,3.69085174e-05,3.85576277e-05,2.13937892e-05,-0.492283165,0.625478089,-0.171541557,-2.08527946,1.80124676,1.59852254,-1.41827166,1.09325886,0.000100422476,0.0286702234,1.33299983,1.33299983,1.33299983
43.8,-0.501068294,0.6211887,-0.196011767,-2.06853008,1.78000283,1.5575279,-1.42017412,1.07915246,2.23824054e-06,0.0285332613,1.33299363,1.33295119,1.3329612,-0.000538871507,0.0846275091,-0.0799568519,0.0473811105,-0.350525439,-0.862785101,-0.048398111,-0.0290070307,0.000408169173,-0.0506518036,2.06655968e-05,1.83137145e-05,1.24855433e-08,-0.491945058,0.62941438,-0.177613333,-2.07997918,1.77697861,1.54727161,-1.41797233,1.09333301,0.000101043166,0.026716603,1.33299983,1.33299983,1.33299983
43.8666667,-0.50048548,0.627872765,-0.199410424,-2.06739783,1.75749624,1.49586129,-1.42470002,1.07903051,8.82023187e-07,0.0263574012,1.332973,1.33292162,1.33293068,0.0190491918,0.110655181,-0.0228469651,-0.0145981498,-0.324961454,-0.972047389,-0.0859307274,-3.34435845e-06,0.000274943042,-0.0555775575,2.66173156e-05,4.18410054e-05,-3.18337698e-07,-0.491538674,0.634144485,-0.182206824,-2.07766461,1.75416827,1.48757088,-1.42181671,1.09342217,0.000101789017,0.0243689697,1.33299983,1.33299983,1.33299983
43.9333333,-0.498559713,0.635462105,-0.199040964,-2.07020903,1.73621321,1.42967165,-1.43115401,1.07903051,2.22354947e-06,0.0245869588,1.33294296,1.33289099,1.33289254,0.0387179777,0.112879135,0.0313895196,-0.0682873651,-0.31501928,-1.00415885,-0.101572648,-4.33583045e-05,0.000886511989,-0.0513326786,0.000207043253,0.00043532392,-3.23634595e-07,-0.491132408,0.638874769,-0.185167715,-2.0777986,1.73299074,1.42378855,-1.4282012,1.09351122,0.00010253489,0.0220213439,1.33299983,1.33299983,1.33299983
44,-0.495558828,0.642549634,-0.195171848,-2.07603884,1.71583462,1.36359894,-1.43788576,1.07903123,9.98590394e-07,0.0226024706,1.33291352,1.332865,1.33285856,0.0503899977,0.096228905,0.0809516162,-0.104250491,-0.295691639,-0.971178651,-0.0951069966,-4.04262682e-05,0.000225988217,-0.0502324775,0.000203892821,0.000433365349,-4.47034836e-07,-0.490794241,0.642811,-0.186341494,-2.07984567,1.71362054,1.36029279,-1.43552089,1.09358525,0.000103155558,0.0200677179,1.33299983,1.33299983,1.33299983
44.0666667,-0.492146969,0.647945404,-0.188303933,-2.08358073,1.6970402,1.30178165,-1.44348466,1.07903147,2.95836344e-07,0.0217560641,1.33289099,1.33284986,1.33282971,0.0512845218,0.062089704,0.120322421,-0.120119356,-0.267224014,-0.876230836,-0.0684970841,-2.89254558e-07,-0.000454131514,-8.16999091e-08,2.93693738e-05,5.55747538e-05,3.04565765e-06,-0.49059251,0.645159602,-0.185573846,-2.08326888,1.69623268,1.3014518,-1.44217181,1.09362972,0.00010352589,0.0189021155,1.33299983,1.33299983,1.33299983
44.1333333,-0.489006907,0.650464296,-0.179245979,-2.09158516,1.68024385,1.2485044,-1.44669616,1.07903147,-6.29366212e-08,0.0217633769,1.33288467,1.33284974,1.33282053,0.0425399169,0.0102430554,0.14687489,-0.118866146,-0.234388143,-0.713853717,-0.023886608,-5.50409823e-07,2.62207504e-05,-1.72221917e-07,-1.23687005e-05,-9.16079443e-06,-1.26057084e-05,-0.4905954,0.645126522,-0.18271026,-2.08753252,1.68100202,1.25163376,-1.4465493,1.093629,0.000103520673,0.018918531,1.33299983,1.33299983,1.33299983
44.2,-0.486719131,0.649005413,-0.168826759,-2.09899473,1.66556072,1.20828831,-1.44630241,1.07903159,3.15426114e-05,0.0217826795,1.33288777,1.33286357,1.33282828,0.027243657,-0.0557258986,0.161034048,-0.0994153172,-0.219022065,-0.489335835,0.0374471173,4.87639227e-07,3.64694715e-05,-1.2331293e-07,-3.3775621e-05,-4.22074809e-05,-1.8611463e-05,-0.490870982,0.641917944,-0.177596375,-2.09209967,1.66810286,1.21520698,-1.44704938,1.09356856,0.00010301474,0.020510979,1.33299983,1.33299983,1.33299983
44.2666667,-0.485667944,0.642623544,-0.157429338,-2.10516167,1.65406942,1.1860491,-1.44072211,1.07914841,-7.66997402e-07,0.0221036449,1.33291233,1.33289468,1.33286095,0.00474587874,-0.135705993,0.176641062,-0.0826489627,-0.138492569,-0.174673289,0.129252076,4.32695961e-05,-0.000214985805,0.0511150844,-0.000190191902,-0.000399697106,3.77185643e-07,-0.491487592,0.634739995,-0.170077756,-2.09643412,1.65771079,1.19653964,-1.44206774,1.09343338,0.000101882913,0.0240734667,1.33299983,1.33299983,1.33299983
44.3333333,-0.486129016,0.630845129,-0.145322606,-2.10954952,1.64576352,1.18637884,-1.42868471,1.07914937,-7.57742328e-07,0.0249209814,1.33293915,1.33300018,1.33300018,-0.0163631905,-0.218890414,0.186256826,-0.0501297228,-0.104356669,0.194538161,0.238292858,6.2921572e-07,5.81527711e-05,0.0657663941,4.43618046e-06,-3.58366997e-05,-4.56073212e-05,-0.492513329,0.622798741,-0.159999996,-2.0999999,1.64999998,1.19999993,-1.42999995,1.09320843,9.99999975e-05,0.0299999993,1.33299983,1.33299983,1.33299983
44.4,-0.487959892,0.613283038,-0.132412359,-2.11238289,1.64085662,1.21166587,-1.40927124,1.07914937,-4.96845985e-07,0.0303722396,1.3330003,1.33300018,1.33300042,-0.0394583009,-0.307738662,0.199967697,-0.0410387143,-0.0437483676,0.5429371,0.335362703,3.62032551e-07,1.19200495e-05,0.095367983,-2.11357492e-05,2.225976e-06,-1.40696657e-05,-0.494012028,0.605352104,-0.146355063,-2.1035912,1.64487183,1.22484565,-1.41068995,1.09287977,9.72489943e-05,0.0386589095,1.33299983,1.33299983,1.33299983
44.4666667,-0.491567641,0.589999318,-0.118445888,-2.1152482,1.63887322,1.25630867,-1.38454032,1.07914937,-3.48156249e-07,0.038003929,1.33300018,1.33300018,1.33300042,-0.0666457936,-0.389025569,0.218583629,-0.047593601,-0.0162907112,0.77840966,0.403613389,3.18655111e-07,1.41995824e-05,0.129007578,-1.73433309e-05,1.86209957e-06,-1.15653957e-05,-0.495948434,0.582809627,-0.128724664,-2.10823131,1.64192986,1.26567376,-1.38573968,1.09245515,9.36944634e-05,0.0498469584,1.33299983,1.33299983,1.33299983
44.5333333,-0.496697575,0.561804771,-0.102864847,-2.11871719,1.63859963,1.31407988,-1.35554826,1.07914937,-1.85015708e-07,0.0478782989,1.33300209,1.33299994,1.33300221,-0.0829163641,-0.4541803,0.248136103,-0.057907436,0.00969637744,0.944447041,0.463342637,4.97878282e-05,0.000943270163,0.159867391,-0.00409850059,-0.000837764994,-0.00397966895,-0.498242408,0.556104779,-0.107838959,-2.11372805,1.64090264,1.31986165,-1.35618234,1.09195209,8.94836121e-05,0.0631007925,1.33299983,1.33299983,1.33299983
44.6,-0.502332091,0.529974103,-0.084953934,-2.12276578,1.6399684,1.38159704,-1.32297623,1.07902944,-9.07700652e-08,0.0597451888,1.3330003,1.33299994,1.33300042,-0.0816497132,-0.498416603,0.2879605,-0.0654300824,0.0339492075,1.07406783,0.511841476,7.59615432e-07,2.20592829e-05,0.188832596,7.89470505e-07,-1.44228397e-06,7.09587766e-08,-0.500813663,0.526171267,-0.0844280794,-2.11988926,1.64151812,1.38478637,-1.32305169,1.09138823,8.47636547e-05,0.077957049,1.33299983,1.33299983,1.33299983
44.6666667,-0.507398069,0.495892406,-0.0641381741,-2.127249,1.64276493,1.45670915,-1.28766453,1.07902944,1.9299998e-08,0.0733004361,1.33300018,1.33299994,1.3330003,-0.0671857595,-0.522642672,0.334197223,-0.0720600337,0.0523325726,1.1714102,0.543824971,7.85305019e-07,1.83256489e-05,0.210419983,4.29788543e-08,5.93599907e-08,-5.17311491e-08,-0.50358212,0.493942678,-0.0592222288,-2.12652302,1.64350522,1.4578253,-1.28738046,1.09078097,7.96818131e-05,0.0939523876,1.33299983,1.33299983,1.33299983
44.7333333,-0.511258543,0.460777253,-0.0402527824,-2.13219523,1.64648271,1.53698492,-1.25068271,1.07902944,2.41174575e-07,0.0881622061,1.33300006,1.33299994,1.33300018,-0.0469859987,-0.530495286,0.378969133,-0.0800941736,0.062321879,1.22832227,0.561518788,8.31805892e-07,5.87060058e-05,0.227124169,-3.03389697e-07,-5.6741942e-07,4.40650183e-08,-0.506467581,0.46035257,-0.0329515673,-2.13343716,1.64659214,1.53635573,-1.25020266,1.09014833,7.43852797e-05,0.110623449,1.33299983,1.33299983,1.33299983
44.8,-0.513746858,0.425600648,-0.0136953481,-2.13772106,1.65067744,1.61958778,-1.21299767,1.07902944,3.26172085e-07,0.103944138,1.33299994,1.33299983,1.33300006,-0.0272395071,-0.525148153,0.413429111,-0.0893284082,0.0672303513,1.24197519,0.564255834,3.43268425e-07,8.81994274e-05,0.237901494,-3.00519332e-07,-7.71967052e-07,2.53594408e-08,-0.509389758,0.42633459,-0.00634622946,-2.14043927,1.65050709,1.61775494,-1.21255112,1.08950746,6.90212764e-05,0.127506882,1.33299983,1.33299983,1.33299983
44.8666667,-0.515032172,0.391188443,0.0145657938,-2.14379764,1.65509987,1.70171678,-1.17565548,1.07902944,2.86818221e-07,0.120229848,1.33299983,1.33299983,1.33299994,-0.0118188933,-0.507800817,0.429641902,-0.0960420668,0.0691516176,1.21545231,0.550627708,-1.65704478e-07,7.20656535e-05,0.242380634,3.50239497e-06,6.39234349e-06,3.27418093e-08,-0.512268484,0.392822266,0.0198635943,-2.14733744,1.65497863,1.69940019,-1.17545938,1.08887613,6.37370104e-05,0.14413932,1.33299983,1.33299983,1.33299983
44.9333333,-0.515482306,0.358323961,0.0431245044,-2.15013528,1.65957296,1.78083992,-1.13979685,1.07902944,2.10555498e-07,0.13657929,1.33299983,1.33299935,1.33299983,-0.00285667274,-0.478705555,0.422530115,-0.0966737494,0.0685196668,1.15293324,0.519575834,-1.23670657e-06,3.3556571e-05,0.24021104,1.15091534e-05,2.24575706e-05,3.93483788e-08,-0.515023589,0.360749245,0.0449477471,-2.15393901,1.65973532,1.77866888,-1.13996053,1.08827198,5.86796996e-05,0.160057425,1.33299983,1.33299983,1.33299983
45,-0.515554607,0.327783287,0.0703502893,-2.15627027,1.6639154,1.85464168,-1.10666513,1.07841933,2.89701688e-07,0.152528346,1.33299577,1.33299851,1.33299041,-0.000905187801,-0.437866122,0.39046818,-0.0895470157,0.0651723072,1.05642295,0.473840326,-2.28189765e-06,1.35376649e-05,0.231237754,1.57063187e-05,3.12430348e-05,3.68745532e-08,-0.517574787,0.331049144,0.0681760684,-2.1600523,1.66450524,1.85293794,-1.10708809,1.08771253,5.39965476e-05,0.174797848,1.33299983,1.33299983,1.33299983
45.0666667,-0.51569289,0.300363094,0.0946172103,-2.16173315,1.66799974,1.9208405,-1.07717454,1.07841933,3.18424532e-06,0.167581603,1.33297944,1.33299601,1.33296537,-0.00482366653,-0.384500176,0.334821016,-0.0758740678,0.0594263971,0.924819052,0.406992346,2.77814024e-06,0.000300296437,0.214011326,-0.00540026091,-0.000143861762,-0.000141976707,-0.519842088,0.304655552,0.0888184011,-2.16548514,1.66901696,1.91958475,-1.07787538,1.08721519,4.9834769e-05,0.187897235,1.33299983,1.33299983,1.33299983
45.1333333,-0.516201794,0.276936233,0.114480808,-2.16608953,1.67157006,1.97705424,-1.05259693,1.07841933,1.60364598e-05,0.181222349,1.33297873,1.3329978,1.33295166,-0.0117856544,-0.317481667,0.259982347,-0.0561342537,0.0512481183,0.758114278,0.326493114,-1.57754494e-06,0.000154656664,0.189830542,-2.425805e-05,-1.36288218e-05,-3.49537004e-08,-0.521745086,0.282502025,0.106144577,-2.17004514,1.67299902,1.97598684,-1.05335569,1.08679795,4.63415745e-05,0.198892221,1.33299983,1.33299983,1.33299983
45.2,-0.517178059,0.258449733,0.128829837,-2.16899943,1.67460668,2.02095127,-1.03386116,1.07841933,2.968837e-05,0.192924291,1.33297098,1.33299685,1.33294654,-0.0188187584,-0.235655874,0.170804888,-0.0319535248,0.0406810343,0.554017246,0.233116582,-1.74400066e-06,1.80149946e-05,0.157262549,-0.000103457569,-7.62835261e-05,-1.86118996e-08,-0.523203671,0.265522182,0.119424425,-2.17354035,1.67617941,2.019521,-1.03456223,1.08647799,4.36641749e-05,0.207319468,1.33299983,1.33299983,1.33299983
45.2666667,-0.518521488,0.245923176,0.13689056,-2.17023802,1.67683911,2.04991388,-1.02184451,1.07841933,4.40953481e-05,0.202152163,1.33294249,1.33297348,1.33294272,-0.0226068068,-0.138273418,0.0726411268,-0.00563131226,0.0260544568,0.310483277,0.125572219,1.7128903e-05,0.000383525243,0.116764732,-0.000357426819,-0.004628486,-0.000393189956,-0.524137616,0.254649669,0.12792778,-2.17577839,1.67828691,2.04756522,-1.02252829,1.08627319,4.1949781e-05,0.212715596,1.33299983,1.33299983,1.33299983
45.3333333,-0.519928932,0.240412503,0.138218939,-2.16970634,1.67788613,2.06122899,-1.01748872,1.07841933,7.25685532e-05,0.208397165,1.33291876,1.33296978,1.3329252,-0.0207604412,-0.0249822848,-0.0298884865,0.0211959574,0.00483745104,0.0249290094,0.00287491386,-2.07041739e-06,0.000272412202,0.0670544282,1.13915594e-05,2.47056305e-05,-2.82205292e-07,-0.524466753,0.250818014,0.130924493,-2.17656684,1.67904973,2.05749583,-1.01828742,1.08620107,4.13456e-05,0.214617267,1.33299983,1.33299983,1.33299983
45.4,-0.518394053,0.24156177,0.129480064,-2.17126083,1.64685583,2.05691862,-1.01335084,1.08180344,0.00747419894,0.1541951,1.32141054,1.32179832,1.32189262,0.040398512,0.0418535508,-0.160628915,-0.0388978198,-0.415973127,-0.0538372286,0.0159044936,-4.8578222e-06,0.000970028341,-0.613301814,-0.000296117971,-0.000619466009,4.98956069e-07,-0.524466753,0.250818014,0.130924493,-2.17656684,1.67904973,2.05749583,-1.01828742,1.2214818,0.0751036257,0.0897067562,1.33299983,1.33299983,1.33299983
45.4666667,-0.515501559,0.245836839,0.118887894,-2.17604661,1.61028945,2.05474019,-1.01478982,1.08212543,0.0120036025,0.089248836,1.32013869,1.3205539,1.32067609,0.0397977754,0.080030337,-0.139697582,-0.0830807164,-0.493580222,-0.00926874951,-0.0486675575,0.0273921788,-0.000315326964,-0.857286036,9.66584776e-05,0.000181372743,-1.40629709e-07,-0.524466753,0.250818014,0.130924493,-2.17656684,1.67904973,2.05749583,-1.01828742,1.24616504,0.0998718739,0,1.33299983,1.33299983,1.33299983
45.5333333,-0.512011647,0.252329946,0.10817451,-2.18332076,1.58631492,2.05127931,-1.03477561,1.07709372,0.0245021638,0.0441945381,1.32009351,1.32050836,1.32063067,0.0554011427,0.112579003,-0.159979478,-0.117176317,-0.271274954,-0.0531868227,-0.371613741,-0.0377888978,-0.000101993093,-0.487319648,3.2324926e-05,6.76192576e-05,7.28177838e-08,-0.524466753,0.250818014,0.130924493,-2.17656684,1.67904973,2.05749583,-1.01828742,1.16656411,0.107628822,0,1.33299983,1.33299983,1.33299983
45.6,-0.509183526,0.261293173,0.100226603,-2.19097805,1.56415951,2.05090737,-1.05449891,1.07950521,0.0242122468,0.0205453783,1.31986475,1.3202585,1.3203876,0.0293733981,0.151689291,-0.078311421,-0.0961443409,-0.29074955,0.0284130555,-0.293659806,-1.0122214e-05,-9.48403613e-05,-0.224566549,3.07612354e-05,6.19299244e-05,-6.0419552e-08,-0.524466753,0.250818014,0.130924493,-2.17656684,1.67904973,2.05749583,-1.01828742,1.24616504,0.124887705,0,1.33299983,1.33299983,1.33299983
45.6666667,-0.508170009,0.273075163,0.0981058404,-2.19681931,1.55288363,2.0515492,-1.0846796,1.07959056,0.0242868941,0.0100974413,1.31983495,1.32022762,1.32035816,0.00487890374,0.193701699,0.00181053474,-0.0656537265,-0.1119847,0.0110204518,-0.475604117,-6.51578011e-06,-2.42834212e-05,-0.106878802,6.72314491e-06,1.39898038e-05,-8.84610927e-08,-0.524466753,0.250818014,0.130924493,-2.17656684,1.67904973,2.05749583,-1.01828742,1.24616504,0.120195016,0,1.33299983,1.33299983,1.33299983
45.7333333,-0.508547068,0.287722468,0.100714102,-2.20057559,1.55274332,2.05187368,-1.12562311,1.08004296,0.0231679771,0.0027812738,1.32731497,1.32736838,1.32786012,-0.0127885249,0.234234184,0.0647538304,-0.0349211805,0.0869733244,0.0267517976,-0.647177219,-0.0280996487,1.28235843e-05,-0.401738882,0.193728253,0.184771195,0.189788073,-0.524466753,0.250818014,0.130924493,-2.17656684,1.67904973,2.05749583,-1.01828742,1.24616504,0.0845482498,0,1.33299983,1.33299983,1.33299983
45.8,-0.509244263,0.304777533,0.10516201,-2.20129156,1.55292308,2.05410457,-1.16440058,1.08016646,0.0227906052,1.1101165e-06,1.33299994,1.33299994,1.33299994,-0.00624500029,0.267853528,0.0624609739,0.0289472006,-0.0054997527,0.020639997,-0.538872838,0.000141003271,-0.00029458385,0.00633669272,0.000275204249,0.000277648476,0.000253518723,-0.524466753,0.250818014,0.130924493,-2.17656684,1.67904973,2.05749583,-1.01828742,1.24616504,0.0665008724,0,1.33299983,1.33299983,1.33299983
45.8666667,-0.509266138,0.32346788,0.108790621,-2.19795346,1.55311859,2.05376506,-1.20295167,1.08096981,0.0218866654,8.51092864e-06,1.33300018,1.33300042,1.33300018,0.00636999262,0.284218699,0.041556593,0.0789364576,0.00368577475,-0.02742384,-0.551063061,9.94512266e-06,3.5196892e-05,-0.000793308544,0.000100946869,5.42171765e-05,0.00011035669,-0.524466753,0.250818014,0.130924493,-2.17656684,1.67904973,2.05749583,-1.01828742,1.22229195,0.0559849255,0,1.33299983,1.33299983,1.33299983
45.9333333,-0.50822413,0.342608243,0.11017108,-2.19167304,1.54922009,2.05151272,-1.23744893,1.07310855,0.0251221322,3.7422771e-07,1.33300006,1.33300018,1.33300006,0.0235504732,0.283673197,0.00180467078,0.117955565,-0.0672878474,-0.0542777814,-0.460216016,4.78019356e-05,0.0598277003,-4.39224095e-07,-0.00365801691,0.00097928266,0.000213780295,-0.524466753,0.250818014,0.130924493,-2.17656684,1.67904973,2.05749583,-1.01828742,1.09848642,0.0732936636,0,1.33299983,1.33299983,1.33299983
46,-0.50575,0.361309558,0.10796871,-2.18318272,1.54213548,2.04809427,-1.26902914,1.04789376,0.0327641256,1.12089128e-05,1.33299983,1.33299983,1.33299994,0.0480864681,0.273680449,-0.0623777658,0.142944664,-0.109236278,-0.0802813768,-0.425786167,-0.37687403,0.130903706,-3.27609232e-05,4.91986975e-06,5.17209628e-06,4.59484909e-06,-0.524466753,0.250818014,0.130924493,-2.17656684,1.67904973,2.05749583,-1.01828742,1.01465166,0.0479232371,0,1.33299983,1.33299983,1.33299983
46.0666667,-0.501342118,0.379475921,0.100626208,-2.17331624,1.53772259,2.03917718,-1.30296767,1.03146017,0.0359705202,1.49239822e-05,1.33299994,1.33299994,1.33299994,0.0770546123,0.267954797,-0.141348422,0.159770727,-0.0599657036,-0.1809223,-0.505308747,-0.123430535,-4.95603308e-06,-2.22476956e-07,-8.35910441e-07,1.8862338e-06,-3.30092735e-06,-0.524466753,0.250818014,0.130924493,-2.17656684,1.67904973,2.05749583,-1.01828742,1.01946259,0.0487330034,0,1.33299983,1.33299983,1.33299983
46.1333333,-0.495956957,0.396919221,0.0901488364,-2.1625967,1.5327127,2.02582026,-1.33394063,1.07444811,0.0241602641,2.07951762e-05,1.33299994,1.33299994,1.33299959,0.0800004303,0.252050817,-0.160981342,0.170394927,-0.0771328658,-0.231741592,-0.592907667,0.23497805,-0.192553893,-1.2696546e-08,2.01654639e-05,3.52798779e-05,5.59507453e-06,-0.524466753,0.250818014,0.130924493,-2.17656684,1.67904973,2.05749583,-1.01828742,1.16734362,0.0572088137,0,1.33299983,1.33299983,1.33299983
46.2,-0.490517348,0.413233817,0.0786112249,-2.15101147,1.52649355,2.01103592,-1.3669517,1.08256555,0.0172443502,3.14298413e-05,1.33299804,1.3329972,1.33299601,0.0815415606,0.236073002,-0.179875478,0.178219393,-0.102513462,-0.240761042,-0.452208191,0.0270297527,-0.000137189636,-0.000291092554,2.55623563e-05,4.49323888e-05,-3.23291279e-05,-0.524466753,0.250818014,0.130924493,-2.17656684,1.67904973,2.05749583,-1.01828742,1.24616504,0.051268056,0,1.33299983,1.33299983,1.33299983
46.2666667,-0.487702429,0.426115841,0.0728698298,-2.14576244,1.54172182,2.01261926,-1.40043807,1.07570624,0.0193052012,0.000752115913,1.33299947,1.33299685,1.33299971,0.0261812974,0.152809933,-0.0545073561,0.00382552878,0.27145353,0.0478247926,-0.495400816,3.76968728e-06,-9.89646651e-05,7.89295882e-08,6.26125257e-07,1.22896308e-05,-1.59308911e-05,-0.524466753,0.250818014,0.130924493,-2.17656684,1.67904973,2.05749583,-1.01828742,1.12445331,0.0680022836,0,1.33299983,1.33299983,1.33299983
46.3333333,-0.486684859,0.433247626,0.0703743845,-2.15161633,1.561692,2.01742053,-1.43919098,1.05235589,0.0317808688,0.000793738989,1.33300006,1.33300054,1.33300066,0.00861519109,0.0678616986,-0.0288434178,-0.152903393,0.332691789,0.0638303459,-0.586325526,-0.325764894,0.11928118,8.61473382e-08,-4.51303749e-05,-4.45545702e-05,-4.40542972e-05,-0.524466753,0.250818014,0.130924493,-2.17656684,1.67904973,2.05749583,-1.01828742,1.02414787,0.0847988427,0,1.33299983,1.33299983,1.33299983
46.4,-0.486357629,0.434755266,0.0684387833,-2.16607428,1.58516204,2.02311087,-1.47576475,1.06897795,0.0277352873,0.000232949023,1.3330009,1.33300018,1.33300042,-0.00150195707,-0.0340647995,-0.018218739,-0.216607437,0.531380236,-0.0505036302,-0.529061317,0.38129434,0.146068618,-0.0757425129,0.000350932183,0.000731534441,-6.59667421e-07,-0.524466753,0.250818014,0.130924493,-2.17656684,1.67904973,2.05749583,-1.01828742,1.14567339,0.0971309543,0,1.33299983,1.33299983,1.33299983
46.4666667,-0.48801592,0.428504646,0.070518367,-2.18280602,1.61262238,2.02566147,-1.51111948,1.08471596,0.0236333385,-9.63218838e-08,1.33270657,1.33270979,1.33271992,-0.0371506549,-0.142285571,0.0538791195,-0.284902185,0.364161044,0.079503119,-0.49089247,0.0512245595,0.000165621052,-4.17817319e-08,0.000230014441,0.000229631551,-0.00175735424,-0.524466753,0.250818014,0.130924493,-2.17656684,1.67904973,2.05749583,-1.01828742,1.24616504,0.117769092,0,1.33299983,1.33299983,1.33299983
46.5333333,-0.492525041,0.417709917,0.0792086646,-2.20456314,1.64494979,2.03593707,-1.55164957,1.08244276,0.0232127421,1.31679799e-05,1.33299828,1.33300066,1.33299851,-0.0831586495,-0.179875985,0.165938258,-0.352997333,0.500728965,0.16607219,-0.621827066,-6.77865537e-05,0.00125012058,0.00204070983,2.9688963e-06,-0.00107301108,0.00447213231,-0.524466753,0.250818014,0.130924493,-2.17656684,1.67904973,2.05749583,-1.01828742,1.17230225,0.0968771279,0,1.33299983,1.33299983,1.33299983
46.6,-0.499572694,0.404839903,0.0939431489,-2.22704029,1.67857885,2.0531106,-1.58685946,1.08711362,0.0210490748,6.20809351e-06,1.33299899,1.33299863,1.33299923,-0.110827692,-0.217384756,0.227367863,-0.336538345,0.494590193,0.248652011,-0.493026227,-9.52576229e-05,-0.0225463398,0.00269836513,-0.000451942324,-0.000388316461,-0.000508562895,-0.524466753,0.250818014,0.130924493,-2.17656684,1.67904973,2.05749583,-1.01828742,1.24616504,0.0878424495,0,1.33299983,1.33299983,1.33299983
46.6666667,-0.506569088,0.390840888,0.108119331,-2.24846816,1.71228421,2.07199597,-1.62293053,1.08541548,0.0217627604,1.28109787e-05,1.33269143,1.3326956,1.33270073,-0.0956517681,-0.215187564,0.185848951,-0.314859807,0.487259865,0.255552351,-0.524478674,-0.000208067882,0.00499711605,0.00730935857,-0.000909120543,-0.000560435583,-0.00122236845,-0.524466753,0.250818014,0.130924493,-2.17656684,1.67904973,2.05749583,-1.01828742,1.20005345,0.0943286866,0,1.33299983,1.33299983,1.33299983
46.7333333,-0.512494683,0.37758258,0.119750947,-2.2664547,1.74467504,2.0922606,-1.65460944,1.08827186,0.0225879326,2.00730447e-05,1.3328377,1.33284175,1.33284807,-0.0747308806,-0.204459906,0.134913817,-0.26166299,0.418255627,0.271864653,-0.444614112,-0.0382904522,0.000278932275,0.00434676185,-0.000488421763,-0.000372418493,-0.000582796289,-0.524466753,0.250818014,0.130924493,-2.17656684,1.67904973,2.05749583,-1.01828742,1.24616504,0.108741596,0,1.33299983,1.33299983,1.33299983
46.8,-0.516284406,0.366208881,0.126682058,-2.28165197,1.77758241,2.10989094,-1.68986464,1.09019148,0.0195079576,1.5560523e-05,1.33295417,1.33299458,1.33299255,-0.0349939652,-0.166078985,0.0489681549,-0.232078582,0.44784826,0.217298731,-0.519854903,-0.0397055335,-0.000746043166,0.00699660461,-0.000924079563,-0.000454820693,-0.00135079096,-0.524466753,0.250818014,0.130924493,-2.17656684,1.67904973,2.05749583,-1.01828742,1.24616504,0.0853989646,0,1.33299983,1.33299983,1.33299983
46.8666667,-0.518822253,0.357388139,0.131345943,-2.29636979,1.81193817,2.12337112,-1.72891891,1.09032416,0.0203625876,2.53898761e-05,1.33299518,1.3329916,1.33299577,-0.0296843536,-0.133659542,0.0455636196,-0.247012392,0.487642646,0.147546753,-0.586235344,-0.000104355036,0.0206149071,0.00339298416,-0.000675976509,-0.00103304908,-0.000374828698,-0.524466753,0.250818014,0.130924493,-2.17656684,1.67904973,2.05749583,-1.01828742,1.24616504,0.108236834,0,1.33299983,1.33299983,1.33299983
46.9333333,-0.521914065,0.34983483,0.137731254,-2.31206918,1.84988141,2.13280416,-1.7721808,1.08791804,0.0218695253,1.27544554e-05,1.33260548,1.33262599,1.33264935,-0.0545595996,-0.121690251,0.112788625,-0.235901535,0.599438727,0.0923099592,-0.645986855,-0.0399195254,-0.0863651633,5.27420998e-05,0.000140493081,-0.00138387387,-0.00249181944,-0.524466753,0.250818014,0.130924493,-2.17656684,1.67904973,2.05749583,-1.01828742,1.18046808,0.122906238,0,1.33299983,1.33299983,1.33299983
47,-0.526422501,0.342684656,0.14757137,-2.32755589,1.88858175,2.14233613,-1.8162061,1.0890789,0.0219433475,5.88063449e-06,1.33142412,1.33145618,1.33150256,-0.0748068169,-0.104685292,0.165715814,-0.226812899,0.603632867,0.139091,-0.668084264,0.051943671,-0.000100508274,-4.51969572e-05,0.00333443703,-0.000692232512,-0.00422474276,-0.524466753,0.250818014,0.130924493,-2.17656684,1.67904973,2.05749583,-1.01828742,1.21351504,0.138711497,0,1.33299983,1.33299983,1.33299983
47.0666667,-0.533039629,0.337810755,0.163311616,-2.34024668,1.92479646,2.16138077,-1.85404348,1.09016895,0.0226113833,0.00848322548,1.32967222,1.32967222,1.32971549,-0.108716071,-0.0392366052,0.275766701,-0.162755877,0.595719635,0.345539004,-0.578989148,0.0718207359,1.28760003e-05,0.219014615,-1.07122178e-05,-1.17404488e-05,-4.17108095e-06,-0.524466753,0.250818014,0.130924493,-2.17656684,1.67904973,2.05749583,-1.01828742,1.23883712,0.151553273,0.0357273966,1.33299983,1.33299983,1.33299983
47.1333333,-0.541473627,0.329852313,0.181631148,-2.35040236,1.95252538,2.18297267,-1.87556851,1.09153318,0.0266666207,0.000146412523,1.32883799,1.32874429,1.32873881,-0.146284863,-0.19270888,0.28068766,-0.178253472,0.354091495,0.322380692,-0.241432741,0.027730152,-0.000361892628,-0.144734278,0.000134584523,0.000247887947,3.40027109e-05,-0.524466753,0.250818014,0.130924493,-2.17656684,1.67904973,2.05749583,-1.01828742,1.20677829,0.161987215,0,1.33299983,1.33299983,1.33299983
47.2,-0.550622106,0.317269653,0.199375987,-2.35927796,1.98461711,2.20814776,-1.89793205,1.08861566,0.0226608682,0.0518153571,1.33087373,1.33084631,1.33084977,-0.13503319,-0.17417644,0.269910485,-0.0774865299,0.474506974,0.397224724,-0.308067083,0.0491018407,0.113920309,0.69374764,0.000319996121,0.000650904665,-5.74538717e-07,-0.524466753,0.250818014,0.130924493,-2.17656684,1.67904973,2.05749583,-1.01828742,1.19749033,0.158503011,0.129180461,1.33299983,1.33299983,1.33299983
47.2666667,-0.55839628,0.309008658,0.216004774,-2.36368704,2.0137558,2.23593926,-1.9238919,1.07492793,0.029368408,0.0834814906,1.32870674,1.32862318,1.3286314,-0.0980505049,-0.0934511647,0.221788675,-0.072999388,0.479139358,0.358807445,-0.414692104,-3.97818076e-06,0.229027063,0.349668205,1.3845769e-05,3.42811982e-05,-4.13565431e-08,-0.524466753,0.250818014,0.130924493,-2.17656684,1.67904973,2.05749583,-1.01828742,1.11633849,0.167633876,0.120355822,1.33299983,1.33299983,1.33299983
47.3333333,-0.564075112,0.304718196,0.230090365,-2.36780429,2.05124521,2.25396562,-1.95978391,1.07360971,0.0326376483,0.122073136,1.33151722,1.33141017,1.33148038,-0.0779389217,-0.0547560602,0.199596822,-0.0649625957,0.591139615,0.209095582,-0.588213563,-0.0283284783,-0.105926946,0.465447903,0.0667885318,0.0660706386,0.0665191561,-0.524466753,0.250818014,0.130924493,-2.17656684,1.67904973,2.05749583,-1.01828742,1.11997032,0.175052717,0.171036527,1.33299983,1.33299983,1.33299983
47.4,-0.569804788,0.300117344,0.24366191,-2.3730464,2.08854914,2.26562691,-1.99835646,1.04471219,0.035199102,0.165126532,1.33266199,1.33265984,1.3326546,-0.0869639292,-0.125885323,0.154428959,-0.160785556,0.441117227,0.109767377,-0.488699347,-0.273886889,0.304929942,0.333200365,-0.000174256507,-0.000371574191,3.08733433e-07,-0.524466753,0.250818014,0.130924493,-2.17656684,1.67904973,2.05749583,-1.01828742,1.0153501,0.18108052,0.243332744,1.33299983,1.33299983,1.33299983
47.4666667,-0.574619412,0.292433888,0.252656758,-2.38381839,2.13071418,2.26972151,-2.04354954,1.00404191,0.0429074503,0.224682555,1.33242118,1.33241367,1.33243656,-0.065791063,-0.112030141,0.120864294,-0.161167756,0.641242683,0.0319608785,-0.661462665,-0.513625264,0.0786892697,0.713630319,-0.000306777889,-0.000606923597,-1.91314612e-05,-0.524466753,0.250818014,0.130924493,-2.17656684,1.67904973,2.05749583,-1.01828742,0.930346251,0.184089631,0.362928271,1.33299983,1.33299983,1.33299983
47.5333333,-0.57798624,0.287614018,0.260637909,-2.39052868,2.17692852,2.27408266,-2.09160924,0.953927279,0.0386916362,0.286773175,1.33245838,1.33243454,1.3324604,-0.0478449725,-0.0682860836,0.112073831,-0.0867202654,0.617142498,0.0421103649,-0.64221108,-0.700920224,-0.00517072994,0.902323723,-0.000350307673,-0.000675029587,-5.44197392e-05,-0.524466753,0.250818014,0.130924493,-2.17656684,1.67904973,2.05749583,-1.01828742,0.865362644,0.188423008,0.460099638,1.33299983,1.33299983,1.33299983
47.6,-0.580767572,0.283929497,0.267581433,-2.39489961,2.21389008,2.27900815,-2.13366604,0.897486329,0.0395825505,0.34182781,1.33161104,1.33154941,1.33158314,-0.0424901545,-0.0538438261,0.102116317,-0.05000652,0.472180128,0.0464681871,-0.550112426,-0.728831291,-0.50321734,0.626937211,-0.000297886087,-0.000575568061,-4.48825303e-05,-0.524466753,0.250818014,0.130924493,-2.17656684,1.67904973,2.05749583,-1.01828742,0.808481455,0.19117704,0.491027057,1.33299983,1.33299983,1.33299983
47.6666667,-0.58278656,0.28089723,0.272720039,-2.40128374,2.24764824,2.27815294,-2.17421675,0.853325367,0.0189063158,0.377719134,1.33134747,1.33127093,1.33130407,-0.0216808487,-0.0693393722,0.0367161743,-0.151979432,0.526806593,-0.133425072,-0.623162866,-0.520385742,-0.305995882,0.399391294,-0.000506010838,-0.000994523056,-5.34611754e-05,-0.524466753,0.250818014,0.130924493,-2.17656684,1.67904973,2.05749583,-1.01828742,0.762265444,0.194181532,0.564179897,1.33299983,1.33299983,1.33299983
47.7333333,-0.584200561,0.277338147,0.275482148,-2.41326165,2.2817862,2.27121639,-2.21788573,0.813035965,0.0196516551,0.378587484,1.33300126,1.33297718,1.33300066,-0.0122121638,-0.0611649491,0.0147091802,-0.226711914,0.576092541,-0.206599966,-0.705996215,-0.456208915,0.0014375411,0.00317927357,0.001215989,0.0888579935,0.0665345788,-0.524466753,0.250818014,0.130924493,-2.17656684,1.67904973,2.05749583,-1.01828742,0.724714935,0.187981665,0.509275019,1.33299983,1.33299983,1.33299983
47.8,-0.585899472,0.272602081,0.27750814,-2.42999268,2.31821489,2.25695848,-2.26163983,0.785732865,0.0313525759,0.363163561,1.33239079,1.33249199,1.33248651,-0.0261784438,-0.080569312,0.0250124596,-0.27101928,0.593976736,-0.261154503,-0.679696023,-0.366911471,0.112888798,-0.120440274,-0.000302130356,-0.000596660655,-2.75801867e-05,-0.524466753,0.250818014,0.130924493,-2.17656684,1.67904973,2.05749583,-1.01828742,0.722463429,0.191585287,0.47188437,1.33299983,1.33299983,1.33299983
47.8666667,-0.588679552,0.268053353,0.282061905,-2.44587159,2.35858321,2.24306107,-2.30563068,0.763633609,0.0332347043,0.36107555,1.33139968,1.33149278,1.33148885,-0.0454047695,-0.0774745494,0.0691695362,-0.234166965,0.606589019,-0.219674498,-0.636570215,-0.198543623,-0.11606051,0.20850867,-0.000260815723,-0.000531500904,-7.45803118e-06,-0.524466753,0.250818014,0.130924493,-2.17656684,1.67904973,2.05749583,-1.01828742,0.692375779,0.194513232,0.463544846,1.33299983,1.33299983,1.33299983
47.9333333,-0.591840386,0.263921976,0.287474722,-2.45997071,2.39458823,2.23104048,-2.33799243,0.758331835,0.0335663036,0.360458463,1.3312211,1.33128011,1.3312583,-0.0405805409,-0.0722224116,0.0572021306,-0.217639834,0.509548545,-0.174911499,-0.433274388,-0.0887754709,-0.0885233134,0.0545845479,-0.000417200848,-0.000895342557,7.1094837e-06,-0.524466753,0.250818014,0.130924493,-2.17656684,1.67904973,2.05749583,-1.01828742,0.721787632,0.195139423,0.430803418,1.33299983,1.33299983,1.33299983
48,-0.59298718,0.261221349,0.28946206,-2.47435045,2.42829108,2.21427321,-2.36164045,0.758006692,0.0320699066,0.359906048,1.3320775,1.33208883,1.33207107,0.00519313524,-0.00687114988,0.00711471215,-0.206495449,0.49894926,-0.235817984,-0.354194045,0.0394788161,-0.0845866874,1.64750963e-06,-0.00140715903,-0.00200015726,-0.000856810249,-0.524466753,0.250818014,0.130924493,-2.17656684,1.67904973,2.05749583,-1.01828742,0.739844918,0.193851709,0.429813623,1.33299983,1.33299983,1.33299983
48.0666667,-0.590014696,0.262853861,0.286135048,-2.48707056,2.46412873,2.18930817,-2.38465834,0.753051341,0.0231408458,0.382383972,1.33300066,1.33296478,1.33288431,0.0654240623,0.0320428349,-0.0917542428,-0.175630882,0.447239816,-0.365486652,-0.28483066,-0.210055664,-0.217129767,0.253019243,0.000173824374,-0.00586459413,0.00624962663,-0.524466753,0.250818014,0.130924493,-2.17656684,1.67904973,2.05749583,-1.01828742,0.718733788,0.175578356,0.514443994,1.33299983,1.33299983,1.33299983
48.1333333,-0.584768891,0.266616225,0.279024422,-2.49949813,2.4913702,2.16137075,-2.40032768,0.746682644,0.0195651762,0.38747707,1.33300209,1.33271325,1.33300209,0.0943137482,0.0620683655,-0.136203706,-0.194060907,0.414069951,-0.44422546,-0.220734328,-0.0691421628,-0.101007834,0.118324049,-7.65358855e-05,-0.000230840174,3.94553208e-05,-0.524466753,0.250818014,0.130924493,-2.17656684,1.67904973,2.05749583,-1.01828742,0.689345479,0.147450894,0.470153749,1.33299983,1.33299983,1.33299983
48.2,-0.578659713,0.271858931,0.270915061,-2.51189923,2.51846099,2.1294744,-2.41545773,0.743396163,0.0131862545,0.397490442,1.33284748,1.3325572,1.332847,0.0985324159,0.0819609612,-0.135719553,-0.184750274,0.391340584,-0.474816144,-0.208235696,-0.100657277,-0.115912378,0.146659791,-5.29433601e-05,-0.000149950152,3.8360944e-05,-0.524466753,0.250818014,0.130924493,-2.17656684,1.67904973,2.05749583,-1.01828742,0.669631004,0.107193455,0.477728784,1.33299983,1.33299983,1.33299983
48.2666667,-0.572018147,0.27835235,0.262198508,-2.52425575,2.54438424,2.095016,-2.43085957,0.735243201,0.00685623568,0.407714725,1.33273542,1.33243966,1.33274603,0.0985144079,0.105573811,-0.124405429,-0.178818718,0.398986489,-0.52529937,-0.208872989,0.0321900919,-0.168643534,0.16157499,-1.45379454e-05,-0.000102372607,5.72935678e-05,-0.524466753,0.250818014,0.130924493,-2.17656684,1.67904973,2.05749583,-1.01828742,0.649449468,0.116254255,0.488508284,1.33299983,1.33299983,1.33299983
48.3333333,-0.566752732,0.284544289,0.255633712,-2.5373404,2.56760216,2.06167102,-2.44608212,0.735926807,0.00939066056,0.40290314,1.33220375,1.33191276,1.33223379,0.0639801994,0.0850186199,-0.0739802048,-0.203448161,0.366938651,-0.489529788,-0.253737986,-0.0654146448,0.0792610943,0.00223247427,0.00103229703,0.00149065186,0.000593604113,-0.524466753,0.250818014,0.130924493,-2.17656684,1.67904973,2.05749583,-1.01828742,0.633051932,0.111964397,0.444926888,1.33299983,1.33299983,1.33299983
48.4,-0.562089086,0.291396081,0.250475764,-2.5511148,2.59262943,2.02670884,-2.46131134,0.736018598,0.010673739,0.397527546,1.33226693,1.33187234,1.33223891,0.0724950954,0.114741176,-0.0766265914,-0.203637436,0.383157343,-0.542268693,-0.232858837,-0.0850094706,-0.00260947878,0.0504981354,0.00254601566,0.00263677724,0.00239411602,-0.524466753,0.250818014,0.130924493,-2.17656684,1.67904973,2.05749583,-1.01828742,0.619728982,0.115330592,0.443184495,1.33299983,1.33299983,1.33299983
48.4666667,-0.557210803,0.300188094,0.246033803,-2.56215215,2.62002254,1.9906801,-2.47635436,0.731819868,-5.10816208e-05,0.417696029,1.33254802,1.33265722,1.33256888,0.0745185316,0.111522868,-0.0871580169,-0.155769765,0.309763432,-0.497493297,-0.188940197,-0.252444655,-0.00493366364,0.282090485,0.000211147591,0.00705897901,-0.00128958805,-0.524466753,0.250818014,0.130924493,-2.17656684,1.67904973,2.05749583,-1.01828742,0.609340847,0.105669364,0.519459546,1.33299983,1.33299983,1.33299983
48.5333333,-0.552276373,0.309212327,0.241056174,-2.57326102,2.64130902,1.95568216,-2.48962522,0.72118789,-1.29584387e-05,0.418456674,1.33260882,1.33272731,1.33265173,0.077034466,0.15007697,-0.0739741325,-0.17279847,0.338866591,-0.55520159,-0.173574463,5.3753276e-05,-0.000112779147,0.0750744045,0.000127876177,-0.000100366087,-0.00180325983,-0.524466753,0.250818014,0.130924493,-2.17656684,1.67904973,2.05749583,-1.01828742,0.600463748,0.0849193111,0.475341797,1.33299983,1.33299983,1.33299983
48.6,-0.547608554,0.319659144,0.237165481,-2.5843513,2.66380286,1.91876781,-2.50129366,0.714955688,-2.78354764e-05,0.420136452,1.33300269,1.33300281,1.33300292,0.065340966,0.158463627,-0.0492280871,-0.156178236,0.338000059,-0.514115632,-0.136627942,-0.0890877917,0.000358344405,0.0524267107,7.44328136e-05,1.65139063e-05,5.48115204e-05,-0.524466753,0.250818014,0.130924493,-2.17656684,1.67904973,2.05749583,-1.01828742,0.59325105,0.0984004587,0.525440037,1.33299983,1.33299983,1.33299983
48.6666667,-0.544065773,0.329923093,0.23519665,-2.59461093,2.68580222,1.88453376,-2.50915861,0.710671246,-2.50819739e-05,0.420873165,1.33300257,1.33300304,1.33300292,0.0457983837,0.162589774,-0.00986788049,-0.139460787,0.340952486,-0.475909114,-0.124416351,-0.084647119,-1.38251344e-05,0.0508072823,9.31720715e-05,0.000108982436,4.26201732e-05,-0.524466753,0.250818014,0.130924493,-2.17656684,1.67904973,2.05749583,-1.01828742,0.587390721,0.0628135726,0.519870996,1.33299983,1.33299983,1.33299983
48.7333333,-0.542272449,0.339283764,0.236138716,-2.60390663,2.70781112,1.85455239,-2.5155375,0.708646715,-3.61739876e-05,0.422078162,1.33300149,1.33300233,1.33300149,0.011902499,0.127116576,0.0375941508,-0.125072956,0.330219328,-0.359465539,-0.0499829277,-0.000413565722,0.00282058073,4.50387597e-06,-0.0023546312,-0.00253598252,-0.00213600323,-0.524466753,0.250818014,0.130924493,-2.17656684,1.67904973,2.05749583,-1.01828742,0.58732146,0.0704274327,0.55404526,1.33299983,1.33299983,1.33299983
48.8,-0.541336775,0.345768511,0.235175729,-2.60535765,2.71246409,1.84466565,-2.50123811,0.730746269,-2.5065417e-06,0.408572376,1.32563388,1.32575524,1.3255862,0.0276815798,0.0896996558,-0.0848488286,0.0400635153,-0.106029406,-0.0788784474,0.249302417,-5.49254764e-06,0.000306705217,-0.195264623,-0.106463969,-0.0998779237,-0.0996255428,-0.541208565,0.345345289,0.234570459,-2.60135603,2.7053225,1.84890497,-2.50366664,0.716868579,0,0.413695544,1.33299983,1.33299983,1.33299983
48.8666667,-0.539298832,0.355065256,0.227044865,-2.600528,2.69933224,1.83611071,-2.47547913,0.738865972,-7.4551067e-06,0.393975586,1.32300031,1.32321882,1.32284582,0.029874891,0.20640789,-0.152362078,0.0890138745,-0.24875693,-0.218734473,0.525776327,0.233698428,-0.000313153374,-0.251792699,-8.32614605e-05,-0.000175527384,1.98815542e-07,-0.538275003,0.362060487,0.230158016,-2.59425187,2.6982255,1.83336818,-2.47077775,0.739541173,0,0.39057979,1.33299983,1.33299983,1.33299983
48.9333333,-0.537240148,0.374819696,0.215585202,-2.59355569,2.68238401,1.81455874,-2.43079662,0.752415538,-7.67627625e-06,0.373240083,1.3230077,1.32322764,1.32284307,0.0315273628,0.388008296,-0.184855953,0.121402778,-0.247291982,-0.434003621,0.820300937,0.226383731,-0.000448409788,-0.375056267,-0.00133429235,8.25775496e-05,2.55146006e-07,-0.533858418,0.387225091,0.223340005,-2.58341646,2.68707347,1.81005085,-2.42095685,0.773674667,0,0.35577926,1.33299983,1.33299983,1.33299983
49,-0.535012603,0.405583292,0.202560127,-2.58430886,2.66615725,1.78063953,-2.36524177,0.772362351,-7.70179668e-06,0.345333248,1.32300866,1.32322621,1.32282841,0.0427191742,0.52239722,-0.208868578,0.15735057,-0.238369375,-0.570302427,1.12592006,0.369657367,-5.76626044e-05,-0.475003898,-4.25018734e-05,-0.000105995656,8.14616214e-08,-0.528345704,0.418634892,0.21455498,-2.56967092,2.67241907,1.78106141,-2.35828948,0.816279173,8.05572199e-06,0.312341988,1.33299983,1.33299983,1.33299983
49.0666667,-0.531796157,0.443333536,0.189106703,-2.57178473,2.64998198,1.74248123,-2.28500605,0.800001562,-5.6868389e-06,0.309904546,1.32301116,1.32322669,1.32280672,0.0655319914,0.597691774,-0.209641233,0.214051232,-0.248059124,-0.578494668,1.2541213,0.470891476,7.2342089e-05,-0.565313458,-9.8587203e-05,-0.000228260455,2.20359652e-07,-0.522123754,0.454085737,0.204241529,-2.55383754,2.65481544,1.74850845,-2.28686166,0.864364922,2.70533237e-05,0.263316333,1.33299983,1.33299983,1.33299983
49.1333333,-0.526187241,0.485214412,0.177056029,-2.55378222,2.63322067,1.70697582,-2.20206213,0.836355448,-2.91738456e-06,0.269552946,1.32301176,1.32322323,1.32277727,0.115139842,0.647757709,-0.176523998,0.315212071,-0.259167641,-0.49626106,1.21890545,0.622092485,0.000341318781,-0.643638015,7.17391231e-06,-7.17420426e-06,-3.95812094e-09,-0.515579522,0.49137342,0.192838207,-2.53673792,2.63481641,1.7145009,-2.21075916,0.914942265,4.64038239e-05,0.211750522,1.33299983,1.33299983,1.33299983
49.2,-0.517219901,0.529396594,0.167879015,-2.5289216,2.61542177,1.67868137,-2.12528515,0.88409102,7.98270048e-06,0.225896642,1.32296753,1.3231703,1.32270622,0.165200785,0.666312099,-0.114891849,0.415691197,-0.281901836,-0.37227869,1.08227634,0.785219133,-0.000170923478,-0.658567965,0.00708383787,0.000346227142,5.72472345e-08,-0.509099662,0.528293729,0.18078357,-2.51919341,2.61297417,1.68114686,-2.13406801,0.965021133,6.46956323e-05,0.160692707,1.33299983,1.33299983,1.33299983
49.2666667,-0.506128311,0.570259094,0.161364511,-2.50351214,2.59311152,1.65268195,-2.05613041,0.936728358,3.35455588e-05,0.180854008,1.32293928,1.32314527,1.3226757,0.157713607,0.540290534,-0.0806449279,0.322078347,-0.376820058,-0.41257152,1.00118375,0.770643294,0.000168927814,-0.667116702,2.24537216e-05,-2.02829397e-05,-5.86151145e-08,-0.503071249,0.562642515,0.168516248,-2.5020268,2.58984208,1.65055549,-2.06087375,1.01161206,8.05171658e-05,0.113191187,1.33299983,1.33299983,1.33299983
49.3333333,-0.498832703,0.598818004,0.151362598,-2.48740697,2.57292438,1.62206054,-1.99095917,0.984680593,9.63691346e-05,0.137514472,1.33085084,1.33299959,1.33085215,-0.00551191252,0.334676921,-0.16634056,0.206292719,-0.353422523,-0.380803525,0.936160505,0.667092741,0.0529137738,-0.652209401,0.0996246859,-9.94143193e-07,0.111929163,-0.497880936,0.592215478,0.156474769,-2.48605895,2.56597376,1.62483501,-1.99526215,1.05172503,9.24568303e-05,0.0722941458,1.33299983,1.33299983,1.33299983
49.4,-0.498583019,0.618314445,0.139691994,-2.47291565,2.5467577,1.60208631,-1.93413162,1.02530372,0.000243093891,0.0969973058,1.33201778,1.33300006,1.33265686,0.0256768726,0.251825988,-0.184875056,0.213463768,-0.395805925,-0.239946067,0.743787587,0.545707643,0.000118580494,-0.553328454,-2.65978451e-06,9.14705652e-06,7.60337571e-08,-0.493915647,0.6148085,0.145097703,-2.47211218,2.54192185,1.60609412,-1.94131887,1.0823704,9.91030465e-05,0.0410498157,1.33299983,1.33299983,1.33299983
49.4666667,-0.496678323,0.63188684,0.128470719,-2.45988846,2.52203536,1.59006238,-1.89337814,1.05749488,0.000248717319,0.0626632646,1.33201778,1.33300042,1.33267784,0.0326281153,0.154629633,-0.157270342,0.177055001,-0.355344057,-0.116470776,0.499463111,0.424359441,3.23480417e-05,-0.456244051,-3.5746285e-05,-5.09564743e-05,2.09722202e-07,-0.491438746,0.628921509,0.134662345,-2.46086407,2.5178864,1.59585774,-1.90174937,1.10151339,9.99999975e-05,0.0215327013,1.33299983,1.33299983,1.33299983
49.5333333,-0.494554013,0.639256716,0.118086182,-2.44886732,2.49728441,1.58615386,-1.86475754,1.08112621,0.000238447305,0.0370562635,1.33202493,1.33299994,1.33270836,0.0303185433,0.0755630806,-0.149774238,0.157383457,-0.380097508,-0.00638439786,0.342930377,0.154181242,-0.0502996817,-0.313046694,-0.00119701703,0.000250217039,5.86279202e-06,-0.489902049,0.637677073,0.124439083,-2.45175457,2.49218488,1.5915978,-1.87037981,1.11338949,9.99999975e-05,0.00942447037,1.33299983,1.33299983,1.33299983
49.6,-0.492745131,0.642573655,0.108231865,-2.4387362,2.47073746,1.588153,-1.8434819,1.08057129,-7.87542945e-07,0.0151127493,1.33205593,1.3330003,1.33276725,0.014813127,0.0283340719,-0.133192316,0.130354106,-0.39903304,0.0457998738,0.321215928,2.23415555e-06,0.000104301318,-0.307323664,-8.55107792e-05,-0.000154251466,2.54949555e-08,-0.489074647,0.642391622,0.114193574,-2.44413924,2.46471548,1.5919379,-1.8448683,1.11978436,0.000100000005,0.00290465262,1.33299983,1.33299983,1.33299983
49.6666667,-0.492010415,0.643530726,0.0988843292,-2.43044019,2.44209099,1.59306359,-1.82266831,1.08095503,3.1591577e-07,0.00627248362,1.33206487,1.33011091,1.33280289,0.00521810353,-0.00429812772,-0.143487841,0.104613699,-0.478426069,0.0887325183,0.274145186,-0.0708251446,0.00010442311,-0.0846826434,-1.71992979e-05,-0.0698248148,8.40344001e-07,-0.488827467,0.643799782,0.103830591,-2.43745947,2.43571758,1.59595907,-1.82403409,1.12169445,9.99999975e-05,0.000957173295,1.33299983,1.33299983,1.33299983
49.7333333,-0.491719395,0.642106771,0.0894190297,-2.42460275,2.41057777,1.59978724,-1.80488002,1.08145058,-2.96471772e-08,0.00390018709,1.33207178,1.32817245,1.33298123,0.00290944776,-0.0350523815,-0.143529892,0.0833324865,-0.459672242,0.118021354,0.241399884,-0.000156184236,0.000427570485,-0.00448290911,-0.00041392725,-0.00039608439,-0.000396577641,-0.489031672,0.642636538,0.0932549089,-2.43115735,2.40543008,1.60274267,-1.80669701,1.12011659,0.000100000005,0.0025659604,1.33299983,1.33299983,1.33299983
49.8,-0.491632283,0.639026582,0.0795785263,-2.41953182,2.3784492,1.60867786,-1.79003191,1.08120823,2.09709867e-08,0.00388256507,1.33206761,1.32814264,1.33298063,0.00108953286,-0.0552332439,-0.150789171,0.0698840544,-0.498284608,0.147740766,0.200757653,-0.0270781871,-0.000106418505,-9.85524384e-05,5.46830124e-05,6.25613611e-05,8.49124044e-05,-0.48955816,0.639636338,0.0823712423,-2.4246738,2.37409186,1.61136973,-1.79167616,1.11604702,9.99999902e-05,0.00671493541,1.33299983,1.33299983,1.33299983
49.8666667,-0.491481572,0.63512069,0.0694221407,-2.41486573,2.34479785,1.61912811,-1.77687323,1.08016348,7.11890658e-10,0.0063273781,1.33206081,1.32808912,1.33296144,0.0037545776,-0.0599895529,-0.153388336,0.070361793,-0.519068122,0.1643769,0.199083626,-3.45014723e-06,0.00113487092,0.0553416461,1.79819617e-05,3.22482665e-05,-1.93627784e-07,-0.490278184,0.635534108,0.0710843876,-2.41745114,2.3419416,1.62092173,-1.77779138,1.11048269,0.000100000005,0.0123880235,1.33299983,1.33299983,1.33299983
49.9333333,-0.4911713,0.63131994,0.0590894967,-2.40936255,2.31065464,1.62989938,-1.76332462,1.08021545,-4.77951687e-08,0.0108576315,1.33205688,1.32802999,1.33293104,0.00535708806,-0.0530545153,-0.158113614,0.0948600173,-0.51565975,0.158867657,0.209178865,-3.96906034e-06,-5.05770367e-05,0.0738127753,1.7655635e-05,2.5476329e-05,-5.22995833e-08,-0.491062641,0.631064475,0.0592990853,-2.40893078,2.30921841,1.63047945,-1.76386178,1.10442019,9.99999975e-05,0.0185691509,1.33299983,1.33299983,1.33299983
50,-0.49078545,0.628191292,0.0481953509,-2.40181375,2.27638888,1.63981485,-1.74849141,1.08012915,-8.05448011e-08,0.0161263309,1.33205545,1.32797301,1.33290327,0.0053086183,-0.040749453,-0.169915244,0.134294808,-0.511033058,0.13680166,0.239015847,-2.9501773e-06,-5.86313326e-05,0.0799645111,1.59672563e-05,1.936435e-05,-1.12049747e-07,-0.491782606,0.626962245,0.046920076,-2.39855385,2.27616096,1.63912427,-1.74870718,1.09885573,9.99999975e-05,0.0242422372,1.33299983,1.33299983,1.33299983
50.0666667,-0.490753412,0.626044154,0.036172796,-2.38934398,2.24417233,1.64786041,-1.73042393,1.07962883,-7.95761821e-08,0.0204191115,1.3325305,1.32838309,1.33299899,-4.72123575e-05,-0.0294423103,-0.199156821,0.204290822,-0.529000163,0.0932607427,0.275017381,-0.0487809256,-5.17419721e-05,0.0761500895,1.33200629e-05,8.34494131e-06,-5.59084583e-08,-0.492309183,0.623962045,0.0338521302,-2.38576341,2.24300885,1.64593744,-1.73114669,1.09478629,0.000100000005,0.0283912122,1.33299983,1.33299983,1.33299983
50.1333333,-0.490829468,0.624374807,0.0222822558,-2.37449908,2.2093215,1.65204704,-1.71007764,1.07911098,-1.45405906e-07,0.0248496644,1.3325305,1.32836783,1.33299899,-0.000976112613,-0.0168822128,-0.21732156,0.246884093,-0.511611521,0.0373855978,0.333659232,5.53533482e-07,7.48304956e-06,0.0528000779,-5.48447133e-07,-1.13041096e-05,1.50430424e-08,-0.492513329,0.622798741,0.0199999996,-2.36999989,2.21000004,1.64999998,-1.70999992,1.09320843,9.99999975e-05,0.0299999993,1.33299983,1.33299983,1.33299983
50.2,-0.490899682,0.624194086,0.0073218937,-2.3554213,2.17500782,1.6543349,-1.68526006,1.07911086,1.30300373e-06,0.0270014685,1.33253896,1.32837296,1.33300018,0.000960704288,0.00963618141,-0.233489141,0.32688573,-0.522466838,0.0454833619,0.409368545,0.000601983105,-0.00271984143,0.050660979,0.00347372284,0.0036308961,0.00321493344,-0.492513359,0.622798741,0.00446537742,-2.34995437,2.17597246,1.65379548,-1.68491304,1.09320843,0.000100000005,0.0299999993,1.33299983,1.33299983,1.33299983
50.2666667,-0.490529984,0.625328779,-0.00904254802,-2.33109164,2.13901448,1.65871119,-1.65621281,1.07911074,3.7159478e-07,0.0276802275,1.33256161,1.32840192,1.33300006,0.0097239241,0.0193752553,-0.257950842,0.396657795,-0.553791523,0.0878980011,0.454176307,-1.2446435e-08,9.19755839e-05,-3.11119948e-08,-9.61554179e-06,-2.31156882e-05,-1.19114447e-05,-0.492513329,0.622798741,-0.0131715517,-2.32545638,2.1400013,1.659729,-1.65692353,1.09320843,9.99999975e-05,0.0299999993,1.33299983,1.33299983,1.33299983
50.3333333,-0.489809453,0.626428127,-0.0269865822,-2.30306458,2.10144424,1.66547024,-1.62535226,1.07911086,7.33924495e-08,0.0279239528,1.33257496,1.32843983,1.33300006,0.0105970968,0.010223452,-0.280892283,0.439198852,-0.572250426,0.112900235,0.468061537,6.03916624e-06,0.000261876557,4.1880412e-08,-0.00667654723,-0.000299985812,2.66449752e-06,-0.492513359,0.622798741,-0.0322882943,-2.2976563,2.10268211,1.6667639,-1.6269387,1.09320843,9.99999975e-05,0.0299999993,1.33299983,1.33299983,1.33299983
50.4,-0.489325523,0.626694679,-0.0463698879,-2.27273536,2.06299686,1.67293203,-1.59402096,1.07911074,6.94430824e-09,0.0281439666,1.33257711,1.32847309,1.33299994,0.00350596523,-0.00357873528,-0.300978124,0.46758303,-0.579402804,0.109861895,0.470006436,-2.53421877e-06,1.73155095e-05,2.32626917e-07,-1.38904288e-05,-1.96025358e-05,-9.97356838e-05,-0.492513329,0.622798741,-0.0522623584,-2.26770449,2.06461191,1.67386365,-1.59586549,1.09320843,0.000100000005,0.0300000012,1.33299983,1.33299983,1.33299983
50.4666667,-0.489462137,0.62616092,-0.066919297,-2.24079561,2.02464509,1.67943418,-1.56289268,1.07911062,-5.27044435e-08,0.0283809919,1.33257794,1.3285048,1.33299947,-0.00720071886,-0.0136026982,-0.315769643,0.486691445,-0.570747674,0.0857326686,0.46192959,-2.04565458e-06,5.76967686e-05,7.11879693e-08,-2.15400723e-05,-2.59566004e-05,-5.23542585e-05,-0.492513299,0.622798681,-0.0724712461,-2.2367506,2.02638578,1.67999125,-1.5646106,1.09320831,9.99999902e-05,0.0299999975,1.33299983,1.33299983,1.33299983
50.5333333,-0.490321904,0.625084281,-0.0882112309,-2.20805335,1.98716593,1.68385458,-1.53270507,1.07911062,-5.00381354e-08,0.0285771135,1.33257937,1.32853425,1.33299935,-0.0176125746,-0.0205269568,-0.322777271,0.489928395,-0.553098679,0.0482781567,0.441395968,1.5862397e-06,3.76894895e-05,5.80529158e-05,-6.59412763e-06,-1.16912124e-05,-3.06510083e-05,-0.492513359,0.6227988,-0.0922924727,-2.20594525,1.98860061,1.68411088,-1.53408158,1.09320843,0.000100000005,0.0300000012,1.33299983,1.33299983,1.33299983
50.6,-0.491804153,0.623589635,-0.109620646,-2.17583466,1.95103741,1.6854099,-1.50434518,1.07911062,7.46243316e-08,0.0285981111,1.33258045,1.32855117,1.33299994,-0.0255437568,-0.0262658559,-0.318822175,0.470250249,-0.531043351,-0.000497201865,0.407402158,-2.44258536e-06,4.74769477e-05,-2.56113708e-08,-2.02533047e-05,-2.36176711e-05,-3.67783214e-05,-0.492513299,0.622798681,-0.11110352,-2.17643857,1.95185173,1.68518519,-1.50518513,1.09320843,9.99999975e-05,0.0299999975,1.33299983,1.33299983,1.33299983
50.6666667,-0.493712217,0.62176162,-0.130305231,-2.14575768,1.91665387,1.68329775,-1.47869933,1.07911062,3.10862276e-07,0.0286175571,1.33258045,1.32855117,1.33299994,-0.0304778107,-0.0300164707,-0.300639153,0.426117688,-0.500782013,-0.0626521856,0.3607032,-2.24503765e-06,7.66788216e-05,1.49011612e-08,-1.41035343e-05,-1.75128152e-05,-3.33327152e-05,-0.492513359,0.622798741,-0.128281951,-2.14938116,1.91673589,1.6821779,-1.47882831,1.09320843,0.000100000005,0.0300000012,1.33299983,1.33299983,1.33299983
50.7333333,-0.495848089,0.61979121,-0.14928031,-2.11937857,1.8845129,1.67650068,-1.45654404,1.07911062,6.34038599e-07,0.0286293291,1.33258033,1.3285501,1.33300006,-0.0324150324,-0.0299928132,-0.267294258,0.360275447,-0.464368641,-0.141717508,0.302979887,-1.29361979e-06,0.00013328332,1.08702807e-07,-1.0012388e-05,-1.13104397e-05,-8.29811688e-06,-0.492513329,0.622798741,-0.143205196,-2.12592268,1.88384831,1.67405236,-1.45591831,1.09320843,9.99999975e-05,0.0299999993,1.33299983,1.33299983,1.33299983
50.8,-0.498008162,0.617936671,-0.165521935,-2.09807301,1.85511625,1.66386104,-1.4386642,1.07911062,7.72605347e-07,0.028631648,1.33258033,1.32854557,1.33300006,-0.0314788558,-0.0262230281,-0.218456045,0.274727881,-0.417984486,-0.238331243,0.232567474,-8.44827355e-08,0.00015854917,2.07695848e-07,-1.76408503e-06,-1.43810757e-06,5.73313059e-07,-0.492513329,0.622798741,-0.155250832,-2.10721374,1.85378575,1.65977216,-1.43736207,1.09320843,9.99999975e-05,0.0299999975,1.33299983,1.33299983,1.33299983
50.8666667,-0.499832571,0.616512001,-0.178370625,-2.08302379,1.82886338,1.64359653,-1.42593944,1.07911062,3.42141647e-07,0.028624,1.33258033,1.32851577,1.33299994,-0.0178411603,-0.012088337,-0.176098749,0.177324265,-0.378875524,-0.394324303,0.146374479,1.45285185e-06,3.17760278e-05,-1.55996531e-07,8.52747326e-06,1.13986025e-05,1.06054176e-05,-0.492484927,0.623129547,-0.164145961,-2.09410048,1.82679784,1.63695538,-1.42431915,1.09321463,0.000100052159,0.0298358276,1.33299983,1.33299983,1.33299983
50.9333333,-0.500689626,0.617197931,-0.188899726,-2.0737555,1.8039428,1.60864007,-1.4198041,1.07911062,6.1177019e-07,0.0286050048,1.33258009,1.32848525,1.33299983,-0.0107006999,0.0356136858,-0.1353724,0.104807414,-0.369092107,-0.653195381,0.0405058153,1.6290146e-06,0.000112013411,-1.70111889e-07,2.91951146e-05,3.82861181e-05,1.98309135e-05,-0.492283165,0.625478089,-0.171541557,-2.08527946,1.80124676,1.59852254,-1.41827166,1.09325886,0.000100422476,0.0286702234,1.33299983,1.33299983,1.33299983
51,-0.50115484,0.621334374,-0.196128696,-2.06870818,1.78000998,1.55759525,-1.42011499,1.07901216,8.23366008e-07,0.028360948,1.33256197,1.32845569,1.33297575,-0.00107012119,0.0851910859,-0.0812463313,0.0464759469,-0.351809472,-0.862305999,-0.0409209877,-0.000600391999,0.00291172462,-0.0507898591,-0.00344029372,-0.00359831704,-0.00321130385,-0.491945058,0.62941438,-0.177613333,-2.07997918,1.77697861,1.54727161,-1.41797233,1.09333301,0.000101043166,0.026716603,1.33299983,1.33299983,1.33299983
51.0666667,-0.500596881,0.628033817,-0.199585304,-2.06761384,1.75746846,1.49596179,-1.42461705,1.07901239,1.85324291e-06,0.0263855122,1.33254051,1.3284266,1.3329469,0.0190063417,0.110725135,-0.0237521008,-0.0141257923,-0.329487562,-0.972642779,-0.0858826637,-4.29127249e-05,0.000860495493,-0.0511438176,0.000203732867,0.000428416301,-2.87545845e-07,-0.491538674,0.634144485,-0.182206824,-2.07766461,1.75416827,1.48757088,-1.42181671,1.09342217,0.000101789017,0.0243689697,1.33299983,1.33299983,1.33299983
51.1333333,-0.498665005,0.635597527,-0.199221283,-2.07040238,1.73617673,1.42978203,-1.43107593,1.07901216,1.53909491e-06,0.0244747177,1.3325119,1.32839954,1.33291221,0.0389709361,0.112263218,0.0315926783,-0.0674339533,-0.315797716,-1.0045656,-0.101740651,-0.000603618275,0.00262442627,-0.0500016026,0.00299150683,-0.00321015506,-0.00314852921,-0.491132408,0.638874769,-0.185167715,-2.0777986,1.73299074,1.42378855,-1.4282012,1.09351122,0.00010253489,0.0220213439,1.33299983,1.33299983,1.33299983
51.2,-0.495633215,0.642628908,-0.195316195,-2.07616043,1.71577656,1.36367905,-1.43783975,1.07890189,1.99724104e-06,0.0225159619,1.33248973,1.32837534,1.33287859,0.0510221943,0.0952146277,0.0817933008,-0.102867343,-0.296014965,-0.971785843,-0.0950539708,-4.07113694e-05,0.000889249844,-0.0506451316,0.00019748765,0.000411451329,-1.31782144e-07,-0.490794241,0.642811,-0.186341494,-2.07984567,1.71362054,1.36029279,-1.43552089,1.09358525,0.000103155558,0.0200677179,1.33299983,1.33299983,1.33299983
51.2666667,-0.492172092,0.647951484,-0.18837437,-2.08360863,1.69698489,1.3018198,-1.44346023,1.07890201,7.47126535e-07,0.0216830522,1.33247685,1.32836676,1.33284891,0.0520991981,0.0610034876,0.121575736,-0.118671797,-0.267294735,-0.876973569,-0.0691187978,-9.48579213e-07,0.000193086133,3.40060069e-08,1.66715035e-05,2.57696993e-05,-3.00616375e-06,-0.49059251,0.645159602,-0.185573846,-2.08326888,1.69623268,1.3014518,-1.44217181,1.09362972,0.00010352589,0.0189021155,1.33299983,1.33299983,1.33299983
51.3333333,-0.488977671,0.650404334,-0.179228187,-2.09152007,1.68020225,1.24849665,-1.44670892,1.07892311,-4.66244323e-08,0.0216894168,1.33247674,1.32836676,1.33283627,0.043306727,0.00940430257,0.148207724,-0.11766886,-0.234096825,-0.71454066,-0.0245460272,-5.19603873e-07,3.67867178e-05,-1.90717401e-07,-7.85320663e-06,-1.05333747e-05,-1.16455376e-05,-0.4905954,0.645126522,-0.18271026,-2.08753252,1.68100202,1.25163376,-1.4465493,1.093629,0.000103520673,0.018918531,1.33299983,1.33299983,1.33299983
51.4,-0.486635059,0.648906171,-0.168735042,-2.09884048,1.66542804,1.2081933,-1.44635499,1.07895827,-1.91297662e-08,0.0216681939,1.33247972,1.32910275,1.33283854,0.0276414473,-0.0570324957,0.163672999,-0.101375245,-0.204984352,-0.485791832,0.0464290306,0.0272007417,0.0022692997,9.14442353e-08,-6.36105688e-05,0.0882223099,-9.05760244e-05,-0.490870982,0.641917944,-0.177596375,-2.09209967,1.66810286,1.21520698,-1.44704938,1.09356856,0.00010301474,0.020510979,1.33299983,1.33299983,1.33299983
51.4666667,-0.485576153,0.64250803,-0.157269195,-2.10502505,1.65412664,1.1859796,-1.44078255,1.0790683,9.75815269e-08,0.0219893605,1.33250952,1.33299983,1.33286917,0.00498891762,-0.135449901,0.176662892,-0.0824627727,-0.139255345,-0.175057322,0.129292876,0.000608981412,-0.0024638148,0.0507657081,0.00320808263,0.00332317874,0.00301516638,-0.491487592,0.634739995,-0.170077756,-2.09643412,1.65771079,1.19653964,-1.44206774,1.09343338,0.000101882913,0.0240734667,1.33299983,1.33299983,1.33299983
51.5333333,-0.486055434,0.630757213,-0.145161048,-2.10945225,1.64589894,1.18631852,-1.42873979,1.07906902,-4.6456401e-07,0.0251412038,1.33290088,1.33299685,1.33300042,-0.0166893806,-0.217796251,0.185031205,-0.0490670241,-0.113205425,0.192954361,0.236913607,3.66053791e-06,0.00129326119,0.0633084103,0.102420621,-1.45275262e-05,0.000101518861,-0.492513329,0.622798741,-0.159999996,-2.0999999,1.64999998,1.19999993,-1.42999995,1.09320843,9.99999975e-05,0.0299999993,1.33299983,1.33299983,1.33299983
51.6,-0.487899691,0.61324656,-0.132315174,-2.11230993,1.64081407,1.2116034,-1.40929341,1.07906902,-5.07116624e-07,0.0305070058,1.3330003,1.33300018,1.33300042,-0.0398543999,-0.307080656,0.199251324,-0.0420123525,-0.0440019369,0.543663323,0.336166143,4.44384568e-07,1.21529265e-05,0.0942880958,-2.15203763e-05,2.26943575e-06,-1.42998342e-05,-0.494012028,0.605352104,-0.146355063,-2.1035912,1.64487183,1.22484565,-1.41068995,1.09287977,9.72489943e-05,0.0386589095,1.33299983,1.33299983,1.33299983
51.6666667,-0.491540521,0.590007484,-0.118397303,-2.11524773,1.63884938,1.25629318,-1.3845284,1.07906902,-3.48589651e-07,0.0380855352,1.33300018,1.33300018,1.33300042,-0.0672133267,-0.388353646,0.217798352,-0.0486737043,-0.015834013,0.778987467,0.403832197,2.59027729e-07,1.42843473e-05,0.128442794,-1.74234774e-05,1.86586124e-06,-1.19064534e-05,-0.495948434,0.582809627,-0.128724664,-2.10823131,1.64192986,1.26567376,-1.38573968,1.09245515,9.36944634e-05,0.0498469584,1.33299983,1.33299983,1.33299983
51.7333333,-0.496708483,0.561854184,-0.102871381,-2.11877751,1.63859797,1.31409299,-1.35553038,1.07906902,-1.82719518e-07,0.0479327105,1.33300209,1.33299994,1.33300221,-0.0834510401,-0.453660637,0.247291356,-0.0585648678,0.00986942928,0.944751263,0.463378072,5.05192438e-05,0.000959481695,0.159558132,-0.00415894762,-0.000851972844,-0.00405718759,-0.498242408,0.556104779,-0.107838959,-2.11372805,1.64090264,1.31986165,-1.35618234,1.09195209,8.94836121e-05,0.0631007925,1.33299983,1.33299983,1.33299983
51.8,-0.502373993,0.530046463,-0.0850124136,-2.12285662,1.63997829,1.38162887,-1.32295513,1.07894778,-8.07922476e-08,0.0597839504,1.33300018,1.33299994,1.33300042,-0.082021758,-0.498251975,0.287257344,-0.06562718,0.0338782892,1.07427549,0.511875451,-1.34408474e-05,-6.28818998e-06,0.188657776,3.90957102e-05,4.22765443e-05,-1.09249186e-07,-0.500813663,0.526171267,-0.0844280794,-2.11988926,1.64151812,1.38478637,-1.32305169,1.09138823,8.47636547e-05,0.077957049,1.33299983,1.33299983,1.33299983
51.8666667,-0.507456183,0.495962381,-0.0642325357,-2.12733912,1.64276683,1.45675385,-1.28764176,1.07894778,2.26102053e-08,0.0733276755,1.33300018,1.33299994,1.3330003,-0.0673229247,-0.522855282,0.333851486,-0.0718691722,0.0522560999,1.17155552,0.543823242,7.96243967e-07,1.88829854e-05,0.210255265,1.44510068e-07,6.86356998e-08,3.10565156e-08,-0.50358212,0.493942678,-0.0592222288,-2.12652302,1.64350522,1.4578253,-1.28738046,1.09078097,7.96818131e-05,0.0939523876,1.33299983,1.33299983,1.33299983
51.9333333,-0.51131767,0.460824788,-0.0403563306,-2.13226271,1.64648294,1.5370338,-1.25066352,1.07894778,2.29312732e-07,0.0881780684,1.33300018,1.33299994,1.33300018,-0.0469124913,-0.530935824,0.379032701,-0.0796175748,0.0623568296,1.22830188,0.561416328,1.98859425e-07,6.01440079e-05,0.226951122,-2.25804342e-07,-6.60084197e-07,-1.53359906e-07,-0.506467581,0.46035257,-0.0329515673,-2.13343716,1.64659214,1.53635573,-1.25020266,1.09014833,7.43852797e-05,0.110623449,1.33299983,1.33299983,1.33299983
52,-0.513795018,0.42561698,-0.0137830954,-2.13774991,1.65068114,1.61962879,-1.21298778,1.07894778,3.15901985e-07,0.103948332,1.33299994,1.33299983,1.33300006,-0.0270007737,-0.525631905,0.413816124,-0.0886968374,0.0672860518,1.24177051,0.564100385,6.15784643e-07,8.94433324e-05,0.23773101,-3.00366537e-07,-7.23581479e-07,1.0462827e-08,-0.509389758,0.42633459,-0.00634622946,-2.14043927,1.65050709,1.61775494,-1.21255112,1.08950746,6.90212764e-05,0.127506882,1.33299983,1.33299983,1.33299983
52.0666667,-0.515060723,0.391174674,0.0145109491,-2.14378428,1.65510607,1.70174038,-1.17565691,1.07894778,2.73378504e-07,0.120223492,1.33299994,1.33299983,1.33299994,-0.011483388,-0.508200526,0.430221856,-0.0954600051,0.0691843182,1.21516097,0.550452411,4.88194019e-09,7.31971959e-05,0.242235839,3.95682946e-06,6.51586379e-06,9.05347406e-08,-0.512268484,0.392822266,0.0198635943,-2.14733744,1.65497863,1.69940019,-1.17545938,1.08887613,6.37370104e-05,0.14413932,1.33299983,1.33299983,1.33299983
52.1333333,-0.515487492,0.358288944,0.04311046,-2.15008998,1.65957975,1.78084445,-1.13980806,1.07894778,1.83697551e-07,0.136564806,1.33299983,1.33299983,1.33299983,-0.00250843097,-0.478937656,0.423157066,-0.0962955803,0.0685151592,1.15264356,0.519444704,-1.31950378e-06,3.30084658e-05,0.240111828,1.21644407e-05,2.30212681e-05,1.97542249e-07,-0.515023589,0.360749245,0.0449477471,-2.15393901,1.65973532,1.77866888,-1.13996053,1.08827198,5.86796996e-05,0.160057425,1.33299983,1.33299983,1.33299983
52.2,-0.515539169,0.327741235,0.0703758523,-2.15621686,1.66393268,1.8546257,-1.10661817,1.07893348,1.92745745e-07,0.152507722,1.33299613,1.33299983,1.33298969,-0.00061151071,-0.437829018,0.390945435,-0.0896743238,0.0652505308,1.05606961,0.471207321,-1.48545951e-05,-8.07346805e-06,0.231065556,5.75434533e-05,7.6990349e-05,-8.6351065e-08,-0.517574787,0.331049144,0.0681760684,-2.1600523,1.66450524,1.85293794,-1.10708809,1.08771253,5.39965476e-05,0.174797848,1.33299983,1.33299983,1.33299983
52.2666667,-0.515660822,0.300329059,0.0946670845,-2.16168022,1.66799068,1.9208082,-1.07720566,1.07893348,3.61699193e-07,0.167560533,1.33297491,1.33299708,1.33296824,-0.00465891697,-0.384347618,0.335188985,-0.0759183466,0.0592966117,0.92495364,0.406698763,-3.63154072e-06,-0.000244708441,0.214465916,0.00752765313,0.000252205646,0.0001738477,-0.519842088,0.304655552,0.0888184011,-2.16548514,1.66901696,1.91958475,-1.07787538,1.08721519,4.9834769e-05,0.187897235,1.33299983,1.33299983,1.33299983
52.3333333,-0.516162097,0.276911885,0.114544086,-2.16604877,1.6715945,1.97705269,-1.05262887,1.07893348,6.23903418e-07,0.181209564,1.33296156,1.33299923,1.33295763,-0.0118116438,-0.31732738,0.259942204,-0.0562510341,0.0516809113,0.758498788,0.326978594,-1.1761897e-06,6.03934168e-05,0.189789921,1.31984561e-05,-2.25727854e-05,9.12405085e-09,-0.521745086,0.282502025,0.106144577,-2.17004514,1.67299902,1.97598684,-1.05335569,1.08679795,4.63415745e-05,0.198892221,1.33299983,1.33299983,1.33299983
52.4,-0.517150879,0.258435845,0.12887767,-2.16897249,1.6746242,2.02094865,-1.03385484,1.07893348,2.43794432e-07,0.19291383,1.33296061,1.33299363,1.33295763,-0.0190903656,-0.235487342,0.17040351,-0.0322230607,0.0399594121,0.553592384,0.233659327,-1.35377536e-06,1.62127326e-05,0.157269239,9.93013964e-06,-9.92137939e-05,-2.14335159e-07,-0.523203671,0.265522182,0.119424425,-2.17354035,1.67617941,2.019521,-1.03456223,1.08647799,4.36641749e-05,0.207319468,1.33299983,1.33299983,1.33299983
52.4666667,-0.518512309,0.245922372,0.136911035,-2.17023563,1.67678392,2.04986334,-1.02181482,1.07893348,3.69572859e-07,0.202144191,1.33295977,1.33297169,1.33295798,-0.0227916408,-0.138023064,0.0722407848,-0.00607150188,0.0240092538,0.309126824,0.126051009,-2.2152235e-06,0.000282013323,0.116546936,-0.00387711776,-0.000342565385,-0.000634870958,-0.524137616,0.254649669,0.12792778,-2.17577839,1.67828691,2.04756522,-1.02252829,1.08627319,4.1949781e-05,0.212715596,1.33299983,1.33299983,1.33299983
52.5333333,-0.519919395,0.240429193,0.138234198,-2.16973495,1.67779374,2.06116128,-1.01754558,1.07854044,1.70918647e-05,0.208403453,1.3329531,1.33297002,1.33294594,-0.0205617975,-0.0247481372,-0.0298335105,0.0210426543,0.00510490267,0.0256710742,0.00456663594,-2.20127404e-05,0.000228661724,0.0693870112,6.2806881e-05,7.8227924e-05,1.12024572e-05,-0.524466753,0.250818014,0.130924493,-2.17656684,1.67904973,2.05749583,-1.01828742,1.08620107,4.13456e-05,0.214617267,1.33299983,1.33299983,1.33299983
52.6,-0.518238366,0.242297292,0.129600644,-2.17072058,1.65519977,2.0580852,-1.02099824,1.08047605,0.00640403526,0.262824029,1.32448924,1.3247453,1.32502115,0.0466260388,0.067112729,-0.164033651,-0.0166240036,-0.282642841,-0.0514834598,-0.127835393,6.99602151e-06,-0.000133638852,0.645597517,1.77247566e-05,6.11955766e-05,-5.45114744e-08,-0.524466753,0.250818014,0.130924493,-2.17656684,1.67904973,2.05749583,-1.01828742,1.17616117,0.0642251223,0.328744054,1.33299983,1.33299983,1.33299983
52.6666667,-0.51314497,0.249710128,0.114746809,-2.17190671,1.63085723,2.05175304,-1.03736675,1.08168125,0.0103492858,0.246903807,1.3233124,1.32360959,1.32394493,0.0877865404,0.145805031,-0.237215415,-0.0104942843,-0.312151402,-0.0982234925,-0.299907327,5.38305176e-06,0.00104499608,-0.207488865,-0.000296556769,-0.000643077365,5.26197255e-07,-0.524466753,0.250818014,0.130924493,-2.17656684,1.67904973,2.05749583,-1.01828742,1.24616504,0.0910331011,0.225982487,1.33299983,1.33299983,1.33299983
52.7333333,-0.50769192,0.261490375,0.100531347,-2.17272329,1.60586214,2.04565263,-1.05665028,1.08167887,0.00973070599,0.189096019,1.32243812,1.32272816,1.32307661,0.0695305243,0.201630652,-0.173613161,-0.00579069369,-0.326316088,-0.0491730459,-0.315710515,-1.1587701e-05,-0.0599462166,-0.665271163,-0.000334182696,-0.000704500533,5.5716373e-07,-0.524466753,0.250818014,0.130924493,-2.17656684,1.67904973,2.05749583,-1.01828742,1.24616504,0.0731952935,0.119283006,1.33299983,1.33299983,1.33299983
52.8,-0.504404902,0.276290178,0.0928081423,-2.17400932,1.58889782,2.04103446,-1.08438849,1.08163393,0.00919615477,0.14280656,1.32237017,1.32266283,1.32300854,0.0319174938,0.239706516,-0.0659368709,-0.0188633427,-0.200456306,-0.0387469567,-0.44982186,5.47683157e-07,-0.00013649126,-0.502615929,4.32207016e-05,8.96179699e-05,-6.16419129e-08,-0.524466753,0.250818014,0.130924493,-2.17656684,1.67904973,2.05749583,-1.01828742,1.24616504,0.0604721121,0.0889660418,1.33299983,1.33299983,1.33299983
52.8666667,-0.503758788,0.292950481,0.0923438743,-2.17568159,1.56909049,2.04187512,-1.10775101,1.08167958,0.0104951281,0.0802821517,1.32140636,1.32166159,1.32201552,-0.0057066977,0.253331512,0.0356793553,-0.0200858973,-0.265508771,0.053904511,-0.330258518,1.21719495e-05,-8.86052148e-05,-0.800723433,2.80055101e-05,5.72042773e-05,-3.48081812e-08,-0.524466753,0.250818014,0.130924493,-2.17656684,1.67904973,2.05749583,-1.01828742,1.24616504,0.0879837722,0,1.33299983,1.33299983,1.33299983
52.9333333,-0.504481018,0.309676141,0.0958464369,-2.17826223,1.55753934,2.04382825,-1.13794541,1.08142972,0.0152206179,0.0387583822,1.32404733,1.32418299,1.32453299,-0.0131665608,0.243961856,0.0607508346,-0.0360233635,-0.118855551,0.0237078331,-0.462327182,2.40254994e-05,-2.59163789e-06,-0.430660635,0.108602099,0.104441293,0.10302633,-0.524466753,0.250818014,0.130924493,-2.17656684,1.67904973,2.05749583,-1.01828742,1.24616504,0.109014191,0,1.33299983,1.33299983,1.33299983
53,-0.505650222,0.325394392,0.100743242,-2.18066692,1.54708362,2.04625869,-1.16657519,1.07813752,0.023456648,0.0182011612,1.33029664,1.3301605,1.33035123,-0.0195069928,0.223681465,0.0798247606,-0.0195949059,-0.125599802,0.043392498,-0.401549637,-3.90172772e-07,-0.0842863619,-0.193360865,0.110850275,0.107839964,0.104419403,-0.524466753,0.250818014,0.130924493,-2.17656684,1.67904973,2.05749583,-1.01828742,1.17838883,0.0971843302,0,1.33299983,1.33299983,1.33299983
53.0666667,-0.50575906,0.339718103,0.103162944,-2.18095136,1.54038763,2.04597449,-1.1972611,1.07747078,0.0228797738,0.00883431453,1.33300018,1.33300018,1.33300006,0.0108772768,0.20478262,0.00483950414,0.0204271134,-0.0982282087,-0.0337441005,-0.422080934,0.0280743558,-0.0805347636,-0.0913228169,-0.000320460997,-0.000709089683,4.1401654e-07,-0.524466753,0.250818014,0.130924493,-2.17656684,1.67904973,2.05749583,-1.01828742,1.14339972,0.0645573661,0,1.33299983,1.33299983,1.33299983
53.1333333,-0.504532695,0.352800041,0.102151774,-2.17887259,1.52940059,2.04385018,-1.22253227,1.07757151,0.0229422059,0.00385020208,1.33300018,1.33300018,1.33300018,0.0222626403,0.185359031,-0.0258332994,0.0495982841,-0.158250064,-0.0337564573,-0.343533874,-0.00285414187,-0.0865913182,-0.279443294,0.00825339276,0.00799400639,0.00880730059,-0.524466753,0.250818014,0.130924493,-2.17656684,1.67904973,2.05749583,-1.01828742,1.14554679,0.0661005154,0,1.33299983,1.33299983,1.33299983
53.2,-0.503126442,0.365131974,0.100706726,-2.17400384,1.51700449,2.04388213,-1.24252057,1.07577264,0.023497371,1.11207089e-06,1.33299792,1.33299196,1.33300006,0.0222576652,0.183031425,-0.0243855417,0.106342115,-0.231676191,-0.0198449977,-0.238524705,-3.00175361e-06,-0.000101503043,0.000722021214,-0.001875296,0.000380092504,-9.76019801e-05,-0.524466753,0.250818014,0.130924493,-2.17656684,1.67904973,2.05749583,-1.01828742,1.11123967,0.0594893359,0,1.33299983,1.33299983,1.33299983
53.2666667,-0.501959324,0.377651304,0.100028917,-2.16488457,1.50005674,2.04506397,-1.25759339,1.04618204,0.0332709551,9.47806768e-07,1.33300006,1.33299994,1.33300018,0.0163636506,0.187741369,-0.0064235297,0.162569985,-0.253109634,0.00880095828,-0.173612863,-0.435366154,0.152511865,1.21654011e-08,-7.02186753e-07,1.21613084e-07,-1.49802963e-06,-0.524466753,0.250818014,0.130924493,-2.17656684,1.67904973,2.05749583,-1.01828742,1.00825655,0.0484925881,0,1.33299983,1.33299983,1.33299983
53.3333333,-0.501201928,0.391064882,0.100774035,-2.15363216,1.48852193,2.04423261,-1.27991581,0.992628098,0.0367069803,7.10541963e-06,1.33299983,1.33299994,1.33300018,0.0105836727,0.209030524,0.0158379711,0.176563233,-0.142560139,-0.0355106182,-0.334260076,-0.676674604,-3.49362381e-06,-7.27595761e-08,-7.80313712e-07,1.78673872e-06,-4.30315231e-06,-0.524466753,0.250818014,0.130924493,-2.17656684,1.67904973,2.05749583,-1.01828742,0.92458272,0.0780509263,0,1.33299983,1.33299983,1.33299983
53.4,-0.503046453,0.403289765,0.108397081,-2.14701509,1.49762201,2.06085348,-1.29539454,1.0217793,0.0364153758,0.000742126082,1.33300018,1.33300018,1.3330003,-0.041968219,0.153275177,0.146780059,0.0464720093,0.162060514,0.276990443,-0.270466805,0.553984344,-0.0749078691,6.05417881e-07,-0.000635896111,-0.000968507084,-0.000317924918,-0.524466753,0.250818014,0.130924493,-2.17656684,1.67904973,2.05749583,-1.01828742,1.08446145,0.0819736719,0,1.33299983,1.33299983,1.33299983
53.4666667,-0.505700409,0.41074127,0.117356189,-2.14755034,1.51530588,2.07823801,-1.32426357,1.01335466,0.0361380242,0.000792954408,1.33299839,1.33299935,1.33299959,-0.0353061631,0.0763995647,0.115362853,-0.0496919975,0.277722627,0.232768834,-0.417186052,-0.235812247,-0.0144515559,1.63621735e-07,-0.00326788984,-0.003574959,-0.000111545465,-0.524466753,0.250818014,0.130924493,-2.17656684,1.67904973,2.05749583,-1.01828742,0.98649919,0.0544870868,0,1.33299983,1.33299983,1.33299983
53.5333333,-0.507874906,0.412710249,0.123765312,-2.15505195,1.52796435,2.09543443,-1.34242666,1.03939843,0.0361106992,0.000846232171,1.33299971,1.33297312,1.33295703,-0.0332958028,-0.0113808885,0.0877499208,-0.151704594,0.195519954,0.251743197,-0.288840115,0.419703871,-0.0771595314,0.00119045097,-0.000392041169,-0.000716815237,-7.54133507e-05,-0.524466753,0.250818014,0.130924493,-2.17656684,1.67904973,2.05749583,-1.01828742,1.0843972,0.0571696088,0,1.33299983,1.33299983,1.33299983
53.6,-0.510400474,0.408620805,0.129611954,-2.16798306,1.54936719,2.10872245,-1.37018239,1.06566501,0.0280107167,0.00108721131,1.33300006,1.33291602,1.33291745,-0.0273425952,-0.146225661,0.0354922563,-0.188638657,0.369775295,0.0453894436,-0.358584911,0.304412842,-0.13594152,2.75904313e-08,-1.32299119e-05,6.91111054e-05,-2.7976479e-05,-0.524466753,0.250818014,0.130924493,-2.17656684,1.67904973,2.05749583,-1.01828742,1.12393093,0.0678358898,0,1.33299983,1.33299983,1.33299983
53.6666667,-0.512488723,0.398136169,0.13236323,-2.18388939,1.56844461,2.12117028,-1.3989495,1.04976809,0.0327964276,0.0010778266,1.33299243,1.33292079,1.33291769,-0.0322540849,-0.16806291,0.0402652808,-0.27172336,0.304523677,0.20878461,-0.431577057,-0.261956543,0.0927296132,4.55765985e-08,-2.87804869e-05,-3.3303193e-05,-3.34660908e-05,-0.524466753,0.250818014,0.130924493,-2.17656684,1.67904973,2.05749583,-1.01828742,1.02655101,0.089180544,0,1.33299983,1.33299983,1.33299983
53.7333333,-0.514403999,0.386707455,0.13437213,-2.20485997,1.59394062,2.13420033,-1.43472862,1.05195761,0.0326315351,0.00110754452,1.33299077,1.33291745,1.33291268,-0.0286859982,-0.174897581,0.0287815984,-0.338861674,0.428400338,0.1824518,-0.585302591,0.0648834407,-0.0757110864,5.1697134e-07,-0.000596782833,-0.000955819502,-0.000278585852,-0.524466753,0.250818014,0.130924493,-2.17656684,1.67904973,2.05749583,-1.01828742,1.10392642,0.111309379,0,1.33299983,1.33299983,1.33299983
53.8,-0.518784344,0.375135273,0.142727122,-2.2250843,1.62579417,2.1479888,-1.46978641,1.0848527,0.0219965279,2.38012694e-06,1.33276594,1.33277249,1.33283675,-0.0866327062,-0.188047856,0.173777863,-0.295701444,0.540291607,0.235006422,-0.610473096,-0.105490096,0.00233382545,0.0172607712,0.0526798815,0.052288007,0.0486717224,-0.524466753,0.250818014,0.130924493,-2.17656684,1.67904973,2.05749583,-1.01828742,1.23421597,0.093372494,0,1.33299983,1.33299983,1.33299983
53.8666667,-0.526443303,0.363909364,0.159299269,-2.2444222,1.65796018,2.16978025,-1.50380802,1.08408701,0.0230390579,-2.89454647e-07,1.33290672,1.33295071,1.33294535,-0.128859192,-0.156598896,0.28483519,-0.291721791,0.454242706,0.371333599,-0.482095093,0.0555036217,0.0816337988,-0.00218365295,0.000307201175,0.000248120748,0.000334065902,-0.524466753,0.250818014,0.130924493,-2.17656684,1.67904973,2.05749583,-1.01828742,1.21973407,0.114715338,0,1.33299983,1.33299983,1.33299983
53.9333333,-0.533941209,0.351755857,0.174713925,-2.26028657,1.68674374,2.1932714,-1.52951288,1.09114838,0.0247759577,2.71740032e-06,1.33299994,1.33270073,1.33271873,-0.11668513,-0.197780997,0.2310801,-0.229706168,0.380363405,0.339130968,-0.34218955,2.40411609e-05,0.0798142105,-0.00250410009,0.000619422761,0.00100470881,0.000302705303,-0.524466753,0.250818014,0.130924493,-2.17656684,1.67904973,2.05749583,-1.01828742,1.24616504,0.1320564,0,1.33299983,1.33299983,1.33299983
54,-0.541683912,0.339851916,0.190440804,-2.27616525,1.71931899,2.21544242,-1.56378758,1.09000003,0.0238529537,5.85958514e-06,1.33299816,1.33268392,1.3327148,-0.110539258,-0.183510438,0.216102555,-0.245665193,0.513971269,0.284854382,-0.540053904,-1.30621484e-05,-0.000137312221,0.000191918749,0.00698533468,0.000104013656,-1.52166394e-05,-0.524466753,0.250818014,0.130924493,-2.17656684,1.67904973,2.05749583,-1.01828742,1.24616504,0.13167116,0,1.33299983,1.33299983,1.33299983
54.0666667,-0.548266113,0.332147598,0.205145895,-2.29152298,1.7589345,2.2386694,-1.60849071,1.08778679,0.0232425146,8.84315199e-08,1.33300054,1.33272672,1.33276212,-0.0850836858,-0.0890869871,0.203329608,-0.205710128,0.713386774,0.246254191,-0.687613547,0.193102762,0.15596354,-1.12784619e-07,9.08307265e-06,0.0643805414,0.0636308044,-0.524466753,0.250818014,0.130924493,-2.17656684,1.67904973,2.05749583,-1.01828742,1.24616504,0.145833001,0,1.33299983,1.33299983,1.33299983
54.1333333,-0.552779078,0.326948941,0.216091499,-2.3037293,1.80216241,2.25492287,-1.65606284,1.08721352,0.0228252504,9.18982914e-06,1.33298826,1.33266962,1.33267999,-0.0574364178,-0.0922660157,0.126620159,-0.19164674,0.591721356,0.149643093,-0.606264591,0.188195542,0.190974593,0.00139813579,-0.000156498572,-0.000111199159,-0.00018625849,-0.524466753,0.250818014,0.130924493,-2.17656684,1.67904973,2.05749583,-1.01828742,1.24616504,0.137011588,0,1.33299983,1.33299983,1.33299983
54.2,-0.556562841,0.317997605,0.222471282,-2.31847906,1.8414588,2.26346684,-1.70064068,1.08962715,0.0240710117,4.00649697e-06,1.33299112,1.33267426,1.33268666,-0.0573039129,-0.157288983,0.0799719021,-0.235637993,0.591680229,0.101858132,-0.688517511,-0.040681079,0.00175741396,0.000418344338,-0.000138442498,-5.47994969e-05,-0.000193701911,-0.524466753,0.250818014,0.130924493,-2.17656684,1.67904973,2.05749583,-1.01828742,1.24616504,0.133062452,0,1.33299983,1.33299983,1.33299983
54.2666667,-0.561119497,0.307630718,0.229339451,-2.33287239,1.87728882,2.27539587,-1.73878002,1.08936501,0.0246192683,1.15800485e-05,1.33244491,1.3321265,1.33215129,-0.0839596465,-0.178314447,0.120933287,-0.224050581,0.505030751,0.153912634,-0.521754503,-3.37750535e-05,-9.37108416e-06,0.00068290229,8.70248186e-06,-0.0013614631,-0.000119693599,-0.524466753,0.250818014,0.130924493,-2.17656684,1.67904973,2.05749583,-1.01828742,1.24616504,0.146963418,0,1.33299983,1.33299983,1.33299983
54.3333333,-0.567472994,0.298258573,0.240695894,-2.34616518,1.91576695,2.28969574,-1.77856231,1.09235537,0.0266953856,9.24327196e-06,1.33214319,1.33177304,1.33187377,-0.112940133,-0.151129693,0.199033439,-0.214197278,0.570312381,0.169280827,-0.585785985,0.0584354028,0.00118971127,0.00149239344,-0.000193172687,-0.00013620258,-0.000231969112,-0.524466753,0.250818014,0.130924493,-2.17656684,1.67904973,2.05749583,-1.01828742,1.24616504,0.140405029,0,1.33299983,1.33299983,1.33299983
54.4,-0.575291336,0.291025519,0.256774992,-2.35515642,1.95729494,2.30854106,-1.81706333,1.09040713,0.0230290517,0.0278143249,1.33246756,1.33223414,1.33248234,-0.117781535,-0.0962699354,0.250508726,-0.0947372243,0.618127525,0.291060567,-0.610398889,-0.227932453,-0.233795896,0.444362015,0.00735564064,-0.000334847777,4.36557457e-09,-0.524466753,0.250818014,0.130924493,-2.17656684,1.67904973,2.05749583,-1.01828742,1.24616504,0.144455895,0.0781337768,1.33299983,1.33299983,1.33299983
54.4666667,-0.581911504,0.287644804,0.272917718,-2.35665274,1.99733913,2.33208346,-1.85138118,1.089293,0.0249463841,0.0924657062,1.3320688,1.33182752,1.3319639,-0.0876216292,-0.0288537238,0.231318995,0.0171506386,0.579905212,0.339537472,-0.499158889,7.00143573e-07,-0.0283108428,0.99754864,-6.49028807e-05,-0.000138943607,1.35478331e-07,-0.524466753,0.250818014,0.130924493,-2.17656684,1.67904973,2.05749583,-1.01828742,1.22648859,0.1562206,0.228704095,1.33299983,1.33299983,1.33299983
54.5333333,-0.587271512,0.287985057,0.28889665,-2.35375428,2.03634596,2.35459495,-1.88787937,1.07442403,0.0288364142,0.158651382,1.33147728,1.33124352,1.33140945,-0.0724330023,0.0234534424,0.237353772,0.0599377453,0.625397742,0.309202731,-0.565359116,-0.087166734,0.0878550634,0.996200144,-1.21087651e-05,-3.13589699e-05,-1.5104888e-08,-0.524466753,0.250818014,0.130924493,-2.17656684,1.67904973,2.05749583,-1.01828742,1.10189617,0.14099279,0.290078253,1.33299983,1.33299983,1.33299983
54.6,-0.590981662,0.290856272,0.303040236,-2.35089374,2.07954836,2.37179637,-1.93309116,1.04190612,0.0307985637,0.214925572,1.33168769,1.33142138,1.33160448,-0.0502142161,-0.095439516,0.0712615401,-0.0639963374,0.432572275,0.0261950288,-0.430701435,-0.404935867,-0.00914943404,0.526592553,0.00284882542,0.00277748005,-0.00340186059,-0.524466753,0.250818014,0.130924493,-2.17656684,1.67904973,2.05749583,-1.01828742,1.00732267,0.153406814,0.312910438,1.33299983,1.33299983,1.33299983
54.6666667,-0.595345616,0.286155879,0.311279058,-2.35692525,2.11459184,2.37922955,-1.97308445,1.01189256,0.0409488678,0.26710999,1.33239675,1.33220875,1.33225751,-0.0793200135,-0.0518817306,0.168398201,-0.102650315,0.598091722,0.0681860149,-0.659031212,-0.316203773,0.439235598,0.742349029,0.0652109906,0.0688640699,0.0602117777,-0.524466753,0.250818014,0.130924493,-2.17656684,1.67904973,2.05749583,-1.01828742,0.961635113,0.163493231,0.357714951,1.33299983,1.33299983,1.33299983
54.7333333,-0.60067755,0.28302148,0.322868735,-2.36426902,2.15762496,2.38638544,-2.02222443,0.97010839,0.0414698645,0.27561295,1.33257246,1.33253407,1.33263361,-0.0708477423,-0.0318655297,0.168023825,-0.0973593518,0.678692341,0.104439363,-0.722411036,-0.535864413,5.66826202e-05,0.106505238,4.33910463e-05,-0.00680069299,-1.49797415e-07,-0.524466753,0.250818014,0.130924493,-2.17656684,1.67904973,2.05749583,-1.01828742,0.886702776,0.168166026,0.296531379,1.33299983,1.33299983,1.33299983
54.8,-0.605648696,0.27994895,0.333270431,-2.37261653,2.19887352,2.39219379,-2.07056689,0.918226182,0.0432343706,0.259731591,1.33228695,1.33219898,1.33234739,-0.0801083669,-0.0932421759,0.119013354,-0.181460395,0.562771797,0.0134938229,-0.659872293,-0.701556504,0.148205414,-0.215589896,0.000775262248,-7.49373576e-05,4.8741349e-06,-0.524466753,0.250818014,0.130924493,-2.17656684,1.67904973,2.05749583,-1.01828742,0.825820327,0.175485089,0.266551495,1.33299983,1.33299983,1.33299983
54.8666667,-0.611671805,0.273267388,0.342357814,-2.38509631,2.24103403,2.39267492,-2.11705256,0.880905271,0.0451749414,0.248567641,1.33200991,1.33192372,1.33207726,-0.106279284,-0.100757293,0.169497043,-0.19370684,0.683157504,-0.0104924142,-0.710826218,-0.354415923,0.0990474895,-0.134305835,-9.34845302e-05,-0.000215459964,1.02387276e-07,-0.524466753,0.250818014,0.130924493,-2.17656684,1.67904973,2.05749583,-1.01828742,0.830073714,0.167263404,0.260282367,1.33299983,1.33299983,1.33299983
54.9333333,-0.61833477,0.266533583,0.353064746,-2.39608526,2.29029226,2.39269686,-2.16801691,0.852308989,0.0474073589,0.287162811,1.3324703,1.33246768,1.33247399,-0.105666861,-0.0988646373,0.169719785,-0.152506545,0.681795895,0.0101644201,-0.698260784,-0.351970851,0.000895500183,0.626532376,-0.000300120795,-0.000627532834,5.73112629e-07,-0.524466753,0.250818014,0.130924493,-2.17656684,1.67904973,2.05749583,-1.01828742,0.806384742,0.163916424,0.376699835,1.33299983,1.33299983,1.33299983
55,-0.623988748,0.260543585,0.361728877,-2.40603089,2.3325789,2.39123702,-2.21016693,0.825700462,0.0470367521,0.325247169,1.33232462,1.33230352,1.33232486,-0.0780665725,-0.0721698478,0.12842454,-0.141950279,0.607282519,-0.0459890142,-0.592207134,-0.316143006,-0.113944218,0.50091517,-8.08577752e-05,-0.000170931395,1.76834874e-07,-0.524466753,0.250818014,0.130924493,-2.17656684,1.67904973,2.05749583,-1.01828742,0.760561824,0.172032282,0.399434566,1.33299983,1.33299983,1.33299983
55.0666667,-0.628794789,0.255962104,0.369704276,-2.41577315,2.37483764,2.38650537,-2.2536242,0.800910056,0.0381446071,0.343268156,1.33208811,1.3320688,1.33209586,-0.0696503147,-0.0648969337,0.116655864,-0.161246836,0.647990584,-0.100378007,-0.659571707,-0.308795869,-0.112548925,0.227413595,-0.000163952122,-0.000325322151,-1.69458799e-05,-0.524466753,0.250818014,0.130924493,-2.17656684,1.67904973,2.05749583,-1.01828742,0.723330736,0.171328455,0.424067855,1.33299983,1.33299983,1.33299983
55.1333333,-0.630343497,0.252783954,0.371984363,-2.42790961,2.41649532,2.37275362,-2.29184341,0.777130246,0.0344994329,0.355644524,1.33243799,1.33231807,1.33235788,-0.00133708853,-0.0339938477,-0.00232849526,-0.207695663,0.601025641,-0.281142473,-0.557359397,-0.328285426,6.2729232e-05,0.189738214,-0.000148445368,-0.000299685868,-1.53197907e-05,-0.524466753,0.250818014,0.130924493,-2.17656684,1.67904973,2.05749583,-1.01828742,0.693080544,0.178054571,0.428463638,1.33299983,1.33299983,1.33299983
55.2,-0.629544318,0.2510961,0.37077713,-2.44097972,2.45893669,2.35210609,-2.33134174,0.757173777,0.0305939652,0.375502706,1.33222926,1.33206272,1.33216417,0.00909809303,-0.0192990135,-0.00776843214,-0.187925071,0.620521426,-0.308962673,-0.583051622,-0.234854653,-0.145631373,0.318147957,-0.000468585175,-0.00066675758,-0.00739229843,-0.524466753,0.250818014,0.130924493,-2.17656684,1.67904973,2.05749583,-1.01828742,0.669724405,0.175596938,0.479404688,1.33299983,1.33299983,1.33299983
55.2666667,-0.631308973,0.248296291,0.373157173,-2.45382857,2.4923656,2.33619308,-2.36349297,0.749368906,0.0279039647,0.368093222,1.33214653,1.33199,1.33148777,-0.0578241125,-0.0554908141,0.0837324709,-0.205199197,0.472120255,-0.20298776,-0.416280627,0.0364747792,-0.000102087855,-0.0907284319,2.58220825e-06,-4.61692689e-05,-4.19095159e-09,-0.524466753,0.250818014,0.130924493,-2.17656684,1.67904973,2.05749583,-1.01828742,0.649525344,0.153136611,0.387365937,1.33299983,1.33299983,1.33299983
55.3333333,-0.634648204,0.243347436,0.376311928,-2.47157335,2.52285862,2.31650829,-2.3895905,0.746903002,0.0293759201,0.330303073,1.33235919,1.33218634,1.33168375,-0.0262700245,-0.0368863009,0.0378834568,-0.262427807,0.541528702,-0.297748297,-0.48143217,-0.187334478,-0.000256096944,-0.484605044,6.03145454e-05,0.000123158155,-1.57859176e-07,-0.524466753,0.250818014,0.130924493,-2.17656684,1.67904973,2.05749583,-1.01828742,0.633113623,0.163273677,0.308842748,1.33299983,1.33299983,1.33299983
55.4,-0.633668244,0.242651254,0.375174224,-2.4892869,2.56273317,2.28802586,-2.41821504,0.73726356,0.0268615056,0.321511984,1.33244205,1.33225548,1.33176911,0.024188159,-0.00542989001,-0.0341135859,-0.266815275,0.560085237,-0.469080985,-0.421717972,-0.221593693,-0.00278874766,-8.59145075e-07,0.000297616702,0.000255192979,0.0020630667,-0.524466753,0.250818014,0.130924493,-2.17656684,1.67904973,2.05749583,-1.01828742,0.61977905,0.149748102,0.348381221,1.33299983,1.33299983,1.33299983
55.4666667,-0.630216777,0.24010554,0.366560578,-2.51260448,2.59074688,2.25175667,-2.43617463,0.736784101,0.0256461371,0.27005899,1.33270884,1.33246565,1.33198571,0.0686003268,-0.0441781245,-0.169732437,-0.383107543,0.416153103,-0.655725718,-0.281499714,-0.0821356177,0.112943679,-0.579071105,0.0566323102,0.0557873808,0.0545871556,-0.524466753,0.250818014,0.130924493,-2.17656684,1.67904973,2.05749583,-1.01828742,0.608944774,0.14815177,0.223828346,1.33299983,1.33299983,1.33299983
55.5333333,-0.623406112,0.240953937,0.354022413,-2.5361259,2.61795187,2.2111032,-2.45462584,0.736205578,0.0261458717,0.228260547,1.33296871,1.33272183,1.33224201,0.11617095,0.0453998931,-0.19107376,-0.348772138,0.389378309,-0.649352789,-0.301133722,-0.121186554,0.153963819,-0.392552644,0.00365379918,0.00451076403,-0.00101069338,-0.524466753,0.250818014,0.130924493,-2.17656684,1.67904973,2.05749583,-1.01828742,0.600141883,0.143968955,0.197989523,1.33299983,1.33299983,1.33299983
55.6,-0.616012931,0.245886505,0.343762815,-2.55641532,2.6482811,2.16600847,-2.47379541,0.730034232,0.0266769975,0.23636964,1.33265328,1.33265555,1.33265638,0.0886537954,0.0891819596,-0.0981108546,-0.277130395,0.456266671,-0.667789519,-0.260333329,-0.123638593,7.24371057e-05,0.21022974,-1.96422916e-05,-5.60411718e-05,8.97562131e-08,-0.524466753,0.250818014,0.130924493,-2.17656684,1.67904973,2.05749583,-1.01828742,0.592989564,0.155824959,0.273700535,1.33299983,1.33299983,1.33299983
55.6666667,-0.608732998,0.252969891,0.335586846,-2.57219791,2.68243837,2.12069225,-2.49277282,0.723869026,0.0218670871,0.278814286,1.33232319,1.33232617,1.33232641,0.11585585,0.127110884,-0.121312894,-0.189846277,0.476371735,-0.651346445,-0.239394858,3.34010692e-05,0.000342949759,0.708609223,-0.000132746878,-0.000266448129,-3.56987584e-06,-0.524466753,0.250818014,0.130924493,-2.17656684,1.67904973,2.05749583,-1.01828742,0.58717829,0.138276577,0.387602091,1.33299983,1.33299983,1.33299983
55.7333333,-0.600482643,0.261588007,0.326386809,-2.58220911,2.71184731,2.07907915,-2.50686812,0.724337041,0.0175212286,0.338270247,1.33274055,1.33274174,1.33269191,0.119505584,0.127271026,-0.135281995,-0.130579785,0.379664481,-0.584484518,-0.165700868,5.69616968e-05,0.000302057713,0.93619287,-0.000380482525,-0.000556603889,0.00326611754,-0.524466753,0.250818014,0.130924493,-2.17656684,1.67904973,2.05749583,-1.01828742,0.582456589,0.132953182,0.480147064,1.33299983,1.33299983,1.33299983
55.8,-0.592515647,0.27047348,0.317400813,-2.58950996,2.73379421,2.04237819,-2.51677394,0.725036263,0.0161513798,0.388805598,1.33236051,1.33236015,1.3323195,0.111213036,0.138912469,-0.120342121,-0.0973372161,0.228228509,-0.506835639,-0.10859219,3.25334404e-05,-0.240719765,0.68630451,-0.000141361379,-0.00029207638,-8.91683158e-06,-0.524466753,0.250818014,0.130924493,-2.17656684,1.67904973,2.05749583,-1.01828742,0.578620255,0.134022921,0.488706052,1.33299983,1.33299983,1.33299983
55.8666667,-0.590763569,0.278213888,0.31310302,-2.58872461,2.7345624,2.02894425,-2.50735283,0.74298656,-2.91873698e-06,0.379963756,1.32525313,1.32510233,1.32499731,0.0568330884,0.104457565,-0.124254696,0.0528170206,-0.118244641,-0.137627468,0.247671798,0.0507240631,6.0873208e-07,-0.368014723,-0.0741940662,-0.0751071349,-0.0738011152,-0.590377629,0.278006166,0.314095199,-2.58726716,2.73075008,2.03271508,-2.50487685,0.732907772,0.0157423392,0.381134331,1.33299983,1.33299983,1.33299983
55.9333333,-0.585832059,0.288911462,0.300685883,-2.58576417,2.71970153,2.01335502,-2.48074603,0.750160635,-8.70019812e-06,0.364485472,1.32480824,1.32465184,1.32454443,0.0808688179,0.241958961,-0.234762803,0.0277200844,-0.263826519,-0.399679005,0.516311824,0.113054544,2.53243416e-05,-0.245287254,-4.30719956e-06,-5.07201185e-06,1.47047103e-08,-0.584481716,0.298778206,0.304891795,-2.58101201,2.72212148,2.00610447,-2.47191477,0.754614055,0.0146261435,0.359980255,1.33299983,1.33299983,1.33299983
56,-0.579798102,0.312836707,0.282176197,-2.58347511,2.70112395,1.97569561,-2.43452311,0.761858523,-9.08465427e-06,0.345750481,1.32480824,1.32465172,1.32453239,0.098880291,0.467502475,-0.321798682,0.0378172733,-0.290313214,-0.728646338,0.877064466,0.229741052,-0.000113262664,-0.330979407,-0.000143347366,-0.000310254429,3.18468665e-07,-0.575605631,0.330050349,0.290860981,-2.57145405,2.70866275,1.96611595,-2.42198443,0.787292778,0.0129691819,0.328132927,1.33299983,1.33299983,1.33299983
56.0666667,-0.572935343,0.35040769,0.259554982,-2.57952929,2.68173242,1.92007422,-2.36543417,0.780426383,-9.17703255e-06,0.320143521,1.32480466,1.32464373,1.32450688,0.124130882,0.654391885,-0.357166052,0.0935667157,-0.283628941,-0.914071083,1.16645849,0.32956925,-0.000329731411,-0.438980401,-9.80867262e-05,-0.000220760412,2.07233825e-07,-0.564526677,0.369083464,0.273073167,-2.55930376,2.69112992,1.91631794,-2.35917997,0.828081489,0.0109378444,0.288381875,1.33299983,1.33299983,1.33299983
56.1333333,-0.563376784,0.398713648,0.235785067,-2.57024288,2.66272283,1.85730183,-2.28349614,0.806340396,-7.84358053e-06,0.287463546,1.32480478,1.32463741,1.3244791,0.171809003,0.770492613,-0.367180735,0.176830456,-0.291961402,-0.970737219,1.27378047,0.431151062,0.000449015846,-0.542928338,-1.33172289e-05,-4.77716058e-05,2.35741027e-08,-0.552022278,0.41313839,0.252598643,-2.54527044,2.67027712,1.8602792,-2.28759742,0.874117911,0.00869851932,0.243516639,1.33299983,1.33299983,1.33299983
56.2,-0.549546361,0.454293042,0.214407504,-2.55168223,2.64417839,1.79776978,-2.20120406,0.843409717,3.32826748e-05,0.250021756,1.32439351,1.32421231,1.32403314,0.23587428,0.871482849,-0.292579442,0.363164365,-0.242562592,-0.828428686,1.17741549,0.672394156,-0.00284684519,-0.540936649,3.60785198e-05,5.60663175e-05,-6.23404048e-08,-0.538870096,0.459475964,0.230507791,-2.53006411,2.64686108,1.80156898,-2.21133256,0.922539771,0.00641759811,0.196326792,1.33299983,1.33299983,1.33299983
56.2666667,-0.532152236,0.510335684,0.197829321,-2.52668381,2.62229013,1.74253368,-2.12500453,0.890942872,0.000489547499,0.2089995,1.32376432,1.32352531,1.32330692,0.290323228,0.804286659,-0.227319375,0.397656918,-0.335800469,-0.782572925,1.08679557,0.769254506,0.0579061657,-0.609890461,0.00718926219,0.000417286763,-6.72356691e-07,-0.525847435,0.505356967,0.20787093,-2.51439452,2.62163496,1.74375546,-2.13448,0.970484376,0.004261469,0.149601862,1.33299983,1.33299983,1.33299983
56.3333333,-0.513448119,0.558036923,0.182013527,-2.5031538,2.59956527,1.68975842,-2.05529284,0.941828966,-2.16571436e-07,0.168512002,1.32633138,1.33040845,1.32588065,0.252017915,0.557281792,-0.401673347,0.213534057,-0.185015574,-0.943518937,1.02154052,0.720209062,-1.21155608e-07,-0.58303076,0.283816159,0.794045269,0.285811663,-0.513731837,0.548042357,0.185758457,-2.49897194,2.59535527,1.69040847,-2.06113601,1.01508951,0.00239652046,0.106131405,1.33299983,1.33299983,1.33299983
56.4,-0.506528318,0.590022564,0.160787553,-2.48846245,2.57369375,1.64106834,-1.9895196,0.988125026,3.10878095e-05,0.126941696,1.3312453,1.33300018,1.33111203,0.0894698352,0.431525886,-0.304347128,0.240169004,-0.43574968,-0.614390075,0.931330264,0.648144662,0.0002374748,-0.582678318,2.85308415e-05,5.80924971e-05,-8.35352694e-08,-0.503300726,0.584792852,0.16524066,-2.48450589,2.56877661,1.64509606,-1.99539542,1.05349302,0.000989143504,0.0687049776,1.33299983,1.33299983,1.33299983
56.4666667,-0.50015825,0.6159091,0.141600147,-2.47260666,2.54585099,1.6054523,-1.93410027,1.02774656,5.18625275e-05,0.08988823,1.33124292,1.33300042,1.33111203,0.0876423493,0.337218761,-0.259579003,0.224603593,-0.389162183,-0.454846621,0.723802388,0.536635399,0.000291002681,-0.506413579,-1.1464017e-06,1.04466499e-05,2.88564479e-08,-0.495331675,0.612869263,0.147387907,-2.47170639,2.54265404,1.61138749,-1.94135368,1.08283234,0.00020572661,0.0401121117,1.33299983,1.33299983,1.33299983
56.5333333,-0.495746881,0.633810103,0.126704916,-2.45930767,2.52084136,1.58287716,-1.89369094,1.05908549,8.31581492e-05,0.0591265596,1.33124232,1.33300006,1.33112669,0.0577162951,0.200350791,-0.195269555,0.177568704,-0.350724697,-0.232467517,0.505846798,0.408384055,0.000218846806,-0.408143371,-2.31420418e-05,-2.82683977e-05,2.25030817e-07,-0.490353674,0.630407512,0.132907405,-2.46117496,2.5173254,1.59180152,-1.90172267,1.10115945,9.99999975e-05,0.0222512539,1.33299983,1.33299983,1.33299983
56.6,-0.492048115,0.64345634,0.114402749,-2.44832826,2.49689102,1.57362449,-1.86502087,1.08009839,-6.08357482e-07,0.0312744454,1.33127213,1.33300149,1.33118129,0.051077947,0.0988511741,-0.171554878,0.145283818,-0.357056677,-0.0670042187,0.325579077,0.0310246609,0.000197674424,-0.454357952,-9.07080248e-05,-0.000161719625,-3.76952812e-07,-0.487265408,0.641288102,0.120174602,-2.45251012,2.49082136,1.58174109,-1.87031496,1.1125294,9.99999975e-05,0.0111705512,1.33299983,1.33299983,1.33299983
56.6666667,-0.489354908,0.647764564,0.10307581,-2.43868589,2.47032261,1.57331336,-1.84252155,1.08110332,1.84367821e-07,0.0167120174,1.33128285,1.3281492,1.33121657,0.0251728743,0.0374525301,-0.162109807,0.145156652,-0.431367695,0.0512306504,0.329996973,1.57245358e-06,-3.1160831e-05,-0.137433454,-1.57386385e-05,-0.132087886,2.92347977e-08,-0.485602498,0.647146881,0.108577795,-2.44513416,2.46291971,1.5789578,-1.84478295,1.11865163,0.000100000005,0.00520401727,1.33299983,1.33299983,1.33299983
56.7333333,-0.488410234,0.648711264,0.0927762762,-2.43025565,2.44014764,1.57843602,-1.82232392,1.08039629,-4.8855901e-07,0.00954190921,1.3312794,1.32078171,1.33121657,0.00599183608,-0.00983120687,-0.147431612,0.096187219,-0.480754286,0.0937490463,0.278633475,3.49603397e-07,-0.000208685291,-0.0842860863,6.15880708e-07,-0.0565780811,1.89393177e-07,-0.485105753,0.648896873,0.0978111774,-2.43852568,2.43379307,1.58204603,-1.82394254,1.12048042,9.99999975e-05,0.00342180673,1.33299983,1.33299983,1.33299983
56.8,-0.488247037,0.646783888,0.083559826,-2.4253943,2.40872884,1.58605623,-1.80513144,1.08092785,2.64466905e-07,0.00681164861,1.33135426,1.32059813,1.33154976,-0.00393490214,-0.0431173705,-0.134408861,0.0759600252,-0.429951966,0.136723906,0.242441654,-3.9991246e-06,-0.00105907908,-5.70689735e-08,-4.52726381e-05,-4.4118904e-05,-2.78356893e-05,-0.485516071,0.647451282,0.0875689387,-2.43216467,2.40361214,1.58960032,-1.80661058,1.1189698,0.000100000005,0.0048940694,1.33299983,1.33299983,1.33299983
56.8666667,-0.488847524,0.643170416,0.0745990649,-2.42058468,2.37739563,1.59695065,-1.79008639,1.08013976,1.00161138e-07,0.00667286664,1.33134043,1.32054377,1.33154285,-0.0110379476,-0.0642215237,-0.136161074,0.072877951,-0.489861935,0.183904484,0.202416852,-0.0618729927,-1.87581754e-05,-0.000480335962,-0.00546645839,-0.000166552491,5.74430451e-05,-0.486574292,0.643722892,0.0775451884,-2.42552876,2.37254858,1.60021496,-1.79160273,1.11507368,9.99999902e-05,0.00869095232,1.33299983,1.33299983,1.33299983
56.9333333,-0.489449292,0.638528049,0.0655858964,-2.41587234,2.34384131,1.61032033,-1.77643442,1.08051276,-2.86020099e-06,0.00855659228,1.33132052,1.32047904,1.33151805,-0.0053992318,-0.0733050033,-0.137825489,0.0819452256,-0.473410845,0.205480322,0.201321349,-0.000104901264,0.000374562573,0.0767717212,0.000737765804,0.00120757218,0.00709940027,-0.488021255,0.638625026,0.0674341321,-2.41809773,2.34077454,1.61248469,-1.77773583,1.10974658,0.000100000005,0.0138826119,1.33299983,1.33299983,1.33299983
57,-0.489918947,0.633655131,0.0564192235,-2.41001463,2.31008577,1.62439179,-1.76302278,1.08008909,-1.24993875e-07,0.0125005133,1.33131886,1.3204174,1.33149159,-0.00482203951,-0.0710769445,-0.140371323,0.0972556397,-0.515870273,0.209366396,0.206268489,-1.32191926e-05,-6.91315654e-05,0.0634660944,2.15068576e-06,1.23707578e-05,-7.69129256e-05,-0.489597827,0.633070588,0.0569299273,-2.4093504,2.30846095,1.62500358,-1.76382577,1.10394239,9.99999975e-05,0.0195391942,1.33299983,1.33299983,1.33299983
57.0666667,-0.490150899,0.629308224,0.0467719734,-2.40204072,2.27650881,1.6372925,-1.74816751,1.08003187,9.49281912e-07,0.0167378504,1.33190012,1.32109535,1.3317914,-0.00718123745,-0.0592865609,-0.145920888,0.162719354,-0.452047646,0.165860713,0.254888326,-1.99063034e-05,-0.00217048614,0.0588350743,0.0504163839,0.0668677241,5.84015652e-07,-0.49104479,0.627972722,0.045726724,-2.39876533,2.27577949,1.63636601,-1.74868894,1.09861505,9.99999975e-05,0.0247308519,1.33299983,1.33299983,1.33299983
57.1333333,-0.490586609,0.62588799,0.0358034261,-2.38951492,2.24378204,1.64701784,-1.73033762,1.07969224,9.68293037e-08,0.0212533195,1.33218944,1.32553434,1.33201838,-0.00323775108,-0.0454562381,-0.186173901,0.203357935,-0.52938956,0.113443032,0.269272983,-0.0438848808,6.32351075e-05,0.0748395175,6.61854574e-06,0.0615548268,8.36771505e-08,-0.49210301,0.624244392,0.0335186943,-2.3858223,2.24290228,1.64516675,-1.73114157,1.09471905,0.000100000005,0.0285277367,1.33299983,1.33299983,1.33299983
57.2,-0.490656585,0.623600066,0.0225013047,-2.37441325,2.20918655,1.65215182,-1.71020234,1.07936287,9.70406191e-08,0.0252684001,1.33220196,1.33088875,1.33201861,0.00188163179,-0.0194447637,-0.21389699,0.254024506,-0.508135915,0.041513741,0.332211196,1.83838642e-06,-0.000120104407,0.0514501967,-4.22503217e-06,0.089427948,6.09870767e-08,-0.492513329,0.622798741,0.0199999996,-2.36999989,2.21000004,1.64999998,-1.70999992,1.09320843,9.99999975e-05,0.0299999993,1.33299983,1.33299983,1.33299983
57.2666667,-0.490621388,0.623554111,0.00768809672,-2.35482454,2.17479706,1.65430164,-1.68544281,1.07934833,4.97694998e-07,0.0267491695,1.3322289,1.33299971,1.33202744,0.00107239699,0.0143894441,-0.231313184,0.333233327,-0.52328372,0.0401305258,0.408533782,0.000582240522,-0.00272192876,0.0515230559,0.00345437368,0.0035999734,0.00318645337,-0.492513359,0.622798741,0.00446537742,-2.34995437,2.17597246,1.65379548,-1.68491304,1.09320843,0.000100000005,0.0299999993,1.33299983,1.33299983,1.33299983
57.3333333,-0.490274906,0.624998868,-0.00857718755,-2.33029199,2.13880372,1.65836716,-1.65640736,1.07934117,2.31407554e-07,0.0277225655,1.33225048,1.3330003,1.33205044,0.00928468909,0.0231506359,-0.257403463,0.396102548,-0.553729713,0.0850981921,0.454788148,8.81268534e-07,-0.000100660254,-2.07510311e-08,-1.98121998e-05,-3.15558536e-05,-9.26913344e-06,-0.492513329,0.622798741,-0.0131715517,-2.32545638,2.1400013,1.659729,-1.65692353,1.09320843,9.99999975e-05,0.0299999993,1.33299983,1.33299983,1.33299983
57.4,-0.489553362,0.62626946,-0.0265519191,-2.302495,2.10099912,1.66514373,-1.62543952,1.07934165,6.26176927e-07,0.0281921346,1.33226645,1.33300018,1.33206868,0.0108549707,0.0118710641,-0.281204432,0.432913512,-0.57013762,0.115644716,0.468156934,-2.59097123e-06,0.000138898453,-6.82775863e-08,-3.44340224e-05,-4.61823074e-05,4.99455564e-05,-0.492513359,0.622798741,-0.0322882943,-2.2976563,2.10268211,1.6667639,-1.6269387,1.09320843,9.99999975e-05,0.0299999993,1.33299983,1.33299983,1.33299983
57.4666667,-0.489103585,0.626645744,-0.045980189,-2.27262282,2.06290793,1.67280114,-1.59408951,1.07934165,7.78529028e-08,0.0282192659,1.33226645,1.33300018,1.33206892,0.00208383822,-0.00156968797,-0.302396417,0.461173773,-0.573897898,0.112288654,0.471133173,-3.14203862e-06,-1.00609323e-05,7.50878826e-09,-3.48043977e-05,-3.88419357e-05,1.74358938e-05,-0.492513329,0.622798741,-0.0522623584,-2.26770449,2.06461191,1.67386365,-1.59586549,1.09320843,0.000100000005,0.0300000012,1.33299983,1.33299983,1.33299983
57.5333333,-0.489364892,0.626275063,-0.066700682,-2.24100709,2.02462316,1.67940342,-1.56282866,1.07934153,-7.85562264e-08,0.0284481123,1.332268,1.33299994,1.33207178,-0.00920183863,-0.010917956,-0.319011897,0.48338145,-0.573425651,0.0864172056,0.463838667,-2.81083885e-06,-3.84847226e-07,-8.34406819e-08,-4.601611e-05,-4.48749124e-05,8.25728202e-05,-0.492513299,0.622798681,-0.0724712461,-2.2367506,2.02638578,1.67999125,-1.5646106,1.09320831,9.99999902e-05,0.0299999975,1.33299983,1.33299983,1.33299983
57.6,-0.490349442,0.625349164,-0.0881950334,-2.20842481,1.98717427,1.6839211,-1.53258932,1.07932699,-5.41476084e-07,0.0291565228,1.3322655,1.33300114,1.33207726,-0.0192847662,-0.0188198052,-0.32601741,0.488722861,-0.554004312,0.0497300662,0.441890001,-0.000601640728,0.00247212127,6.37024641e-06,-0.00349244243,-0.003654995,-0.00169070973,-0.492513359,0.6227988,-0.0922924727,-2.20594525,1.98860061,1.68411088,-1.53408158,1.09320843,0.000100000005,0.0300000012,1.33299983,1.33299983,1.33299983
57.6666667,-0.491935432,0.623908937,-0.109791845,-2.17624307,1.95111966,1.68557966,-1.50423217,1.07932699,2.58904509e-10,0.0291809775,1.3322655,1.33299994,1.33207691,-0.0269930493,-0.0263456982,-0.321295083,0.470390052,-0.529426873,0.000701869023,0.407193452,-2.84435782e-06,2.05824563e-05,6.0943421e-08,-2.51666534e-05,-2.2627064e-05,1.27583917e-06,-0.492513299,0.622798681,-0.11110352,-2.17643857,1.95185173,1.68518519,-1.50518513,1.09320843,9.99999975e-05,0.0299999975,1.33299983,1.33299983,1.33299983
57.7333333,-0.493926674,0.622024536,-0.130616799,-2.14611149,1.91680861,1.68350947,-1.47859931,1.07932699,3.42298051e-07,0.0291984621,1.3322655,1.33299971,1.33207893,-0.0314234383,-0.0315175354,-0.302417397,0.427646637,-0.500922918,-0.0626813918,0.360653341,5.10396276e-05,0.000537066488,1.79570634e-08,-0.000445635931,-0.000439169875,-0.00362256775,-0.492513359,0.622798741,-0.128281951,-2.14938116,1.91673589,1.6821779,-1.47882831,1.09320843,0.000100000005,0.0300000012,1.33299983,1.33299983,1.33299983
57.8,-0.49609679,0.619927764,-0.149671227,-2.11959767,1.88463795,1.67669177,-1.45646513,1.07932699,7.5727263e-07,0.0292066578,1.33226442,1.33299005,1.33208323,-0.0325080305,-0.0321719311,-0.267805636,0.362589031,-0.464267969,-0.142179146,0.302239478,7.85256816e-07,0.00014152666,5.17575245e-08,-1.9078996e-05,-1.83248776e-05,-4.11948713e-06,-0.492513329,0.622798741,-0.143205196,-2.12592268,1.88384831,1.67405236,-1.45591831,1.09320843,9.99999975e-05,0.0299999993,1.33299983,1.33299983,1.33299983
57.8666667,-0.498238951,0.617928863,-0.165905222,-2.09812307,1.85524583,1.66400659,-1.43863702,1.07932699,9.47871001e-07,0.0292045604,1.33226442,1.33296049,1.33208323,-0.0308567006,-0.028288655,-0.217775404,0.277367532,-0.418118477,-0.23920691,0.231792033,1.5247532e-06,0.000182960765,-1.20708137e-07,-3.83128281e-06,-3.80308484e-06,4.91638639e-06,-0.492513329,0.622798741,-0.155250832,-2.10721374,1.85378575,1.65977216,-1.43736207,1.09320843,9.99999975e-05,0.0299999975,1.33299983,1.33299983,1.33299983
57.9333333,-0.500001669,0.616384864,-0.178675234,-2.08290792,1.82896495,1.64367437,-1.42595983,1.07932699,5.58550653e-07,0.0291924216,1.33226442,1.33293164,1.33208323,-0.0166467428,-0.0135603733,-0.17446208,0.179514334,-0.379440755,-0.395378351,0.145727351,2.44055445e-06,3.25095607e-05,-7.32834451e-08,1.58492658e-05,1.66914979e-05,1.49887383e-05,-0.492484927,0.623129547,-0.164145961,-2.09410048,1.82679784,1.63695538,-1.42431915,1.09321463,0.000100052159,0.0298358276,1.33299983,1.33299983,1.33299983
58,-0.500767469,0.617000401,-0.189072683,-2.07352495,1.80400443,1.6086489,-1.41986632,1.0792917,9.5142434e-07,0.0291695856,1.33226442,1.33290327,1.33208132,-0.00922475196,0.035003487,-0.133131519,0.106007449,-0.36983639,-0.654170334,0.0401512347,2.60336083e-06,0.000122746438,2.0468724e-07,3.70885537e-05,4.2740663e-05,2.36771593e-05,-0.492283165,0.625478089,-0.171541557,-2.08527946,1.80124676,1.59852254,-1.41827166,1.09325886,0.000100422476,0.0286702234,1.33299983,1.33299983,1.33299983
58.0666667,-0.501131713,0.621128082,-0.196146831,-2.06843448,1.78000426,1.55754304,-1.42021894,1.07914174,6.40216001e-07,0.028427247,1.33225918,1.33287656,1.33205175,0.000389846362,0.0853477344,-0.0785009786,0.0460657552,-0.34773472,-0.861852109,-0.0400379263,2.30744481e-05,-0.000379832694,-4.47616912e-08,-0.000103679253,-0.000292059733,4.13320959e-06,-0.491945058,0.62941438,-0.177613333,-2.07997918,1.77697861,1.54727161,-1.41797233,1.09333301,0.000101043166,0.026716603,1.33299983,1.33299983,1.33299983
58.1333333,-0.500487089,0.627872705,-0.199449971,-2.06737351,1.75745153,1.49587905,-1.42469037,1.07914174,1.47966432e-06,0.0262850691,1.33224595,1.33285093,1.33202195,0.0200003274,0.111630209,-0.0213858373,-0.0155749843,-0.326624542,-0.972447693,-0.0858345553,-0.000573322584,0.0024258676,-0.0724726468,-0.0032365243,-0.00324441236,-0.00299451035,-0.491538674,0.634144485,-0.182206824,-2.07766461,1.75416827,1.48757088,-1.42181671,1.09342217,0.000101789017,0.0243689697,1.33299983,1.33299983,1.33299983
58.2,-0.498488516,0.63552177,-0.198981404,-2.07024074,1.73604,1.42966628,-1.43112314,1.07914221,1.78277207e-06,0.0244325232,1.33222532,1.33283484,1.33198559,0.0396928936,0.113445237,0.0333722532,-0.0697338432,-0.312051654,-1.00339925,-0.100758359,3.69250774e-05,-0.00507412525,-4.36266419e-08,-0.00735777058,-0.00021525682,3.30661424e-05,-0.491132408,0.638874769,-0.185167715,-2.0777986,1.73299074,1.42378855,-1.4282012,1.09351122,0.00010253489,0.0220213439,1.33299983,1.33299983,1.33299983
58.2666667,-0.49543038,0.642643511,-0.195005566,-2.076123,1.7156601,1.36358297,-1.43784297,1.07914257,3.64880151e-07,0.0226218756,1.33220589,1.33281732,1.33195329,0.0510984957,0.0965827629,0.0822615698,-0.104665935,-0.296402276,-0.971721947,-0.0951064527,-0.000595179328,0.00250674225,-0.049931515,-0.00330277393,-0.00344573543,-0.00309896027,-0.490794241,0.642811,-0.186341494,-2.07984567,1.71362054,1.36029279,-1.43552089,1.09358525,0.000103155558,0.0200677179,1.33299983,1.33299983,1.33299983
58.3333333,-0.491984993,0.648045719,-0.188069075,-2.08367896,1.69685543,1.30173492,-1.4434433,1.07914269,8.37145649e-07,0.0213241056,1.33218813,1.33281338,1.3319242,0.0516631491,0.0620018803,0.12085066,-0.119732089,-0.269274116,-0.877043307,-0.0692196414,-3.6833284e-05,0.000664724968,-0.0503441878,0.000187766738,0.00038128905,-3.7276186e-07,-0.49059251,0.645159602,-0.185573846,-2.08326888,1.69623268,1.3014518,-1.44217181,1.09362972,0.00010352589,0.0189021155,1.33299983,1.33299983,1.33299983
58.4,-0.488842875,0.650537014,-0.178985298,-2.09166598,1.68010914,1.24844134,-1.44665444,1.07914281,-6.18247498e-08,0.0211608093,1.33218777,1.33281374,1.33191621,0.042319186,0.00966386497,0.146820366,-0.118480675,-0.233803377,-0.714119256,-0.024000559,-1.99338956e-07,2.97613278e-05,3.07962182e-07,-1.06137304e-05,-1.37874595e-05,-1.23345653e-05,-0.4905954,0.645126522,-0.18271026,-2.08753252,1.68100202,1.25163376,-1.4465493,1.093629,0.000103520673,0.018918531,1.33299983,1.33299983,1.33299983
58.4666667,-0.486568421,0.649035633,-0.168606341,-2.09900832,1.66530657,1.2081567,-1.44628656,1.07914281,-6.48171408e-07,0.0211801659,1.33219111,1.3328253,1.33192146,0.0266317111,-0.0574132949,0.161806837,-0.101130269,-0.206088781,-0.485024899,0.0400207601,3.96955329e-07,0.000104259758,-1.49797415e-07,-3.57389799e-05,-5.02580369e-05,-1.96497422e-05,-0.490870982,0.641917944,-0.177596375,-2.09209967,1.66810286,1.21520698,-1.44704938,1.09356856,0.00010301474,0.020510979,1.33299983,1.33299983,1.33299983
58.5333333,-0.485578597,0.642589033,-0.157245651,-2.10517621,1.65411973,1.1860075,-1.44069016,1.07900739,-6.24655343e-07,0.0216084141,1.33222246,1.33285689,1.33195436,0.00363636971,-0.136219308,0.175198972,-0.0820471123,-0.137493089,-0.174482137,0.128663957,4.35328693e-05,-0.000220376998,0.0520929545,-0.000193260144,-0.000407448504,4.16301191e-07,-0.491487592,0.634739995,-0.170077756,-2.09643412,1.65771079,1.19653964,-1.44206774,1.09343338,0.000101882913,0.0240734667,1.33299983,1.33299983,1.33299983
58.6,-0.486146927,0.630791068,-0.145242408,-2.1095655,1.64605737,1.18636906,-1.42870116,1.0790087,-1.80979168e-06,0.0249491036,1.33224881,1.33299148,1.33300042,-0.0178267322,-0.218294531,0.183060452,-0.0479133129,-0.112716079,0.192482919,0.235433742,3.88918488e-06,0.00111501478,0.0648380294,-2.09262362e-05,0.000190496095,0.000156043185,-0.492513329,0.622798741,-0.159999996,-2.0999999,1.64999998,1.19999993,-1.42999995,1.09320843,9.99999975e-05,0.0299999993,1.33299983,1.33299983,1.33299983
58.6666667,-0.488054872,0.613249898,-0.132525578,-2.11232519,1.64092326,1.21163809,-1.40933311,1.0790087,-5.27026657e-07,0.030393362,1.3330003,1.33300018,1.33300042,-0.0402626917,-0.307650656,0.197530195,-0.0403560735,-0.046183344,0.543743014,0.335737079,1.64187441e-07,9.86989471e-06,0.0953638852,-2.06784898e-05,-2.69461434e-05,-1.31652569e-05,-0.494012028,0.605352104,-0.146355063,-2.1035912,1.64487183,1.22484565,-1.41068995,1.09287977,9.72489943e-05,0.0386589095,1.33299983,1.33299983,1.33299983
58.7333333,-0.491705954,0.589964092,-0.118671045,-2.11518669,1.63890314,1.25636518,-1.38456738,1.0790087,-3.63048429e-07,0.0380184762,1.33300018,1.33300018,1.33300042,-0.0671413988,-0.389043808,0.217537522,-0.0479543507,-0.0156771429,0.779630601,0.403962702,4.61664058e-08,1.22002639e-05,0.128877953,-1.65172914e-05,-2.14030078e-05,-1.08485283e-05,-0.495948434,0.582809627,-0.128724664,-2.10823131,1.64192986,1.26567376,-1.38573968,1.09245515,9.36944634e-05,0.0498469584,1.33299983,1.33299983,1.33299983
58.8,-0.496855557,0.561779141,-0.103129476,-2.11868,1.63865328,1.31417882,-1.35557175,1.0790087,-1.76660549e-07,0.0478776023,1.33300066,1.33299899,1.3330009,-0.0829383284,-0.453873605,0.247913912,-0.058081124,0.00905927829,0.944431543,0.4632743,4.1075662e-05,0.000244812865,0.159981713,-0.000525629439,0.00532043818,1.08126551e-06,-0.498242408,0.556104779,-0.107838959,-2.11372805,1.64090264,1.31986165,-1.35618234,1.09195209,8.94836121e-05,0.0631007925,1.33299983,1.33299983,1.33299983
58.8666667,-0.502466857,0.529968739,-0.0851995274,-2.12273622,1.63994873,1.38167298,-1.32297778,1.07889557,-7.20599616e-08,0.0597431324,1.33300018,1.33300018,1.3330003,-0.081056945,-0.498176783,0.288869321,-0.0657966733,0.0335023813,1.07381761,0.511742234,4.44229045e-07,1.82958138e-05,0.188150465,4.65379344e-08,1.04698302e-07,-8.37508196e-09,-0.500813663,0.526171267,-0.0844280794,-2.11988926,1.64151812,1.38478637,-1.32305169,1.09138823,8.47636547e-05,0.077957049,1.33299983,1.33299983,1.33299983
58.9333333,-0.50747782,0.495901197,-0.0642982721,-2.1272459,1.64273798,1.45676351,-1.28766179,1.07889557,3.47493234e-08,0.0732927248,1.33300018,1.33300006,1.3330003,-0.0662056953,-0.522449255,0.33580038,-0.0724306777,0.0523658954,1.17097604,0.543985665,5.94729499e-07,2.14637312e-05,0.210375339,6.14518285e-08,2.24738415e-07,-5.55946826e-08,-0.50358212,0.493942678,-0.0592222288,-2.12652302,1.64350522,1.4578253,-1.28738046,1.09078097,7.96818131e-05,0.0939523876,1.33299983,1.33299983,1.33299983
59,-0.511268795,0.460797817,-0.0402960293,-2.13221359,1.64646065,1.53700411,-1.25066936,1.07889557,2.21048595e-07,0.0881526172,1.33300006,1.33299994,1.33300018,-0.0459407419,-0.530367017,0.3807953,-0.0803633705,0.0623923913,1.22774041,0.561710119,3.38589189e-07,5.87599388e-05,0.227110505,-2.29972557e-07,-5.96349992e-07,7.07896106e-08,-0.506467581,0.46035257,-0.0329515673,-2.13343716,1.64659214,1.53635573,-1.25020266,1.09014833,7.43852797e-05,0.110623449,1.33299983,1.33299983,1.33299983
59.0666667,-0.513692021,0.425626874,-0.0136231957,-2.13775253,1.65066195,1.61956787,-1.21297264,1.07889557,2.76854081e-07,0.103935212,1.33299994,1.33299994,1.33300006,-0.0263714977,-0.525122583,0.415004104,-0.0894778296,0.0673233047,1.24145198,0.564358711,4.67453788e-07,8.26288306e-05,0.237928078,-2.61021341e-07,-8.12403641e-07,-6.2098934e-08,-0.509389758,0.42633459,-0.00634622946,-2.14043927,1.65050709,1.61775494,-1.21255112,1.08950746,6.90212764e-05,0.127506882,1.33299983,1.33299983,1.33299983
59.1333333,-0.514930964,0.39121294,0.0147243831,-2.14383411,1.65509164,1.70166767,-1.17562807,1.07889557,2.07536615e-07,0.120224088,1.33299983,1.33299983,1.33299994,-0.01132409,-0.507880032,0.43062672,-0.0960556567,0.0692559853,1.21513176,0.550553918,-3.93111122e-07,5.93022341e-05,0.242447138,4.54790279e-06,8.42539521e-06,1.01063051e-07,-0.512268484,0.392822266,0.0198635943,-2.14733744,1.65497863,1.69940019,-1.17545938,1.08887613,6.37370104e-05,0.14413932,1.33299983,1.33299983,1.33299983
59.2,-0.515363395,0.358339906,0.0433232263,-2.15016675,1.6595701,1.78077841,-1.13978767,1.0787822,9.79060175e-08,0.136579335,1.33299983,1.33299923,1.33299983,-0.00281386706,-0.478877455,0.422758162,-0.0965546146,0.0686835349,1.15289164,0.519538343,-1.29507043e-06,2.61475725e-06,0.240303367,1.16166339e-05,2.26560369e-05,-2.28174031e-08,-0.515023589,0.360749245,0.0449477471,-2.15393901,1.65973532,1.77866888,-1.13996053,1.08827198,5.86796996e-05,0.160057425,1.33299983,1.33299983,1.33299983
59.2666667,-0.515449226,0.327788115,0.0705391616,-2.15629959,1.6639328,1.85458088,-1.10660148,1.0787822,1.03250578e-07,0.152533546,1.33299875,1.33299828,1.33299243,-0.00128677988,-0.437980235,0.389890403,-0.0895599946,0.0653739125,1.05644703,0.470937818,-1.9132026e-06,-1.32532914e-05,0.23106353,1.48244289e-05,2.9449744e-05,-1.65891834e-07,-0.517574787,0.331049144,0.0681760684,-2.1600523,1.66450524,1.85293794,-1.10708809,1.08771253,5.39965476e-05,0.174797848,1.33299983,1.33299983,1.33299983
59.3333333,-0.515622795,0.300360411,0.094746992,-2.16174197,1.66801548,1.920802,-1.07721186,1.0787822,3.2705799e-07,0.167593405,1.33298612,1.3329947,1.33297598,-0.00549332006,-0.384620309,0.333617389,-0.0753555149,0.0588498339,0.925160587,0.406812191,2.64676055e-05,7.6466793e-05,0.213921234,-0.00017351206,-0.000169776613,-0.00515113026,-0.519842088,0.304655552,0.0888184011,-2.16548514,1.66901696,1.91958475,-1.07787538,1.08721519,4.9834769e-05,0.187897235,1.33299983,1.33299983,1.33299983
59.4,-0.516182125,0.276921362,0.114525303,-2.16606736,1.67154813,1.97704053,-1.05264533,1.07852364,8.93050947e-06,0.181239083,1.33298659,1.33299518,1.33297205,-0.0126021113,-0.317707151,0.258699059,-0.0557741337,0.050908003,0.75836271,0.327675939,-1.12955559e-06,0.000157830829,0.189885437,-2.87533912e-05,-1.83006705e-05,-6.72298484e-09,-0.521745086,0.282502025,0.106144577,-2.17004514,1.67299902,1.97598684,-1.05335569,1.08679795,4.63415745e-05,0.198892221,1.33299983,1.33299983,1.33299983
59.4666667,-0.517208099,0.258422583,0.128795296,-2.16896653,1.6745795,2.02094173,-1.03386438,1.07841003,2.09594491e-05,0.192942321,1.33297956,1.33299482,1.33297205,-0.0194360428,-0.235750556,0.169779688,-0.0319422483,0.0411108993,0.554243445,0.233524665,-1.6389788e-06,3.03232082e-05,0.157259569,-0.000110228517,-8.27283657e-05,-4.68862709e-08,-0.523203671,0.265522182,0.119424425,-2.17354035,1.67617941,2.019521,-1.03456223,1.08647799,4.36641749e-05,0.207319468,1.33299983,1.33299983,1.33299983
59.5333333,-0.518583298,0.245898217,0.136799663,-2.17020726,1.6768409,2.04992533,-1.02183521,1.07841003,3.61180792e-05,0.202167675,1.33295071,1.3329674,1.33296907,-0.0229588952,-0.138134271,0.0720883384,-0.00569375698,0.0271113683,0.311366409,0.125242233,-4.13240514e-06,7.79217808e-05,0.117124349,-0.000140954347,-9.60132165e-05,-0.00017225949,-0.524137616,0.254649669,0.12792778,-2.17577839,1.67828691,2.04756522,-1.02252829,1.08627319,4.1949781e-05,0.212715596,1.33299983,1.33299983,1.33299983
59.6,-0.520003915,0.24040173,0.138097212,-2.16968179,1.67790854,2.06126904,-1.01748824,1.07841003,6.58565841e-05,0.208400875,1.33292568,1.33295953,1.33296406,-0.0208415315,-0.0247430764,-0.0301323384,0.0210633539,0.00507960096,0.0253352355,0.00264590094,-1.57465502e-06,0.000281018729,0.0651642308,8.91220407e-06,2.10739381e-05,-2.22426024e-07,-0.524466753,0.250818014,0.130924493,-2.17656684,1.67904973,2.05749583,-1.01828742,1.08620107,4.13456e-05,0.214617267,1.33299983,1.33299983,1.33299983
59.6666667,-0.518379211,0.241743132,0.129231259,-2.17177463,1.65101504,2.05529737,-1.01954627,1.07961905,0.00863598753,0.15995352,1.32234979,1.32260406,1.32309473,0.0429262035,0.0484250151,-0.164347306,-0.0520678423,-0.344076961,-0.085530892,-0.0966529921,-9.04383342e-07,0.00101982802,-0.548293829,-0.000288075564,-0.000626293069,4.66650818e-07,-0.524466753,0.250818014,0.130924493,-2.17656684,1.67904973,2.05749583,-1.01828742,1.1608994,0.0617881827,0.102370806,1.33299983,1.33299983,1.33299983
59.7333333,-0.51435113,0.246706173,0.116135657,-2.17817092,1.6289134,2.04516459,-1.04172504,1.07879102,0.0179353412,0.0945402458,1.32191014,1.32219708,1.3227073,0.0656296611,0.0954862237,-0.198877424,-0.11846137,-0.261318177,-0.146120101,-0.394733459,9.90081026e-06,-0.000175226538,-0.899976134,5.73438592e-05,0.00011767738,-6.99656084e-08,-0.524466753,0.250818014,0.130924493,-2.17656684,1.67904973,2.05749583,-1.01828742,1.1970253,0.0890530795,0,1.33299983,1.33299983,1.33299983
59.8,-0.510648847,0.254388064,0.105187289,-2.18803382,1.61405051,2.03645849,-1.07435322,1.07920897,0.0174242705,0.0471036993,1.32186961,1.32216036,1.32266438,0.0434212871,0.13464658,-0.124576002,-0.154786721,-0.15691635,-0.0809221342,-0.530299067,3.85876046e-06,-0.0931557268,-0.517752886,-0.000292745885,-0.000612036441,4.46569175e-07,-0.524466753,0.250818014,0.130924493,-2.17656684,1.67904973,2.05749583,-1.01828742,1.21576905,0.0796527117,0,1.33299983,1.33299983,1.33299983
59.8666667,-0.508696735,0.264740378,0.0998035446,-2.1988771,1.60410225,2.03157616,-1.11119187,1.07845402,0.0235210769,0.0221559256,1.3218416,1.32213628,1.3226347,0.0164005198,0.174071908,-0.0400421172,-0.152607039,-0.0995747745,-0.0330051892,-0.577558458,-0.0461969562,-7.21370307e-05,-0.243315041,2.43996037e-05,5.03949414e-05,4.56930138e-08,-0.524466753,0.250818014,0.130924493,-2.17656684,1.67904973,2.05749583,-1.01828742,1.19368351,0.10356801,0,1.33299983,1.33299983,1.33299983
59.9333333,-0.508936763,0.277672201,0.100996062,-2.20789409,1.59276354,2.03391552,-1.14192498,1.07863283,0.0239304919,0.0102383113,1.32160056,1.3218776,1.32236373,-0.0163268261,0.207293689,0.0575938635,-0.105165698,-0.139229804,0.0697886869,-0.432987094,2.86498835e-06,-4.70138039e-05,-0.108228222,1.82055519e-05,3.32246127e-05,-6.53089955e-08,-0.524466753,0.250818014,0.130924493,-2.17656684,1.67904973,2.05749583,-1.01828742,1.20707393,0.122999191,0,1.33299983,1.33299983,1.33299983
60,-0.50949043,0.292713881,0.104091071,-2.21233273,1.58262146,2.03990579,-1.16999137,1.07985282,0.0234285127,0.00482981512,1.32159555,1.32187414,1.32234859,-0.000615156372,0.232858896,0.0330795906,-0.0226407759,-0.140462413,0.0709167793,-0.387930244,1.3319368e-06,0.000949255365,-0.0604207292,-3.97416079e-06,-1.22421952e-05,2.65463314e-08,-0.524466753,0.250818014,0.130924493,-2.17656684,1.67904973,2.05749583,-1.01828742,1.24616504,0.10878624,0,1.33299983,1.33299983,1.33299983
60.0666667,-0.508890033,0.308916718,0.105081521,-2.21108723,1.57120001,2.04545498,-1.19325459,1.07796311,0.0243188534,3.0741619e-06,1.32733357,1.3274585,1.32738829,0.0172543563,0.245984554,-0.00209657638,0.0666718408,-0.183691606,0.0521302447,-0.297573537,7.70719998e-06,1.74734741e-05,0.000141403492,0.134457424,0.130749881,0.119486049,-0.524466753,0.250818014,0.130924493,-2.17656684,1.67904973,2.05749583,-1.01828742,1.17769372,0.127239004,0,1.33299983,1.33299983,1.33299983
60.1333333,-0.507569194,0.325544536,0.104698218,-2.20434737,1.55560827,2.049191,-1.21028244,1.07930458,0.0230313316,2.42541682e-06,1.33300018,1.33299971,1.33300006,0.0215180963,0.246648729,-0.00856202375,0.137058198,-0.237927273,0.0376006477,-0.217142195,0.000234972744,-0.00183963031,0.00724220928,0.000960593112,0.00136798969,0.000580559601,-0.524466753,0.250818014,0.130924493,-2.17656684,1.67904973,2.05749583,-1.01828742,1.21532166,0.0840249062,0,1.33299983,1.33299983,1.33299983
60.2,-0.506676018,0.341751188,0.105526119,-2.19422841,1.53622353,2.05276322,-1.22182214,1.07954061,0.0231489614,4.85727787e-06,1.33299994,1.33299994,1.33300006,0.00806751568,0.235109895,0.0259643234,0.171507433,-0.28745997,0.0479292162,-0.143870041,1.30967237e-10,2.61636451e-05,6.7334724e-05,-1.3630065e-05,-1.97813388e-05,-7.91119146e-06,-0.524466753,0.250818014,0.130924493,-2.17656684,1.67904973,2.05749583,-1.01828742,1.23207486,0.0921515897,0,1.33299983,1.33299983,1.33299983
60.2666667,-0.506470263,0.35691458,0.108084418,-2.18249583,1.51422513,2.05787063,-1.22910368,1.07908225,0.0226316806,6.87647707e-06,1.33299959,1.33300054,1.33299947,0.000661181693,0.217265069,0.044028122,0.188335687,-0.32899788,0.0681412593,-0.0833182633,-2.75176717e-08,2.17785127e-05,5.13888808e-05,-1.08433396e-05,-1.62692377e-05,-5.26573604e-06,-0.524466753,0.250818014,0.130924493,-2.17656684,1.67904973,2.05749583,-1.01828742,1.20217574,0.069899641,0,1.33299983,1.33299983,1.33299983
60.3333333,-0.506767392,0.370730758,0.111872688,-2.17046428,1.4910512,2.06270099,-1.23490596,1.07908249,0.0231431071,8.09722223e-06,1.33300006,1.33299983,1.33299994,-0.00763687072,0.195647657,0.0641557574,0.182615519,-0.334752113,0.0654205382,-0.0782458633,2.52921382e-06,0.000191810483,-4.90836101e-06,1.90957826e-06,4.95866686e-07,-4.20091965e-07,-0.524466753,0.250818014,0.130924493,-2.17656684,1.67904973,2.05749583,-1.01828742,1.2078135,0.0956436396,0,1.33299983,1.33299983,1.33299983
60.4,-0.509648085,0.381172538,0.122095183,-2.16266489,1.49587405,2.0822103,-1.24527609,1.07829273,0.0238253251,0.00091363542,1.33299685,1.33299649,1.3329947,-0.051213596,0.120649107,0.166951969,0.0669455454,0.0601516962,0.284777701,-0.131819621,5.98126499e-05,0.000823256793,-5.92553988e-08,0.00721900258,0.00013201125,-0.0010118644,-0.524466753,0.250818014,0.130924493,-2.17656684,1.67904973,2.05749583,-1.01828742,1.17898417,0.115053833,0,1.33299983,1.33299983,1.33299983
60.4666667,-0.513329804,0.386494547,0.133431569,-2.16353893,1.50841749,2.10227466,-1.26532221,1.07085872,0.026285179,0.000963079045,1.33300018,1.3330003,1.3330003,-0.055304639,0.0448309705,0.162485883,-0.0682590306,0.232420176,0.284649968,-0.330686867,-6.75251285e-05,0.0015001744,6.50936272e-07,-0.000668738736,-0.00105176098,-0.000330640498,-0.524466753,0.250818014,0.130924493,-2.17656684,1.67904973,2.05749583,-1.01828742,1.08220315,0.0814616084,0,1.33299983,1.33299983,1.33299983
60.5333333,-0.516813517,0.386563927,0.142976105,-2.17334938,1.52866364,2.11911488,-1.29526472,1.07936537,0.0232272968,0.0010257765,1.33300006,1.33300006,1.33299994,-0.04981336,-0.032867603,0.127020702,-0.195487723,0.320491523,0.228366613,-0.484445781,-1.35263108e-05,-4.42634337e-05,1.44529622e-07,-3.76257085e-05,-2.32028342e-05,-4.93030457e-05,-0.524466753,0.250818014,0.130924493,-2.17656684,1.67904973,2.05749583,-1.01828742,1.21832025,0.0918817893,0,1.33299983,1.33299983,1.33299983
60.6,-0.520158648,0.382006645,0.150790676,-2.19018245,1.55523419,2.13289094,-1.33374536,1.07899344,0.0234447196,0.00109138235,1.33300018,1.33300006,1.33299994,-0.0497784689,-0.096276693,0.106806308,-0.287609905,0.428426087,0.183910847,-0.602647662,-6.21881918e-06,0.00254357606,0.0015976869,-0.000453525339,-0.000818638015,-0.000139415934,-0.524466753,0.250818014,0.130924493,-2.17656684,1.67904973,2.05749583,-1.01828742,1.19551432,0.104416475,0,1.33299983,1.33299983,1.33299983
60.6666667,-0.522472918,0.373886883,0.154659495,-2.21203303,1.58422208,2.14486027,-1.37670004,1.06832039,0.0269577112,0.00114969513,1.33299947,1.33299935,1.33299983,-0.0249831527,-0.142363355,0.025141079,-0.349939615,0.456581205,0.149390444,-0.646023989,-0.0693591163,-7.68641621e-05,1.33702997e-07,-4.99926391e-05,-4.03483864e-06,-6.89304143e-05,-0.524466753,0.250818014,0.130924493,-2.17656684,1.67904973,2.05749583,-1.01828742,1.07672966,0.118014082,0,1.33299983,1.33299983,1.33299983
60.7333333,-0.524116993,0.36285302,0.155710801,-2.23537993,1.61715305,2.15254664,-1.42010164,1.06765997,0.0291696489,0.00119519408,1.33225429,1.33299649,1.33300006,-0.0475424156,-0.201502934,0.0602512918,-0.3431288,0.529674232,0.0953204557,-0.656169593,-0.117666446,-0.32711485,6.12926669e-08,-0.0636797175,-8.35942046e-06,-2.97702609e-05,-0.524466753,0.250818014,0.130924493,-2.17656684,1.67904973,2.05749583,-1.01828742,1.09643114,0.134736627,0,1.33299983,1.33299983,1.33299983
60.8,-0.528915405,0.348933667,0.163415477,-2.25856137,1.65032399,2.16349411,-1.46187854,1.05366123,0.0341354497,-6.25700736e-08,1.32920849,1.33292532,1.33293927,-0.0921402425,-0.200283229,0.168334588,-0.331455141,0.53143245,0.20280838,-0.612127066,-0.166248664,0.187240973,2.30862724e-07,-8.20670029e-05,-4.16024704e-07,-0.000155945687,-0.524466753,0.250818014,0.130924493,-2.17656684,1.67904973,2.05749583,-1.01828742,1.04478073,0.121097252,0,1.33299983,1.33299983,1.33299983
60.8666667,-0.535426259,0.336286455,0.175678268,-2.27967095,1.68914223,2.17903423,-1.50364375,1.07016611,0.0300607868,2.17424531e-06,1.32966638,1.33290076,1.33289957,-0.103704028,-0.183368787,0.199513286,-0.295468509,0.60114789,0.216665119,-0.641371727,0.26765874,0.0310875177,0.00186076493,-0.000145331083,4.79124719e-05,-0.000310113741,-0.524466753,0.250818014,0.130924493,-2.17656684,1.67904973,2.05749583,-1.01828742,1.1578958,0.127580523,0,1.33299983,1.33299983,1.33299983
60.9333333,-0.541770756,0.325167745,0.187907755,-2.29720187,1.72951078,2.19541073,-1.54711223,1.08972871,0.0235725027,1.47334822e-06,1.33291447,1.33290923,1.33290613,-0.0859826431,-0.161375508,0.160964191,-0.237721577,0.585193574,0.213870078,-0.637364984,0.0445243344,0.0979901403,0.00144826202,-0.000126668747,-4.51366213e-05,-0.000188335354,-0.524466753,0.250818014,0.130924493,-2.17656684,1.67904973,2.05749583,-1.01828742,1.24616504,0.117893606,0,1.33299983,1.33299983,1.33299983
61,-0.546373487,0.316748381,0.19701542,-2.31014562,1.76952064,2.21198344,-1.58998275,1.09073448,0.0190806631,4.19561229e-06,1.33291459,1.33291364,1.33290601,-0.057676658,-0.106596544,0.118266843,-0.164796382,0.59581995,0.225103423,-0.646758735,-0.104557529,-0.000612750649,-0.00169996824,-0.00162469316,-0.00172870769,-0.00162793044,-0.524466753,0.250818014,0.130924493,-2.17656684,1.67904973,2.05749583,-1.01828742,1.24616504,0.0759188235,0,1.33299983,1.33299983,1.33299983
61.0666667,-0.550473928,0.311295122,0.206172466,-2.32068276,1.80843258,2.22657418,-1.63267398,1.09157205,0.0197191723,1.10152096e-05,1.33299708,1.33291721,1.33291793,-0.0661302209,-0.107200451,0.132534251,-0.169938743,0.604793847,0.155399725,-0.668094873,-0.0721305385,-0.005365205,6.0142338e-07,0.00245042751,0.0466211438,0.0474158265,-0.524466753,0.250818014,0.130924493,-2.17656684,1.67904973,2.05749583,-1.01828742,1.24616504,0.0796810165,0,1.33299983,1.33299983,1.33299983
61.1333333,-0.557219148,0.302449614,0.219044164,-2.33377266,1.84270668,2.24033976,-1.66838539,1.0890404,0.0207200181,4.13629141e-06,1.33299828,1.33265102,1.33260441,-0.127105281,-0.159154981,0.236394048,-0.207094759,0.536303341,0.243470579,-0.487017035,-0.000178949907,0.000210868195,-0.00586509472,-0.000246159791,-0.000246192823,-0.000291663222,-0.524466753,0.250818014,0.130924493,-2.17656684,1.67904973,2.05749583,-1.01828742,1.20199668,0.10359101,0,1.33299983,1.33299983,1.33299983
61.2,-0.567593277,0.291647196,0.238755375,-2.34642935,1.87608397,2.26196814,-1.69794178,1.07872987,0.0252365135,-1.28278089e-06,1.33299994,1.33263111,1.33260679,-0.175897479,-0.178211361,0.327873707,-0.190572619,0.498579919,0.331921071,-0.401498139,-0.0698766187,0.0241115801,0.00183785055,-0.000450546562,-0.000767934602,-0.000194257082,-0.524466753,0.250818014,0.130924493,-2.17656684,1.67904973,2.05749583,-1.01828742,1.1108737,0.103674948,0,1.33299983,1.33299983,1.33299983
61.2666667,-0.578431249,0.283975661,0.261428833,-2.35369205,1.91317487,2.2927556,-1.72772908,1.08588779,0.0221039429,1.10305371e-06,1.3329941,1.33260798,1.33258986,-0.143775761,-0.0701863095,0.327443361,-0.0440403596,0.548429847,0.502914786,-0.462400943,-0.0926378965,-0.00157029182,-0.00430841837,0.000802786206,0.00117358123,0.000485691242,-0.524466753,0.250818014,0.130924493,-2.17656684,1.67904973,2.05749583,-1.01828742,1.23914874,0.100791976,0,1.33299983,1.33299983,1.33299983
61.3333333,-0.587658346,0.281395525,0.283685297,-2.35125947,1.93867719,2.33117604,-1.74253845,1.07711148,0.0269366112,1.19227961e-05,1.33299923,1.32947743,1.32946098,-0.129725218,-0.0216125529,0.327558011,0.086301662,0.361654818,0.57966876,-0.159447655,-0.0363074914,-0.000581021362,1.5283149e-08,6.82651007e-05,0.000142699457,9.17827128e-06,-0.524466753,0.250818014,0.130924493,-2.17656684,1.67904973,2.05749583,-1.01828742,1.11557257,0.120743662,0,1.33299983,1.33299983,1.33299983
61.4,-0.594012916,0.284596443,0.303911477,-2.34483862,1.96848869,2.36762166,-1.76941216,1.04569626,0.035984844,1.72184791e-05,1.33297431,1.32945383,1.3294338,-0.0691978782,0.0921907201,0.278962612,0.094110094,0.50879854,0.505642712,-0.468254089,-0.397335976,0.148697257,3.96394171e-08,1.00870966e-05,2.33604223e-05,-6.5722852e-06,-0.524466753,0.250818014,0.130924493,-2.17656684,1.67904973,2.05749583,-1.01828742,1.01177692,0.133807227,0,1.33299983,1.33299983,1.33299983
61.4666667,-0.596155107,0.293315887,0.318953693,-2.34013915,2.00671959,2.39746857,-1.80948758,1.01209414,0.0376545079,2.3083021e-05,1.33296645,1.32944322,1.32942009,-0.0067027146,0.149537653,0.18303068,0.0510397591,0.618879199,0.379966736,-0.65512532,-0.378413528,0.148357347,4.96802386e-08,-6.02020236e-06,-1.31868728e-06,-8.95417907e-06,-0.524466753,0.250818014,0.130924493,-2.17656684,1.67904973,2.05749583,-1.01828742,0.944464982,0.147568554,0,1.33299983,1.33299983,1.33299983
61.5333333,-0.593592823,0.303187132,0.324594855,-2.33912492,2.0576694,2.41385937,-1.86529768,1.00163615,0.0377518572,0.06020087,1.33299959,1.33299971,1.33299983,0.0601177588,0.141936421,0.02756631,-0.00688302098,0.752875447,0.159302458,-0.849187016,-0.0308517832,-1.41250202e-05,0.806747794,4.86997942e-06,9.31725208e-06,-8.92393928e-08,-0.524466753,0.250818014,0.130924493,-2.17656684,1.67904973,2.05749583,-1.01828742,0.972197771,0.15874964,0.141077697,1.33299983,1.33299983,1.33299983
61.6,-0.594373941,0.302055985,0.327655554,-2.34306312,2.10304546,2.41429234,-1.90798366,1.0251931,0.0395979397,0.12630114,1.3323276,1.33232462,1.33239758,-0.0299308412,-0.045322679,0.0734933168,0.0134401275,0.693099737,0.158484608,-0.601163805,0.448392183,0.515391111,0.990679562,-0.00239168853,-0.00491114706,4.69386578e-06,-0.524466753,0.250818014,0.130924493,-2.17656684,1.67904973,2.05749583,-1.01828742,1.09607315,0.167834267,0.279846042,1.33299983,1.33299983,1.33299983
61.6666667,-0.598135531,0.297105044,0.333623886,-2.34642863,2.13840628,2.42364478,-1.94795585,1.01966965,0.039329201,0.19250606,1.33007252,1.32998812,1.33103251,-0.0495737642,-0.0828432068,0.0667624921,-0.0569589362,0.523307681,0.128937796,-0.584755123,-0.079653509,0.00199653953,0.9984411,-0.000250992598,-0.000536853215,4.61703166e-07,-0.524466753,0.250818014,0.130924493,-2.17656684,1.67904973,2.05749583,-1.01828742,0.995933771,0.175215527,0.320913315,1.33299983,1.33299983,1.33299983
61.7333333,-0.602077782,0.290189445,0.337385982,-2.35430789,2.16678643,2.43062234,-1.98511684,1.00152349,0.0379424319,0.18991968,1.32964361,1.3296237,1.33059955,-0.0650119632,-0.120261721,0.0514476821,-0.163450181,0.452423781,0.0610114262,-0.566953242,-0.232348368,-6.31529838e-05,-0.151960894,-2.28115823e-06,-2.16590706e-07,1.21071935e-08,-0.524466753,0.250818014,0.130924493,-2.17656684,1.67904973,2.05749583,-1.01828742,0.942199647,0.181212813,0.176024973,1.33299983,1.33299983,1.33299983
61.8,-0.606917322,0.283157885,0.343447864,-2.36528182,2.21007824,2.43278337,-2.03426552,0.956515551,0.0432643816,0.223247841,1.33296263,1.33295989,1.33297539,-0.0819961727,-0.106138587,0.114659525,-0.158039868,0.723432779,-0.00729369279,-0.722466588,-0.600545824,0.106458746,0.579407334,-0.00761416927,-0.000116028532,5.56465238e-08,-0.524466753,0.250818014,0.130924493,-2.17656684,1.67904973,2.05749583,-1.01828742,0.870911479,0.186085597,0.300170183,1.33299983,1.33299983,1.33299983
61.8666667,-0.611570835,0.276833087,0.349971682,-2.37363935,2.2547102,2.43522716,-2.08178806,0.911275625,0.0421660878,0.284410447,1.33246601,1.33247185,1.33250356,-0.0765053481,-0.0769317821,0.127733484,-0.108729094,0.67543447,0.028055137,-0.692650557,-0.530423343,0.000148595311,0.801523387,-0.000140679535,-0.000281232933,2.63215043e-07,-0.524466753,0.250818014,0.130924493,-2.17656684,1.67904973,2.05749583,-1.01828742,0.83105123,0.176621586,0.39701432,1.33299983,1.33299983,1.33299983
61.9333333,-0.616092503,0.271667868,0.357165009,-2.38077641,2.29826784,2.43718553,-2.12962842,0.862289131,0.0451259278,0.348562986,1.33226883,1.33227837,1.33231175,-0.0669819489,-0.0671326593,0.115651473,-0.103043981,0.66672194,0.00653534802,-0.70245111,-0.574591756,0.00212265924,0.989816725,-0.000367185567,-0.000761166564,7.34929927e-07,-0.524466753,0.250818014,0.130924493,-2.17656684,1.67904973,2.05749583,-1.01828742,0.780603409,0.182355225,0.487794578,1.33299983,1.33299983,1.33299983
62,-0.621387661,0.266605914,0.365596741,-2.38858581,2.33769917,2.43817806,-2.17274356,0.831236959,0.0438959189,0.392369747,1.33203483,1.33205032,1.33208776,-0.0822233856,-0.084909521,0.125910759,-0.126439154,0.626756549,-0.0270762499,-0.641501606,-0.260524333,-0.15378353,0.298713148,-6.78562792e-05,-7.78404647e-05,-3.99925048e-05,-0.524466753,0.250818014,0.130924493,-2.17656684,1.67904973,2.05749583,-1.01828742,0.774719238,0.148333535,0.475458562,1.33299983,1.33299983,1.33299983
62.0666667,-0.624762535,0.262393177,0.37064901,-2.39952779,2.378757,2.43068385,-2.20857358,0.821333349,0.0422234572,0.398417711,1.33211565,1.33213174,1.332165,-0.0302775502,-0.0574802533,0.0392470323,-0.181545988,0.631121635,-0.185894519,-0.52741915,-0.159856424,-0.0681566298,0.126686275,-6.25691609e-05,-0.000146026956,1.4027697e-05,-0.524466753,0.250818014,0.130924493,-2.17656684,1.67904973,2.05749583,-1.01828742,0.794040918,0.159371182,0.453607559,1.33299983,1.33299983,1.33299983
62.1333333,-0.625755787,0.258846164,0.371284634,-2.41302586,2.41983294,2.41511941,-2.24485898,0.803849339,0.0396597311,0.401401341,1.3321501,1.33217728,1.33219719,-0.00791393034,-0.0459412448,0.00396776851,-0.212895975,0.658097208,-0.28337276,-0.578372061,-0.238477781,-0.120434776,0.0859861597,2.77336221e-06,0.00635558134,0.000144607038,-0.524466753,0.250818014,0.130924493,-2.17656684,1.67904973,2.05749583,-1.01828742,0.750532508,0.168339267,0.458568335,1.33299983,1.33299983,1.33299983
62.2,-0.624851108,0.256575167,0.369369954,-2.42737556,2.46325636,2.39385533,-2.28304052,0.783339739,0.0343110301,0.413198739,1.33201694,1.33204234,1.33205664,0.0194382947,-0.0271630269,-0.0354427285,-0.223031029,0.644183218,-0.359859437,-0.570897758,-0.20830366,-0.103345625,0.182502732,-0.000318053877,-0.000638847006,-2.56639905e-05,-0.524466753,0.250818014,0.130924493,-2.17656684,1.67904973,2.05749583,-1.01828742,0.715181947,0.175625846,0.492318392,1.33299983,1.33299983,1.33299983
62.2666667,-0.623031914,0.255149513,0.366267294,-2.44219565,2.50513434,2.36851597,-2.32116151,0.76410377,0.0300710369,0.428593844,1.33176172,1.33176625,1.33178651,0.0297046099,-0.00974796899,-0.0417064242,-0.22097674,0.620857239,-0.393367946,-0.561130166,-0.144710287,-0.108249523,0.192396447,-0.000144243939,-0.000301434891,-2.15577893e-06,-0.524466753,0.250818014,0.130924493,-2.17656684,1.67904973,2.05749583,-1.01828742,0.686459601,0.181546196,0.532446563,1.33299983,1.33299983,1.33299983
62.3333333,-0.620596111,0.254792511,0.362856597,-2.45670724,2.54602218,2.34043813,-2.35699511,0.752546787,0.0194199774,0.450137585,1.33269382,1.33178341,1.33186042,0.0264879912,-0.00612877728,-0.0335318819,-0.220398262,0.591282547,-0.446968406,-0.504973769,2.79153173e-05,-0.152601033,0.326306134,0.0547020808,-0.000164360972,1.19055621e-05,-0.524466753,0.250818014,0.130924493,-2.17656684,1.67904973,2.05749583,-1.01828742,0.663122714,0.165487185,0.580898106,1.33299983,1.33299983,1.33299983
62.4,-0.618789673,0.255050004,0.361339003,-2.46855187,2.58553076,2.31514144,-2.3926549,0.740895092,0.000270309887,0.486239254,1.33253169,1.33166337,1.33175552,0.0162350889,-0.00376196112,-0.0101459613,-0.168607101,0.537173867,-0.348696768,-0.538413763,-0.282856852,-0.256527364,0.480447948,-0.00529397558,-0.00556686707,1.48871914e-05,-0.524466753,0.250818014,0.130924493,-2.17656684,1.67904973,2.05749583,-1.01828742,0.644161463,0.133559585,0.637200117,1.33299983,1.33299983,1.33299983
62.4666667,-0.617820621,0.254751623,0.360433877,-2.48221183,2.61629033,2.29108214,-2.41543651,0.736890018,-2.3885792e-05,0.488403767,1.33195138,1.33103621,1.33112621,0.0211865976,0.00687074661,-0.0152851883,-0.204541221,0.482607156,-0.353310376,-0.348189384,-0.257063508,0.000970625784,0.0644793659,5.73089346e-05,5.09405509e-05,6.37718476e-05,-0.524466753,0.250818014,0.130924493,-2.17656684,1.67904973,2.05749583,-1.01828742,0.690564692,0.147367343,0.60090667,1.33299983,1.33299983,1.33299983
62.5333333,-0.618283987,0.253585368,0.361280322,-2.49946046,2.64326048,2.26670861,-2.43600631,0.735738397,0.0177927129,0.452703118,1.33121991,1.33031738,1.33039415,-0.0100680925,-0.0256804097,0.0168176014,-0.283183426,0.489477485,-0.406702489,-0.341101199,0.0427354313,0.168610513,-0.48625809,-0.000225458061,-0.000434401562,-3.34529905e-05,-0.524466753,0.250818014,0.130924493,-2.17656684,1.67904973,2.05749583,-1.01828742,0.66645813,0.156489849,0.455173105,1.33299983,1.33299983,1.33299983
62.6,-0.618978024,0.251408875,0.361851454,-2.52029681,2.67352009,2.239151,-2.46024895,0.739163101,0.0258874558,0.387932032,1.33167601,1.33084035,1.33090329,0.0122129237,-0.00599604612,-0.0104250703,-0.303302437,0.500664711,-0.409727156,-0.34426415,0.201964334,-0.106904253,-0.782804847,-1.1677912e-05,-2.34789768e-05,2.34867912e-08,-0.524466753,0.250818014,0.130924493,-2.17656684,1.67904973,2.05749583,-1.01828742,0.646871507,0.165998176,0.324991286,1.33299983,1.33299983,1.33299983
62.6666667,-0.620773077,0.250703365,0.366117209,-2.53866649,2.70809698,2.21224737,-2.48754692,0.736625254,0.0259126592,0.345398009,1.33198667,1.33121586,1.33135927,-0.0376781523,-0.00886933412,0.0882937759,-0.247082174,0.529327273,-0.36126101,-0.392572939,0.0315200835,-0.00031320937,-0.349901736,-0.00132957846,0.00727987383,0.00691472925,-0.524466753,0.250818014,0.130924493,-2.17656684,1.67904973,2.05749583,-1.01828742,0.630957365,0.173723713,0.334066302,1.33299983,1.33299983,1.33299983
62.7333333,-0.621006846,0.248938888,0.365926296,-2.5609355,2.73499894,2.180933,-2.50737619,0.740021884,0.0278144628,0.286132902,1.3316828,1.33122098,1.33134973,0.00956858881,0.00140080135,-0.00346805528,-0.330952317,0.450445354,-0.563308835,-0.328542143,-0.162740231,0.00469918549,-0.85484165,-0.0015675805,-0.00335001061,3.0232477e-06,-0.524466753,0.250818014,0.130924493,-2.17656684,1.67904973,2.05749583,-1.01828742,0.659357727,0.180000693,0.230839878,1.33299983,1.33299983,1.33299983
62.8,-0.619134307,0.25245136,0.366452485,-2.57866406,2.77027607,2.14308429,-2.52744269,0.740720987,0.0270130262,0.302494824,1.33248854,1.33171284,1.33188093,0.0453777723,0.0459466502,-0.0344781727,-0.258180678,0.474245906,-0.562426865,-0.292664498,0.000467787089,0.00721760653,0.349080324,-0.00240316172,-0.00513257738,4.4432818e-06,-0.524466753,0.250818014,0.130924493,-2.17656684,1.67904973,2.05749583,-1.01828742,0.684120774,0.152554303,0.352777809,1.33299983,1.33299983,1.33299983
62.8666667,-0.617526114,0.256640911,0.36789915,-2.59244227,2.80274796,2.10771537,-2.54662704,0.739014089,0.0259885266,0.354895473,1.33247161,1.3316915,1.33191419,0.00846327003,0.0699054748,0.0565991402,-0.170633852,0.45008418,-0.45675683,-0.256533772,3.35410732e-05,0.00221934915,0.747983873,-0.000369512127,-0.000782384421,7.06641003e-07,-0.524466753,0.250818014,0.130924493,-2.17656684,1.67904973,2.05749583,-1.01828742,0.661222398,0.162800565,0.451852381,1.33299983,1.33299983,1.33299983
62.9333333,-0.61370331,0.262114525,0.361077577,-2.59959197,2.80649877,2.08142042,-2.55340672,0.736542523,0.0264470428,0.376932204,1.32894957,1.32848012,1.32874095,0.0461421758,0.0978384092,-0.0960507318,-0.0878603682,-0.000245210715,-0.393042564,-0.0623717532,-1.00955367e-06,-0.0140864886,0.240473315,0.000200241222,0.000372466107,-3.89176421e-07,-0.524466753,0.250818014,0.130924493,-2.17656684,1.67904973,2.05749583,-1.01828742,0.643842697,0.16081737,0.431033432,1.33299983,1.33299983,1.33299983
63,-0.61059165,0.270246029,0.354024529,-2.60467887,2.80648565,2.05288339,-2.55772066,0.734793484,0.0248142574,0.392780215,1.32908118,1.32861078,1.32887077,0.0325005203,0.13407138,-0.0846192837,-0.0585424192,-0.000159193994,-0.400985539,-0.0250874162,0.113539405,-0.000871230848,0.225254133,0.000292012934,0.000529720797,6.06910326e-05,-0.524466753,0.250818014,0.130924493,-2.17656684,1.67904973,2.05749583,-1.01828742,0.629309475,0.169514298,0.457982421,1.33299983,1.33299983,1.33299983
63.0666667,-0.607282579,0.280717701,0.345732063,-2.60805297,2.8064847,2.02134681,-2.56265903,0.729251921,0.0238665976,0.426040202,1.32926488,1.32879198,1.32907903,0.0476453714,0.158737525,-0.128754064,-0.052415207,0.000589694828,-0.496669739,-0.0528505519,-0.0273141004,0.00128566101,0.593088746,0.00553760584,0.00730432197,-0.00408082828,-0.524466753,0.250818014,0.130924493,-2.17656684,1.67904973,2.05749583,-1.01828742,0.616688192,0.176580548,0.537331104,1.33299983,1.33299983,1.33299983
63.1333333,-0.605743587,0.291144937,0.33980912,-2.6099298,2.80649233,1.99149454,-2.56885719,0.729548514,0.00330975396,0.465041995,1.32960308,1.32913566,1.32934809,0.00127199746,0.144876361,-0.0563489571,-0.0291085765,0.00609632395,-0.4014588,-0.124412164,-0.12622878,-0.243321657,0.490784615,-0.000162669457,-0.000341954408,-1.82911754e-06,-0.524466753,0.250818014,0.130924493,-2.17656684,1.67904973,2.05749583,-1.01828742,0.638970912,0.151850119,0.601801932,1.33299983,1.33299983,1.33299983
63.2,-0.60755831,0.299279153,0.338490576,-2.61368871,2.80646372,1.96738076,-2.5774827,0.726331174,-4.49597828e-05,0.473871738,1.3289454,1.32866621,1.32876968,-0.0499883108,0.117722362,0.0118897762,-0.0462890193,-0.00250128075,-0.295845836,-0.0732365027,-0.0444738269,0.00343221123,4.47407365e-06,-0.00270992937,-0.00323717389,-0.00217917468,-0.524466753,0.250818014,0.130924493,-2.17656684,1.67904973,2.05749583,-1.01828742,0.660985708,0.14147453,0.649497569,1.33299983,1.33299983,1.33299983
63.2666667,-0.613969445,0.304878503,0.342889965,-2.61608362,2.80646801,1.9538641,-2.5828433,0.723608971,-4.07859952e-05,0.474036485,1.32937825,1.32910168,1.32920074,-0.131275058,0.0651774779,0.112391576,-0.00381757575,-0.00136328384,-0.0635323599,-0.0013289554,0.0270849969,0.00388644426,3.25962901e-06,-0.00191866234,-0.00230087014,-0.00158059224,-0.524466753,0.250818014,0.130924493,-2.17656684,1.67904973,2.05749583,-1.01828742,0.642425179,0.107288055,0.622274935,1.33299983,1.33299983,1.33299983
63.3333333,-0.622190356,0.309629649,0.349354446,-2.61717391,2.80647659,1.94652498,-2.58200002,0.72024864,-3.51438357e-05,0.473981202,1.33009613,1.32986104,1.3299607,-0.113178469,0.0902006999,0.0876817852,-0.00291011157,-0.00102586555,-0.0894784406,0.0128434887,-0.000292025856,0.00362193072,3.26894224e-06,-0.00179282483,-0.00198186329,-0.00158508774,-0.524466753,0.250818014,0.130924493,-2.17656684,1.67904973,2.05749583,-1.01828742,0.627344728,0.0963011384,0.608419418,1.33299983,1.33299983,1.33299983
63.4,-0.629672587,0.315211356,0.354928434,-2.61862993,2.80648541,1.93681896,-2.57964039,0.722024441,-1.59745105e-05,0.472045124,1.33029246,1.33008552,1.33015394,-0.102152742,0.0935046449,0.0733868405,-0.0186274406,0.00401488645,-0.14213787,0.0212146826,0.000242451788,-6.44139072e-05,-2.44565308e-06,0.00115037919,0.00109721848,0.00115353218,-0.524466753,0.250818014,0.130924493,-2.17656684,1.67904973,2.05749583,-1.01828742,0.61509186,0.110441908,0.537741125,1.33299983,1.33299983,1.33299983
63.4666667,-0.638133466,0.319713354,0.361840099,-2.61941814,2.80649781,1.93073785,-2.57821155,0.722253442,-1.1959567e-05,0.471601397,1.33042812,1.33022237,1.33028531,-0.137996167,0.0585632809,0.120620549,-0.00174304249,0.00498404074,-0.0453673378,0.000895339646,0.000295722828,-0.000969938934,0.0306217577,0.00349453231,0.00359573262,0.00333853532,-0.524466753,0.250818014,0.130924493,-2.17656684,1.67904973,2.05749583,-1.01828742,0.605136395,0.0821118504,0.526886702,1.33299983,1.33299983,1.33299983
63.5333333,-0.649050295,0.319187373,0.370960295,-2.62193418,2.806499,1.93413556,-2.57338047,0.722536981,-2.52693303e-06,0.441549808,1.33041728,1.33022952,1.33024383,-0.187952697,-0.0122160101,0.183982939,-0.000872860488,9.01344683e-05,0.137791544,0.0547063127,-0.130830854,-4.56369416e-05,-0.382535905,-0.000177160779,-4.5016408e-05,-0.000129752036,-0.524466753,0.250818014,0.130924493,-2.17656684,1.67904973,2.05749583,-1.01828742,0.597047627,0.0477779061,0.433969378,1.33299983,1.33299983,1.33299983
63.6,-0.658487856,0.321156502,0.379258722,-2.62344241,2.80649972,1.93258953,-2.57208991,0.722051442,-3.12875909e-06,0.425660461,1.33136594,1.33116889,1.33114803,-0.105516858,0.0703372732,0.0870718509,-0.00885409582,0.000109540328,-0.0528402999,-0.0173700377,-0.0473384745,-0.000127600841,-0.148290187,5.12028928e-05,9.63351922e-05,-1.05181243e-07,-0.524466753,0.250818014,0.130924493,-2.17656684,1.67904973,2.05749583,-1.01828742,0.59047544,0.0686647221,0.432671845,1.33299983,1.33299983,1.33299983
63.6666667,-0.665265679,0.325454295,0.384425074,-2.62509012,2.80649781,1.92340147,-2.57614398,0.721750081,0.000506221899,0.451976925,1.33151841,1.3313334,1.33130264,-0.093358852,0.0700834468,0.0730296969,-0.0175866168,0.00258542504,-0.121125184,-0.0819810629,4.138027e-05,0.00740154833,0.359458148,-0.000346479123,-0.000742355362,6.94068149e-07,-0.524466753,0.250818014,0.130924493,-2.17656684,1.67904973,2.05749583,-1.01828742,0.585135579,0.0946402699,0.51676631,1.33299983,1.33299983,1.33299983
63.7333333,-0.670066416,0.331259638,0.386641383,-2.62560487,2.80557919,1.90967083,-2.58371806,0.720348299,-2.73842397e-05,0.474462152,1.33123446,1.33106732,1.33108628,-0.0787141472,0.0592836663,0.0479978919,-0.0352043435,-0.0432457216,-0.184857666,-0.0855819583,-0.0595379099,0.00351300696,-0.106821828,-0.0001943768,-0.000439262018,1.68667175e-05,-0.524466753,0.250818014,0.130924493,-2.17656684,1.67904973,2.05749583,-1.01828742,0.580796957,0.0954055041,0.585093021,1.33299983,1.33299983,1.33299983
63.8,-0.674851656,0.335613877,0.390285134,-2.62709975,2.80647564,1.90087461,-2.58616066,0.719954014,-3.97683398e-05,0.475365341,1.33182204,1.33163857,1.33166015,-0.065842472,0.0737558976,0.0480952263,0.000336332247,-0.00112726213,-0.0698095635,-0.0123945978,-0.000276800012,0.00432956545,3.84822488e-06,-0.00247731013,-0.00277292449,-0.00933279004,-0.524466753,0.250818014,0.130924493,-2.17656684,1.67904973,2.05749583,-1.01828742,0.588519216,0.0770161673,0.64060849,1.33299983,1.33299983,1.33299983
63.8666667,-0.681612074,0.337972462,0.396345586,-2.62735367,2.80648947,1.89906716,-2.58658123,0.720058739,-1.96395031e-05,0.473771274,1.33208406,1.33190012,1.33192217,-0.113781929,0.0298103541,0.112721562,0.0201686937,0.00443760492,0.0643390268,-0.0136737945,5.44076902e-05,0.000920677674,-0.00688033877,0.000760962605,0.000759690767,0.000754619134,-0.524466753,0.250818014,0.130924493,-2.17656684,1.67904973,2.05749583,-1.01828742,0.583546162,0.0651176944,0.557666957,1.33299983,1.33299983,1.33299983
63.9333333,-0.691412151,0.336982071,0.40621978,-2.62752676,2.806499,1.90504396,-2.58828521,0.721443415,-5.0556223e-06,0.461092979,1.33217287,1.33198953,1.33201206,-0.153304875,-0.0115942787,0.163644224,0.0201046653,3.71912975e-05,0.162802517,-0.0454607643,-1.1774071e-05,-5.31502737e-05,-0.131168962,3.55540542e-05,5.3918222e-05,1.86756952e-05,-0.524466753,0.250818014,0.130924493,-2.17656684,1.67904973,2.05749583,-1.01828742,0.579505503,0.0854864568,0.476418853,1.33299983,1.33299983,1.33299983
64,-0.699873388,0.33749938,0.4142313,-2.62746477,2.806499,1.90594828,-2.59430242,0.72102803,-7.50615891e-06,0.470647424,1.33285451,1.33300138,1.33287501,-0.100318171,0.034420073,0.0895268694,0.0168376379,0.00180540711,0.0020844806,-0.0943920463,-9.18416481e-06,-4.03114245e-05,0.169951454,-8.94127879e-06,-5.06122888e-05,1.84137607e-05,-0.524466753,0.250818014,0.130924493,-2.17656684,1.67904973,2.05749583,-1.01828742,0.576222479,0.100628644,0.527281821,1.33299983,1.33299983,1.33299983
64.0666667,-0.70642978,0.338800699,0.420224637,-2.62794399,2.80649567,1.90376639,-2.60159278,0.719467103,-1.38485138e-05,0.473862529,1.33300114,1.33300114,1.33300114,-0.0830365047,0.0266383812,0.0748180375,0.00044124655,0.00783833209,0.0169541799,-0.0843241662,0.000447440892,-0.000371732516,0.0498833135,0.00296447985,0.00328428205,0.00255604088,-0.524466753,0.250818014,0.130924493,-2.17656684,1.67904973,2.05749583,-1.01828742,0.573555052,0.103701763,0.534988523,1.33299983,1.33299983,1.33299983
64.1333333,-0.71290338,0.338837206,0.426479667,-2.62986994,2.80649281,1.90309942,-2.6057055,0.721563935,0.00293439301,0.453639001,1.33300066,1.33300054,1.33300042,-0.0819816068,0.00962852966,0.0778628811,-0.0216702539,0.00554369856,0.0311476793,-0.0689339191,-3.63066792e-05,-0.000652478077,-0.228967831,0.00018174047,0.000353823591,-3.79107632e-07,-0.524466753,0.250818014,0.130924493,-2.17656684,1.67904973,2.05749583,-1.01828742,0.582423806,0.123107865,0.457490772,1.33299983,1.33299983,1.33299983
64.2,-0.714665174,0.342152655,0.427170306,-2.63308573,2.80649829,1.89322734,-2.60688949,0.721568823,0.00333084026,0.427788109,1.33300006,1.33299994,1.33299959,0.0293882508,0.0955066085,-0.0557264388,-0.0376217142,0.000139543277,-0.174419701,-0.0188980643,-0.0306334142,-0.00126020983,-0.291623324,0.0026875427,-0.00367810111,-0.00756631605,-0.524466753,0.250818014,0.130924493,-2.17656684,1.67904973,2.05749583,-1.01828742,0.578593671,0.114832938,0.421946615,1.33299983,1.33299983,1.33299983
64.2666667,-0.708716452,0.351603597,0.418738455,-2.63559914,2.80649924,1.87195659,-2.59992576,0.721395135,0.000912701478,0.419320881,1.33300078,1.3330009,1.33300054,0.137962595,0.178630859,-0.182795882,-0.0296253171,0.00190305989,-0.350048661,0.114267088,-2.7611517e-05,0.0217604749,-0.0786228999,0.000240566398,0.000496779918,-4.88659907e-07,-0.524466753,0.250818014,0.130924493,-2.17656684,1.67904973,2.05749583,-1.01828742,0.575481594,0.0993666872,0.433601707,1.33299983,1.33299983,1.33299983
64.3333333,-0.697069407,0.365256339,0.403780818,-2.63932395,2.80649924,1.83636296,-2.59845853,0.721277356,0.000509776699,0.419503212,1.3330009,1.33300102,1.3330009,0.205404237,0.226716086,-0.260240704,-0.0527081564,-0.00328772119,-0.543964803,0.00891717337,-0.0397225618,-0.00425935816,5.99771738e-06,-0.00268514245,-0.00250845123,-0.0027794037,-0.524466753,0.250818014,0.130924493,-2.17656684,1.67904973,2.05749583,-1.01828742,0.572953045,0.108485945,0.443946898,1.33299983,1.33299983,1.33299983
64.4,-0.683331788,0.381024927,0.386790633,-2.64275861,2.80649924,1.79703081,-2.59770179,0.720916927,5.72831013e-05,0.427252382,1.3330009,1.3330009,1.3330009,0.207234114,0.245852992,-0.252259672,-0.0389156789,0.00279370788,-0.551383317,-0.00241041859,0.0528245196,-0.0202180203,0.115316831,8.7756016e-05,0.000164104771,-1.34211177e-07,-0.524466753,0.250818014,0.130924493,-2.17656684,1.67904973,2.05749583,-1.01828742,0.570898652,0.0952480361,0.46037361,1.33299983,1.33299983,1.33299983
64.4666667,-0.672723055,0.39533785,0.373360723,-2.64511704,2.80649972,1.76099896,-2.60172153,0.719869196,-6.77913931e-06,0.461559087,1.33300066,1.33300054,1.33300114,0.13087745,0.203564271,-0.172460154,-0.0154431444,0.000298607978,-0.463602543,-0.069946453,-0.0532504171,-0.000391530222,0.267710716,0.00591808744,0.0080383718,-0.00116595486,-0.524466753,0.250818014,0.130924493,-2.17656684,1.67904973,2.05749583,-1.01828742,0.569229424,0.100355372,0.539273977,1.33299983,1.33299983,1.33299983
64.5333333,-0.665847123,0.407695085,0.364135802,-2.64574051,2.80649734,1.73307765,-2.60288453,0.718782842,-1.5971591e-05,0.475838691,1.33299458,1.33299494,1.33299482,0.0969143063,0.182421684,-0.12521328,0.00649496308,0.00424425583,-0.274203897,-0.0227642022,-0.000312224671,-0.00170892477,0.0564334802,0.00163659826,0.00341551006,2.01053917e-05,-0.524466753,0.250818014,0.130924493,-2.17656684,1.67904973,2.05749583,-1.01828742,0.56787318,0.116627038,0.561847448,1.33299983,1.33299983,1.33299983
64.6,-0.662806332,0.41432777,0.359141082,-2.64418983,2.8034246,1.7252388,-2.59072948,0.735801578,-7.56154532e-06,0.461322099,1.33300066,1.33300042,1.33300078,0.0997777209,0.0446115509,-0.148404092,0.046672184,-0.117092721,-0.0229108054,0.340183616,0.132035434,0.000228928533,-0.245242611,-3.21758635e-05,-5.37958986e-05,7.31597538e-08,-0.662141263,0.412294,0.359830976,-2.6422956,2.80189896,1.73002744,-2.58914638,0.726788044,0,0.464477301,1.33299983,1.33299983,1.33299983
64.6666667,-0.653158545,0.419629842,0.343904585,-2.63886714,2.79029417,1.72355902,-2.55858755,0.744725227,-5.71513874e-06,0.442820758,1.3330003,1.33300006,1.33300006,0.158629686,0.144643739,-0.268894941,0.116763331,-0.265460879,-0.08383964,0.631882429,0.228735939,-0.00211696839,-0.303827137,8.63971363e-05,0.000189731698,-1.43787474e-07,-0.651922047,0.424975842,0.347872227,-2.632725,2.78898382,1.72165227,-2.55110765,0.748862982,0,0.433474123,1.33299983,1.33299983,1.33299983
64.7333333,-0.639946342,0.435012728,0.321373284,-2.62874222,2.76831913,1.71317995,-2.50543118,0.759092808,-4.04016373e-06,0.415539026,1.33259344,1.33250582,1.3286128,0.214865908,0.313010603,-0.378426075,0.182583779,-0.364598542,-0.237130642,0.974013388,0.278322637,-0.000392031274,-0.437249452,-7.95475898e-08,3.60459817e-05,-0.0903023928,-0.636537015,0.444068313,0.329693258,-2.61817622,2.76907206,1.70911705,-2.49353409,0.782096803,7.01986119e-06,0.387450874,1.33299983,1.33299983,1.33299983
64.8,-0.624123156,0.459909678,0.294034958,-2.61469197,2.74190211,1.69411182,-2.42959404,0.782652378,-2.22801236e-06,0.378773063,1.33258855,1.33250022,1.32288659,0.259690642,0.422981083,-0.43168658,0.241652578,-0.407546103,-0.324012995,1.26832402,0.394404024,-0.00137121556,-0.573679924,7.92497303e-08,-3.48993053e-05,-0.057587035,-0.617333889,0.467898995,0.306727827,-2.5997963,2.7434845,1.69358552,-2.42118955,0.823578358,2.16963217e-05,0.331028968,1.33299983,1.33299983,1.33299983
64.8666667,-0.605183303,0.490017533,0.264029145,-2.59642243,2.71331382,1.67329443,-2.33970523,0.812381566,3.61477674e-07,0.333250672,1.33256316,1.33247662,1.32146764,0.299327552,0.463172793,-0.465617776,0.292578876,-0.447861373,-0.317629069,1.40390098,0.482121676,-0.00146033219,-0.692762613,-7.78801332e-05,-0.000184669159,9.27248038e-08,-0.59566009,0.49479568,0.280409515,-2.57873201,2.71354103,1.67622173,-2.33883977,0.870396614,3.78754921e-05,0.268830091,1.33299983,1.33299983,1.33299983
64.9333333,-0.583615601,0.522418201,0.234522775,-2.57281017,2.68289423,1.65619886,-2.24657798,0.849633574,1.96430369e-06,0.282125533,1.33252907,1.3324281,1.32140851,0.351608515,0.508191347,-0.410349309,0.424078912,-0.451486707,-0.196255013,1.36717784,0.639877856,-0.000536669511,-0.777062654,0.000147682382,0.000291545352,-4.14380338e-07,-0.5728634,0.523085952,0.252172112,-2.55613017,2.68056273,1.65819049,-2.25124955,0.919640899,5.43552051e-05,0.205475882,1.33299983,1.33299983,1.33299983
65,-0.557976007,0.556441367,0.209013209,-2.54137897,2.65120888,1.64410853,-2.15850496,0.896027863,2.13973181e-05,0.228073642,1.33247817,1.33237553,1.32134092,0.398412824,0.484612525,-0.356043249,0.470104307,-0.521925986,-0.203438863,1.27679634,0.720431626,0.000995873357,-0.804152191,0.000270495599,0.000556015759,-5.8230944e-07,-0.5502913,0.551097512,0.22344926,-2.53313828,2.64586926,1.6406554,-2.16318369,0.968399882,6.99332886e-05,0.145587802,1.33299983,1.33299983,1.33299983
65.0666667,-0.532709062,0.584971905,0.187222838,-2.51209974,2.61524057,1.62874365,-2.07604241,0.944060147,9.99808617e-06,0.174420536,1.33298934,1.33298993,1.3230288,0.356438696,0.355689228,-0.299070328,0.3599796,-0.601340055,-0.267747909,1.18831444,0.707820237,-0.00277536898,-0.777180612,-0.000490419683,-0.00104863592,1.08708628e-06,-0.529291332,0.577158034,0.195674688,-2.51090312,2.61078143,1.62478101,-2.07940698,1.01376271,8.34075909e-05,0.0937875211,1.33299983,1.33299983,1.33299983
65.1333333,-0.511411071,0.604147673,0.164350748,-2.4924252,2.58193159,1.61092567,-2.00096583,0.988489985,4.02644291e-05,0.125620633,1.3329829,1.33299959,1.3286103,0.187621906,0.228006035,-0.358399093,0.242768601,-0.453114986,-0.215125591,1.04506505,0.63358593,0.000246158219,-0.694570541,-3.14321369e-08,1.55521248e-05,0.136187732,-0.511211097,0.599595129,0.170282036,-2.49057174,2.57661939,1.61173129,-2.00468445,1.05281842,9.35759163e-05,0.0546966046,1.33299983,1.33299983,1.33299983
65.2,-0.501624763,0.618322551,0.142763212,-2.47530937,2.54873157,1.60023916,-1.93760753,1.02777267,5.81061031e-05,0.0832680762,1.33297908,1.33300042,1.33142471,0.139572561,0.197457507,-0.303690284,0.258060366,-0.486402184,-0.12542285,0.83194977,0.528777063,1.49789194e-05,-0.553848684,-2.13003659e-05,-4.24184618e-05,1.86933903e-07,-0.497398347,0.616736531,0.148705021,-2.4732914,2.54470325,1.60267055,-1.94378054,1.08265603,9.92361165e-05,0.0329366326,1.33299983,1.33299983,1.33299983
65.2666667,-0.493807673,0.629014671,0.124828726,-2.46004486,2.51808524,1.59386122,-1.891734,1.05881155,1.47734306e-06,0.0551859401,1.33299458,1.33300018,1.33144724,0.0982725918,0.123862125,-0.23499395,0.2045037,-0.427124232,-0.0451219901,0.555617988,0.406593144,-0.000128965839,-0.289402425,-4.40761214e-05,-0.00010324757,3.98489647e-07,-0.488770008,0.627444088,0.13189812,-2.45996046,2.51575518,1.59848118,-1.899863,1.10129452,9.99999975e-05,0.0299999975,1.33299983,1.33299983,1.33299983
65.3333333,-0.488003075,0.635049284,0.110674128,-2.44762921,2.49063253,1.5934397,-1.86044598,1.08117962,-1.25197147e-07,0.0414910913,1.33300018,1.33300018,1.33162808,0.0748819858,0.058642447,-0.195212811,0.172247544,-0.414770097,0.0267906915,0.375030249,0.114228636,0.00116188405,-0.142788142,-6.23098458e-07,-2.38578723e-05,0.180520222,-0.483417094,0.634086967,0.117722034,-2.44955921,2.48700595,1.59797263,-1.86579609,1.11285758,9.99999975e-05,0.0299999993,1.33299983,1.33299983,1.33299983
65.4,-0.484109074,0.637500703,0.0988873541,-2.43645859,2.46254587,1.59741116,-1.83726287,1.08068585,-5.89996318e-07,0.0302146841,1.33300138,1.33300126,1.33300138,0.0368252695,0.020339597,-0.147829726,0.14661561,-0.405693561,0.0698564351,0.335698724,1.53033761e-06,0.00228853174,-0.18634969,-4.94950655e-06,-1.03888324e-05,-3.61775164e-07,-0.480534792,0.637663901,0.10534808,-2.44124818,2.45789576,1.60033262,-1.83883202,1.11908388,0.000100000005,0.0300000012,1.33299983,1.33299983,1.33299983
65.4666667,-0.482549012,0.638108134,0.0891939551,-2.42754054,2.43374753,1.60297585,-1.81609023,1.0814141,7.4922923e-08,0.0284733716,1.33300006,1.33300018,1.33300018,0.00880126469,-0.00464729173,-0.140939713,0.116561674,-0.451178253,0.090591453,0.303733498,0.0696526989,-5.61341585e-06,-1.12166163e-07,3.68688707e-05,3.66764798e-05,3.74966658e-05,-0.479673803,0.638732314,0.0943493322,-2.4343605,2.42840767,1.6049571,-1.81756401,1.12094367,9.99999975e-05,0.0299999975,1.33299983,1.33299983,1.33299983
65.5333333,-0.482703716,0.63691783,0.0804129541,-2.42113996,2.40317607,1.60927904,-1.79906154,1.08133662,6.43477236e-08,0.0285115205,1.33299994,1.33299708,1.33299994,-0.0126632322,-0.0290410034,-0.127911165,0.0832874551,-0.458204269,0.101264834,0.227951437,3.91159801e-06,-1.20698778e-05,-9.70903784e-08,2.38616867e-05,2.30740552e-05,2.37731128e-05,-0.480385005,0.637849748,0.0842988491,-2.42823005,2.398525,1.61124241,-1.80058527,1.1194073,0.000100000005,0.0300000012,1.33299983,1.33299983,1.33299983
65.6,-0.4839935,0.634409845,0.0720793456,-2.41637373,2.37192917,1.6164695,-1.78526998,1.0812459,-4.96332291e-08,0.0284923334,1.33299983,1.33297455,1.33299983,-0.0233500507,-0.0437475666,-0.123638116,0.0619856268,-0.477095991,0.116552107,0.189656526,-3.84067107e-07,-3.8342092e-05,-6.39265636e-08,1.7291728e-05,1.55653397e-05,1.06681982e-05,-0.482219219,0.635573506,0.0747696534,-2.42218924,2.36823082,1.61858392,-1.78648877,1.11544514,9.99999902e-05,0.0299999975,1.33299983,1.33299983,1.33299983
65.6666667,-0.485670865,0.631449223,0.0639298782,-2.41240406,2.33975387,1.62471402,-1.77323186,1.08111024,-6.93242441e-08,0.0284852609,1.33299911,1.33294272,1.33298409,-0.0254747272,-0.0428922735,-0.121809587,0.0600149967,-0.487925023,0.129855558,0.177217171,-5.74093792e-06,-7.80491973e-06,5.24833013e-08,5.53450081e-06,3.15217767e-06,-9.88086686e-06,-0.484727263,0.632461071,0.0653348193,-2.41557193,2.33750892,1.6263783,-1.77386773,1.11002743,0.000100000005,0.0300000012,1.33299983,1.33299983,1.33299983
65.7333333,-0.48739332,0.628899097,0.0556529462,-2.40748262,2.30763125,1.63324749,-1.76109159,1.0798229,3.81090899e-07,0.0285441466,1.3329922,1.33290136,1.33295333,-0.0261923019,-0.033610981,-0.128489017,0.0864199474,-0.4902668,0.126578122,0.196528435,-9.16817316e-06,-0.000563386129,1.67055987e-08,-1.02063495e-05,-7.38271046e-06,-2.46190757e-05,-0.487459898,0.629069984,0.0555673875,-2.40771103,2.30634117,1.63402104,-1.76131523,1.10412467,9.99999975e-05,0.0299999993,1.33299983,1.33299983,1.33299983
65.8,-0.489225835,0.626980245,0.0467615724,-2.39910817,2.27717328,1.64083815,-1.74635983,1.07967591,1.511726e-07,0.0281561557,1.33299541,1.33298385,1.33298719,-0.0277275983,-0.0270212274,-0.148227438,0.156615645,-0.484248072,0.102651253,0.240105107,-2.14918418e-06,-2.07227949e-05,-1.82604708e-07,9.27520159e-05,0.000133350433,-0.000372890063,-0.489967883,0.625957608,0.04504041,-2.39793968,2.27471185,1.64090812,-1.74742436,1.09870696,9.99999975e-05,0.0299999993,1.33299983,1.33299983,1.33299983
65.8666667,-0.490571022,0.625433683,0.0353835039,-2.38722396,2.24402523,1.64763963,-1.7299484,1.07922888,-3.20929061e-08,0.0278278273,1.33298063,1.33297122,1.33297968,-0.0160047244,-0.026352277,-0.189189211,0.179778725,-0.523128331,0.0760306045,0.256596088,-2.35671087e-06,-3.24329449e-05,-5.69198164e-08,2.05689867e-05,3.70925118e-05,2.64513073e-06,-0.491802126,0.623681366,0.0333269276,-2.38559175,2.24260402,1.64643586,-1.73078823,1.0947448,0.000100000005,0.0299999993,1.33299983,1.33299983,1.33299983
65.9333333,-0.491269946,0.623993874,0.0218687449,-2.37389064,2.2097137,1.65131342,-1.71060586,1.07922888,2.81051456e-07,0.0278183557,1.33296299,1.33295465,1.3329612,-0.00273281801,-0.0119714364,-0.217878893,0.22887516,-0.506150782,0.0385562703,0.332179546,1.38054975e-06,0.00100609323,-4.0163286e-08,2.55938212e-05,4.20090364e-05,1.21594348e-05,-0.492513329,0.622798741,0.0199999996,-2.36999989,2.21000004,1.64999998,-1.70999992,1.09320843,9.99999975e-05,0.0299999993,1.33299983,1.33299983,1.33299983
66,-0.491285354,0.624243796,0.00678808056,-2.35567689,2.1755085,1.65409708,-1.68544805,1.07922888,2.05887446e-07,0.0278057493,1.33296299,1.33295465,1.3329612,0.00255586696,0.0171976201,-0.234904245,0.317949772,-0.525381088,0.055912666,0.416265815,3.78173218e-06,2.59225671e-05,1.7345883e-08,1.45142549e-05,2.03457821e-05,1.36220779e-05,-0.492513359,0.622798741,0.00446537742,-2.34995437,2.17597246,1.65379548,-1.68491304,1.09320843,0.000100000005,0.0299999993,1.33299983,1.33299983,1.33299983
66.0666667,-0.490835607,0.625849605,-0.00958287809,-2.33182073,2.13951206,1.65902495,-1.65606523,1.07922184,7.469189e-08,0.0277907122,1.33296299,1.33296978,1.3329612,0.0105643151,0.0252589844,-0.257238865,0.391200423,-0.553806543,0.0932791978,0.457349509,5.6599556e-06,1.15598195e-05,3.10246833e-08,1.18259823e-05,1.4031044e-05,1.65864112e-05,-0.492513329,0.622798741,-0.0131715517,-2.32545638,2.1400013,1.659729,-1.65692353,1.09320843,9.99999975e-05,0.0299999993,1.33299983,1.33299983,1.33299983
66.1333333,-0.49006933,0.627192914,-0.0274547841,-2.30405784,2.10187292,1.66596568,-1.62507582,1.07922184,-6.0756669e-08,0.0277785249,1.33296335,1.33299983,1.33296299,0.0112646436,0.011539299,-0.279430419,0.43680042,-0.57368052,0.113543935,0.469004661,0.000150624342,-0.000486338133,0.00362898968,0.000431251305,0.000415879622,0.000432750559,-0.492513359,0.622798741,-0.0322882943,-2.2976563,2.10268211,1.6667639,-1.6269387,1.09320843,9.99999975e-05,0.0299999993,1.33299983,1.33299983,1.33299983
66.2,-0.489533395,0.627403378,-0.0467199534,-2.27376151,2.06336379,1.67338395,-1.5937326,1.07922184,7.34680839e-07,0.0277672429,1.3329643,1.33300018,1.33297122,0.00426992821,-0.00625351537,-0.298895746,0.469051182,-0.578873336,0.10822732,0.469526708,4.42390456e-06,0.00178297935,-1.09139364e-08,-9.53701237e-06,-2.07409175e-05,9.11098323e-06,-0.492513329,0.622798741,-0.0522623584,-2.26770449,2.06461191,1.67386365,-1.59586549,1.09320843,0.000100000005,0.0300000012,1.33299983,1.33299983,1.33299983
66.2666667,-0.489611447,0.626618028,-0.0671395808,-2.24158311,2.02496767,1.67973971,-1.56264305,1.07922184,3.65163345e-07,0.0277605187,1.3329643,1.33300018,1.33300114,-0.00622915942,-0.0181731377,-0.313911378,0.492170572,-0.571595311,0.0832548812,0.461059898,2.00416162e-06,6.69856163e-05,2.25372787e-08,5.10917744e-08,-1.17934778e-05,2.92540426e-06,-0.492513299,0.622798681,-0.0724712461,-2.2367506,2.02638578,1.67999125,-1.5646106,1.09320831,9.99999902e-05,0.0299999975,1.33299983,1.33299983,1.33299983
66.3333333,-0.490399629,0.62522316,-0.0883174986,-2.2083962,1.98738337,1.68398058,-1.53254545,1.07922184,2.06728245e-07,0.0277626775,1.33296835,1.33299863,1.33300018,-0.0164366383,-0.0253473297,-0.321216047,0.497295082,-0.555706501,0.0454977341,0.43967253,-2.33201681e-05,-0.000166777259,-4.02214937e-08,-5.23729832e-05,0.00708863419,-2.68511449e-05,-0.492513359,0.6227988,-0.0922924727,-2.20594525,1.98860061,1.68411088,-1.53408158,1.09320843,0.000100000005,0.0300000012,1.33299983,1.33299983,1.33299983
66.4,-0.49178046,0.623432219,-0.109621957,-2.1756959,1.95090747,1.68533039,-1.50431025,1.07922184,-1.38858824e-09,0.0279703215,1.33298397,1.33299994,1.33299994,-0.0237767268,-0.0303689875,-0.31665659,0.476508826,-0.533133805,-0.0025504271,0.404589295,-1.44217483e-06,3.27975831e-05,4.27244231e-08,-1.17856544e-05,-2.89151867e-05,-3.03576453e-05,-0.492513299,0.622798681,-0.11110352,-2.17643857,1.95185173,1.68518519,-1.50518513,1.09320843,9.99999975e-05,0.0299999975,1.33299983,1.33299983,1.33299983
66.4666667,-0.493576556,0.62138164,-0.130153984,-2.1452806,1.91648471,1.68311417,-1.47881758,1.07922184,4.99146324e-07,0.0279878788,1.33300138,1.33299983,1.33300018,-0.0289419293,-0.0324550718,-0.29847917,0.430003345,-0.501838803,-0.06404154,0.359410197,5.09368238e-06,0.000547565403,-4.66243364e-08,-0.00366287772,-0.000429327745,6.88078717e-06,-0.492513359,0.622798741,-0.128281951,-2.14938116,1.91673589,1.6821779,-1.47882831,1.09320843,0.000100000005,0.0300000012,1.33299983,1.33299983,1.33299983
66.5333333,-0.495625436,0.619319379,-0.148997679,-2.11874175,1.88428628,1.67624223,-1.45671475,1.07922184,8.82851737e-07,0.0280083809,1.33299899,1.33299983,1.33300006,-0.0313744135,-0.030313516,-0.265539557,0.361145407,-0.46470958,-0.142469987,0.302471548,-3.37999472e-06,0.000176308182,6.2311301e-08,-2.26696957e-05,-2.37584518e-05,-2.10681483e-05,-0.492513329,0.622798741,-0.143205196,-2.12592268,1.88384831,1.67405236,-1.45591831,1.09320843,9.99999975e-05,0.0299999993,1.33299983,1.33299983,1.33299983
66.6,-0.497739315,0.617512286,-0.16514869,-2.09747052,1.85488713,1.66357803,-1.43884063,1.07922173,1.03445711e-06,0.028213555,1.33299971,1.33299804,1.33299983,-0.0311111826,-0.0245594289,-0.217579708,0.273072034,-0.418242544,-0.238365531,0.232918724,-3.4547536e-06,0.000217331748,-4.51109372e-09,-2.06492605e-05,-2.24745017e-05,-1.83671291e-05,-0.492513329,0.622798741,-0.155250832,-2.10721374,1.85378575,1.65977216,-1.43736207,1.09320843,9.99999975e-05,0.0299999975,1.33299983,1.33299983,1.33299983
66.6666667,-0.499561965,0.616244078,-0.177970693,-2.08259606,1.82864487,1.6433481,-1.42607725,1.07922173,5.53677239e-07,0.0282269698,1.33299971,1.33299708,1.33299983,-0.018161552,-0.00916218664,-0.176232025,0.173951745,-0.378737569,-0.393456042,0.147261173,-2.96174017e-06,6.43232343e-05,1.13228452e-07,-5.52420715e-06,-6.83497638e-06,-1.054327e-05,-0.492484927,0.623129547,-0.164145961,-2.09410048,1.82679784,1.63695538,-1.42431915,1.09321463,0.000100052159,0.0298358276,1.33299983,1.33299983,1.33299983
66.7333333,-0.5004614,0.617139816,-0.188541606,-2.07358146,1.80373514,1.60846519,-1.41988361,1.07917869,7.6293145e-07,0.0282291565,1.33299947,1.33297491,1.33298779,-0.0116292285,0.0388336703,-0.136421055,0.100752458,-0.368699491,-0.651833534,0.0349987485,-0.0269548297,0.000122000376,1.13868737e-08,1.56387687e-05,2.53413164e-05,-2.20502261e-06,-0.492283165,0.625478089,-0.171541557,-2.08527946,1.80124676,1.59852254,-1.41827166,1.09325886,0.000100422476,0.0286702234,1.33299983,1.33299983,1.33299983
66.8,-0.501003921,0.62147367,-0.195865542,-2.06879735,1.77985203,1.5575192,-1.42012334,1.07908726,9.89407226e-07,0.0282173268,1.33297455,1.33294451,1.33295739,-0.00254608062,0.087662749,-0.0826602951,0.0423971936,-0.347321957,-0.859975457,-0.0396430343,-1.98995144e-06,0.000193825268,7.77072273e-09,3.90446512e-05,5.87836257e-05,1.12899579e-05,-0.491945058,0.62941438,-0.177613333,-2.07997918,1.77697861,1.54727161,-1.41797233,1.09333301,0.000101043166,0.026716603,1.33299983,1.33299983,1.33299983
66.8666667,-0.50054574,0.628307402,-0.199459702,-2.06790495,1.75735772,1.49597251,-1.42456663,1.07908738,1.24951225e-06,0.0268166568,1.33294404,1.33291483,1.33292341,0.0174953789,0.11206679,-0.0259736981,-0.0165108312,-0.328497529,-0.971371055,-0.0851730406,-4.37126146e-05,0.000825614668,-0.0511092842,0.00020778412,0.00043936912,-5.21307811e-07,-0.491538674,0.634144485,-0.182206824,-2.07766461,1.75416827,1.48757088,-1.42181671,1.09342217,0.000101789017,0.0243689697,1.33299983,1.33299983,1.33299983
66.9333333,-0.498696864,0.635911167,-0.199247003,-2.07078457,1.73604882,1.42985976,-1.43100667,1.07908762,2.46495802e-06,0.0245514177,1.33290589,1.33288467,1.33288503,0.0376347043,0.112001166,0.0299520418,-0.0684526041,-0.312079221,-1.00286388,-0.101351604,-2.46637865e-06,0.000457385497,-0.0504135527,3.04928981e-05,4.28395178e-05,-4.69153747e-08,-0.491132408,0.638874769,-0.185167715,-2.0777986,1.73299074,1.42378855,-1.4282012,1.09351122,0.00010253489,0.0220213439,1.33299983,1.33299983,1.33299983
67,-0.495763659,0.642886341,-0.195442513,-2.07655382,1.71592808,1.36381996,-1.43774843,1.07897568,2.19777326e-06,0.0225163922,1.3328743,1.33285832,1.33285272,0.0495204329,0.0939548984,0.080122672,-0.102032483,-0.293504,-0.971865654,-0.0949893594,-2.04531534e-06,0.000328602036,-0.0520763882,2.29330326e-05,4.12563677e-05,-1.06228981e-08,-0.490794241,0.642811,-0.186341494,-2.07984567,1.71362054,1.36029279,-1.43552089,1.09358525,0.000103155558,0.0200677179,1.33299983,1.33299983,1.33299983
67.0666667,-0.492374271,0.648101866,-0.188621581,-2.0838871,1.69717109,1.30192876,-1.44339037,1.07897639,2.64266845e-07,0.0213848278,1.33285344,1.33284616,1.33282447,0.0513867922,0.0590661988,0.120001696,-0.116405837,-0.267195553,-0.877268851,-0.0695823431,2.89307309e-06,-0.000389680965,-1.47410901e-08,4.0690793e-05,6.39369246e-05,1.6270089e-05,-0.49059251,0.645159602,-0.185573846,-2.08326888,1.69623268,1.3014518,-1.44217181,1.09362972,0.00010352589,0.0189021155,1.33299983,1.33299983,1.33299983
67.1333333,-0.489202261,0.650418639,-0.179551601,-2.0916307,1.68038046,1.24859405,-1.44668674,1.07898319,-5.77054493e-08,0.0209688954,1.33284652,1.33284283,1.33281362,0.0432568453,0.00735253654,0.14764148,-0.115073621,-0.233721882,-0.714500606,-0.0250740498,2.55750638e-06,2.19344274e-05,8.49495336e-08,1.36029871e-06,1.42466888e-06,1.38189625e-06,-0.4905954,0.645126522,-0.18271026,-2.08753252,1.68100202,1.25163376,-1.4465493,1.093629,0.000103520673,0.018918531,1.33299983,1.33299983,1.33299983
67.2,-0.486848861,0.648800969,-0.16906099,-2.09879756,1.66566014,1.20830417,-1.44635773,1.07913148,-1.05506706e-06,0.0209743027,1.33285081,1.33285475,1.33282316,0.0282519534,-0.0580427162,0.163286909,-0.0978644639,-0.211711377,-0.487644553,0.0377641246,2.68011627e-06,0.00015484594,6.47996785e-08,-2.58464861e-05,-4.04321763e-05,-8.19485285e-06,-0.490870982,0.641917944,-0.177596375,-2.09209967,1.66810286,1.21520698,-1.44704938,1.09356856,0.00010301474,0.020510979,1.33299983,1.33299983,1.33299983
67.2666667,-0.48572877,0.642336726,-0.157538697,-2.10484004,1.65427065,1.18604589,-1.44082344,1.0791316,-7.08752054e-07,0.0215790551,1.33288229,1.33288693,1.33285654,0.00578697817,-0.136073783,0.178325102,-0.081244491,-0.139180452,-0.17552112,0.128477558,4.36139526e-05,-0.000185420271,0.0512420759,-0.000191316241,-0.000405246392,5.18513843e-07,-0.491487592,0.634739995,-0.170077756,-2.09643412,1.65771079,1.19653964,-1.44206774,1.09343338,0.000101882913,0.0240734667,1.33299983,1.33299983,1.33299983
67.3333333,-0.486118197,0.630583763,-0.145335093,-2.10917258,1.6457839,1.18630362,-1.42883825,1.07913268,-1.9792617e-06,0.0248419512,1.33300042,1.33299625,1.33300054,-0.0145244934,-0.217557922,0.186506987,-0.0477437936,-0.118943721,0.191853836,0.236052737,3.19801366e-05,-0.00369159272,0.0653275102,-0.000582342909,-0.00017362216,-0.00543943606,-0.492513329,0.622798741,-0.159999996,-2.0999999,1.64999998,1.19999993,-1.42999995,1.09320843,9.99999975e-05,0.0299999993,1.33299983,1.33299983,1.33299983
67.4,-0.487887233,0.61309737,-0.132311761,-2.1121099,1.64092898,1.21160233,-1.40936649,1.07913268,-4.84524264e-07,0.0303513166,1.33300018,1.33300018,1.3330003,-0.0388523191,-0.306120723,0.201380581,-0.0430478305,-0.0439241603,0.542824149,0.335876644,5.56937266e-07,6.59801117e-06,0.095968172,-2.02679639e-05,1.90808919e-06,-1.33479898e-05,-0.494012028,0.605352104,-0.146355063,-2.1035912,1.64487183,1.22484565,-1.41068995,1.09287977,9.72489943e-05,0.0386589095,1.33299983,1.33299983,1.33299983
67.4666667,-0.491463542,0.589937329,-0.118281245,-2.11512303,1.63888502,1.25623131,-1.38459885,1.07913268,-3.44527024e-07,0.0380509123,1.33300018,1.33300018,1.33300018,-0.0663279518,-0.387093246,0.219172254,-0.0499613993,-0.0175725147,0.778332353,0.404323399,3.5206449e-07,1.41977798e-05,0.130274281,-1.85667814e-05,1.89638297e-06,-1.28525016e-05,-0.495948434,0.582809627,-0.128724664,-2.10823131,1.64192986,1.26567376,-1.38573968,1.09245515,9.36944634e-05,0.0498469584,1.33299983,1.33299983,1.33299983
67.5333333,-0.496582389,0.561861098,-0.102681369,-2.1187501,1.63853467,1.31401098,-1.35555291,1.07913268,-2.1178495e-07,0.0480110869,1.33299994,1.33300006,1.33300233,-0.0829087198,-0.452649146,0.248188764,-0.0602056123,0.00923423748,0.944906235,0.464252651,4.81343814e-05,0.000602644286,0.161456972,0.0072403159,-0.000548249169,-0.00364472065,-0.498242408,0.556104779,-0.107838959,-2.11372805,1.64090264,1.31986165,-1.35618234,1.09195209,8.94836121e-05,0.0631007925,1.33299983,1.33299983,1.33299983
67.6,-0.502225757,0.530111611,-0.0847850442,-2.12292576,1.63986385,1.38155317,-1.32290566,1.07913268,-7.32704279e-08,0.0599474572,1.33300006,1.33299994,1.33300042,-0.0819446743,-0.497541666,0.287544072,-0.0669567809,0.0334423333,1.07441568,0.511749029,4.00294539e-07,1.83050815e-05,0.188952163,5.35210347e-08,9.56815711e-08,-8.07376637e-08,-0.500813663,0.526171267,-0.0844280794,-2.11988926,1.64151812,1.38478637,-1.32305169,1.09138823,8.47636547e-05,0.077957049,1.33299983,1.33299983,1.33299983
67.6666667,-0.50731653,0.496061265,-0.0640091002,-2.1274693,1.64264655,1.45668781,-1.2875948,1.07901239,3.28580683e-08,0.0735327229,1.33300006,1.33299994,1.3330003,-0.067646578,-0.522567451,0.333480775,-0.0724358484,0.0523500666,1.17169166,0.544134974,1.04475976e-06,2.10893832e-05,0.210604727,5.00060651e-08,1.15126568e-07,5.94668563e-08,-0.50358212,0.493942678,-0.0592222288,-2.12652302,1.64350522,1.4578253,-1.28738046,1.09078097,7.96818131e-05,0.0939523876,1.33299983,1.33299983,1.33299983
67.7333333,-0.511210561,0.460927248,-0.0401757658,-2.13240838,1.64637876,1.53697896,-1.25060928,1.07901239,2.71966883e-07,0.0883869603,1.33300006,1.33299994,1.33300018,-0.0475221574,-0.531113863,0.378144234,-0.0795324668,0.0627114847,1.22850442,0.561365843,6.98263989e-07,6.25430548e-05,0.226729929,-3.67233042e-07,-6.84474799e-07,-1.34144102e-07,-0.506467581,0.46035257,-0.0329515673,-2.13343716,1.64659214,1.53635573,-1.25020266,1.09014833,7.43852797e-05,0.110623449,1.33299983,1.33299983,1.33299983
67.8,-0.513734579,0.425694317,-0.0136731984,-2.13787198,1.65060651,1.61959434,-1.21294272,1.07901239,3.6577697e-07,0.104125872,1.33299994,1.33299983,1.33300006,-0.0277477726,-0.526167989,0.412624568,-0.0880928412,0.06780231,1.24208283,0.563872218,8.10251947e-07,9.18011501e-05,0.237045571,-4.87426405e-07,-9.83205155e-07,-1.94923814e-07,-0.509389758,0.42633459,-0.00634622946,-2.14043927,1.65050709,1.61775494,-1.21255112,1.08950746,6.90212764e-05,0.127506882,1.33299983,1.33299983,1.33299983
67.8666667,-0.515051484,0.391210347,0.0145388003,-2.14385486,1.6550678,1.70172954,-1.1756295,1.07901239,2.94763964e-07,0.120343789,1.33299983,1.33299983,1.33299994,-0.0122435931,-0.508885682,0.428985178,-0.0945594758,0.0697601736,1.21554255,0.550161183,-2.6652765e-07,7.42399789e-05,0.241253808,3.22139022e-06,5.6865465e-06,-6.88960426e-08,-0.512268484,0.392822266,0.0198635943,-2.14733744,1.65497863,1.69940019,-1.17545938,1.08887613,6.37370104e-05,0.14413932,1.33299983,1.33299983,1.33299983
67.9333333,-0.515525699,0.358279914,0.043060232,-2.15009713,1.6595782,1.78085983,-1.13980019,1.07901239,2.06138381e-07,0.136614546,1.33299983,1.33299935,1.33299983,-0.00314467656,-0.479554355,0.4220801,-0.0953527614,0.069034256,1.15303278,0.519168258,-1.07497249e-06,3.48532449e-05,0.239027366,1.10483234e-05,2.15609034e-05,-1.01295882e-07,-0.515023589,0.360749245,0.0449477471,-2.15393901,1.65973532,1.77866888,-1.13996053,1.08827198,5.86796996e-05,0.160057425,1.33299983,1.33299983,1.33299983
68,-0.515613139,0.327697515,0.0702640638,-2.15616679,1.66396129,1.85466599,-1.1066221,1.07901239,1.95749323e-07,0.152487576,1.33299851,1.33299839,1.33299315,-0.00103175594,-0.438226551,0.390196383,-0.0889409781,0.0656384081,1.05638707,0.470969558,-1.52948837e-06,1.99607639e-05,0.229926273,1.51815329e-05,3.01978071e-05,-2.01980583e-08,-0.517574787,0.331049144,0.0681760684,-2.1600523,1.66450524,1.85293794,-1.10708809,1.08771253,5.39965476e-05,0.174797848,1.33299983,1.33299983,1.33299983
68.0666667,-0.515754104,0.300268412,0.094518818,-2.1615901,1.66803789,1.92086637,-1.07721877,1.07901239,2.04335336e-07,0.167480305,1.33298254,1.33299828,1.33297002,-0.00484387018,-0.384474546,0.334922373,-0.0755697712,0.059843991,0.925335288,0.40643698,3.92285619e-06,-0.000301304419,0.214004502,0.00729970494,0.000448902079,0.00727767451,-0.519842088,0.304655552,0.0888184011,-2.16548514,1.66901696,1.91958475,-1.07787538,1.08721519,4.9834769e-05,0.187897235,1.33299983,1.33299983,1.33299983
68.1333333,-0.516255856,0.276853502,0.114387862,-2.16594768,1.67158866,1.97707999,-1.05262637,1.07901239,7.13134909e-07,0.181084529,1.33298016,1.33299994,1.33296931,-0.0116356369,-0.317168206,0.260201514,-0.0564998314,0.0504841693,0.757673621,0.32712096,-3.21644848e-07,8.79003783e-05,0.189456239,-4.82249816e-05,-3.4513534e-05,-4.97125511e-05,-0.521745086,0.282502025,0.106144577,-2.17004514,1.67299902,1.97598684,-1.05335569,1.08679795,4.63415745e-05,0.198892221,1.33299983,1.33299983,1.33299983
68.2,-0.517215252,0.258396149,0.12876451,-2.16890574,1.67460608,2.02095079,-1.03386378,1.07901239,3.47627804e-07,0.192780182,1.33297551,1.33299875,1.33296442,-0.0184303094,-0.235106781,0.171378508,-0.0328426771,0.0410911664,0.55408746,0.233198211,-1.70591511e-06,1.82699587e-05,0.157380998,-9.2070768e-05,-6.49641588e-05,-0.000107166707,-0.523203671,0.265522182,0.119424425,-2.17354035,1.67617941,2.019521,-1.03456223,1.08647799,4.36641749e-05,0.207319468,1.33299983,1.33299983,1.33299983
68.2666667,-0.518532395,0.24590978,0.136863813,-2.17020226,1.67688799,2.04994464,-1.02184331,1.07901239,5.43488682e-07,0.20202744,1.33294713,1.33297801,1.33293569,-0.0222403686,-0.137663811,0.0731119886,-0.0064056539,0.02678263,0.311091006,0.125710875,1.05242689e-05,0.000247896183,0.117051728,-0.000289209973,-0.00504641747,-0.000334424694,-0.524137616,0.254649669,0.12792778,-2.17577839,1.67828691,2.04756522,-1.02252829,1.08627319,4.1949781e-05,0.212715596,1.33299983,1.33299983,1.33299983
68.3333333,-0.519925416,0.240434483,0.138213888,-2.16971302,1.6779139,2.06126642,-1.01752329,1.07854545,1.77939055e-05,0.208292603,1.33292449,1.33297586,1.33290851,-0.0206396598,-0.0245965086,-0.0296009351,0.0206941031,0.00431677047,0.024863977,0.00513504958,-2.5694344e-06,0.000281480345,0.0702245459,1.55729358e-05,2.94845522e-05,5.4424163e-09,-0.524466753,0.250818014,0.130924493,-2.17656684,1.67904973,2.05749583,-1.01828742,1.08620107,4.13456e-05,0.214617267,1.33299983,1.33299983,1.33299983
68.4,-0.519323528,0.241896704,0.132021666,-2.17166495,1.6496563,2.05768013,-1.0165987,1.07971609,0.00372532709,0.154167905,1.32175457,1.32216096,1.32211185,0.0185302366,0.0516243838,-0.100655265,-0.0472657382,-0.364364535,-0.0322057717,-0.04591031,-3.84807572e-06,-0.000141204597,-0.612594664,4.73874388e-05,9.5917203e-05,-5.90225682e-08,-0.524466753,0.250818014,0.130924493,-2.17656684,1.67904973,2.05749583,-1.01828742,1.14775288,0.0335464105,0.0897067562,1.33299983,1.33299983,1.33299983
68.4666667,-0.517328501,0.247331694,0.12433666,-2.17720294,1.62553024,2.05197668,-1.02986896,1.07505536,0.0185088795,0.0893431306,1.32129562,1.32173979,1.32169676,0.0335853919,0.104509674,-0.112508573,-0.101386704,-0.297885656,-0.0803167149,-0.250766933,-0.0403360836,0.156475127,-0.854798257,2.64532864e-05,4.73097316e-05,-2.73576006e-08,-0.524466753,0.250818014,0.130924493,-2.17656684,1.67904973,2.05749583,-1.01828742,1.10977006,0.0661066473,0,1.33299983,1.33299983,1.33299983
68.5333333,-0.515160501,0.25543505,0.117567517,-2.18491697,1.60206592,2.05147529,-1.04714835,1.07795179,0.0202801954,0.0439406373,1.321257,1.32170296,1.32165515,0.0295702573,0.13729696,-0.0851068273,-0.110622212,-0.308727086,0.0279873665,-0.275243402,-3.20731779e-05,-0.000245708739,-0.487697095,0.000802930153,0.000191607978,0.00514703151,-0.524466753,0.250818014,0.130924493,-2.17656684,1.67904973,2.05749583,-1.01828742,1.24071848,0.0575060062,0,1.33299983,1.33299983,1.33299983
68.6,-0.512562156,0.266047657,0.110912874,-2.19089603,1.57791388,2.05506253,-1.06266725,1.07760775,0.0211304817,0.0205463562,1.32122838,1.32167304,1.32162249,0.0421976708,0.17555736,-0.0999761894,-0.0590952337,-0.336042583,0.0559656471,-0.221876591,1.66496102e-06,-0.000100969832,-0.226460576,3.18044331e-05,6.49773283e-05,-5.51808625e-08,-0.524466753,0.250818014,0.130924493,-2.17656684,1.67904973,2.05749583,-1.01828742,1.21787858,0.0707262382,0,1.33299983,1.33299983,1.33299983
68.6666667,-0.509147644,0.279507548,0.103424609,-2.19308805,1.56241,2.0550139,-1.08780575,1.08130896,0.0226303712,0.0100325458,1.32119703,1.32164121,1.32159197,0.0542663597,0.217586428,-0.114044718,-0.00142547814,-0.194525838,-0.0300437678,-0.392186135,-5.40804467e-06,-4.47747152e-05,-0.109424837,1.27407839e-05,2.73569894e-05,2.7299393e-08,-0.524466753,0.250818014,0.130924493,-2.17656684,1.67904973,2.05749583,-1.01828742,1.24616504,0.0963152573,0,1.33299983,1.33299983,1.33299983
68.7333333,-0.506528497,0.294966757,0.0985372439,-2.1921947,1.54270923,2.0559957,-1.10661101,1.07949257,0.0234976895,0.00417471258,1.32096839,1.32140899,1.32136083,0.0270654522,0.235152662,-0.0399882197,0.039447926,-0.272977024,0.0248596817,-0.246402085,4.7395115e-06,7.82852294e-06,-0.0544428416,-4.20721562e-06,-7.92353239e-06,-1.6344984e-08,-0.524466753,0.250818014,0.130924493,-2.17656684,1.67904973,2.05749583,-1.01828742,1.18482649,0.113972783,0,1.33299983,1.33299983,1.33299983
68.8,-0.506159127,0.310697883,0.0997247472,-2.18887496,1.52914262,2.05852032,-1.12717175,1.07924414,0.0240310784,4.70233908e-06,1.3279295,1.32798421,1.32827795,-0.00673778914,0.2342076,0.0511176251,0.0761706308,-0.190056399,0.0306444131,-0.287632316,6.59631769e-06,9.57981683e-06,8.19972774e-05,0.142579764,0.133736357,0.138950765,-0.524466753,0.250818014,0.130924493,-2.17656684,1.67904973,2.05749583,-1.01828742,1.17725074,0.131453067,0,1.33299983,1.33299983,1.33299983
68.8666667,-0.50754118,0.326207608,0.105684198,-2.18303156,1.51340508,2.06290984,-1.14374363,1.07884109,0.0239163954,2.29953145e-07,1.33299994,1.3330003,1.33299994,-0.0279560257,0.226786539,0.109919243,0.109110318,-0.225881591,0.070818238,-0.221132457,8.15621752e-06,0.000697402516,-9.10731615e-08,-1.09153661e-05,-1.63671029e-05,-5.72880253e-06,-0.524466753,0.250818014,0.130924493,-2.17656684,1.67904973,2.05749583,-1.01828742,1.14800537,0.117441848,0,1.33299983,1.33299983,1.33299983
68.9333333,-0.509920359,0.340873301,0.114501186,-2.17587519,1.49596751,2.06914616,-1.15778875,1.07357943,0.0266780388,3.06772495e-06,1.33300006,1.33300006,1.33300006,-0.0381127857,0.210412815,0.140223742,0.117062941,-0.24725312,0.0908465534,-0.179041773,4.2931606e-06,1.72990258e-05,-8.29459168e-08,-9.33405045e-06,-1.33662707e-05,-5.26845633e-06,-0.524466753,0.250818014,0.130924493,-2.17656684,1.67904973,2.05749583,-1.01828742,1.11898494,0.134271696,0,1.33299983,1.33299983,1.33299983
69,-0.510780931,0.354547024,0.119772874,-2.16814017,1.4834789,2.07211065,-1.17841256,1.07424963,0.0267542787,9.94405309e-06,1.33300018,1.33300018,1.33300018,0.00624968996,0.197372004,0.0306941401,0.123273648,-0.179285094,-0.00338683906,-0.318861485,1.57357135e-07,2.5246758e-05,1.25219231e-07,-1.68623064e-05,-2.07683534e-05,-1.25331972e-05,-0.524466753,0.250818014,0.130924493,-2.17656684,1.67904973,2.05749583,-1.01828742,1.15255976,0.142133072,0,1.33299983,1.33299983,1.33299983
69.0666667,-0.508283734,0.366805136,0.11630328,-2.15982413,1.47059488,2.06786537,-1.20198524,1.05627143,0.0315690674,2.14829433e-05,1.3330003,1.33299828,1.3330003,0.057482589,0.171745732,-0.106748268,0.131140217,-0.196326807,-0.117088661,-0.321715236,-0.202492058,0.0821821168,9.39326128e-08,-6.96963398e-05,0.0053199213,-5.60083718e-05,-0.524466753,0.250818014,0.130924493,-2.17656684,1.67904973,2.05749583,-1.01828742,1.04182911,0.147237733,0,1.33299983,1.33299983,1.33299983
69.1333333,-0.503352582,0.377931058,0.106181085,-2.15286303,1.46157813,2.05617952,-1.23358071,1.02002621,0.0377772413,3.78128607e-05,1.33300006,1.33300018,1.33300018,0.0823698267,0.162921533,-0.17628938,0.0929144993,-0.105273582,-0.209276825,-0.465957493,-0.3259736,2.53301114e-05,-8.274219e-08,-2.21066039e-05,-2.38163484e-05,-2.04811768e-05,-0.524466753,0.250818014,0.130924493,-2.17656684,1.67904973,2.05749583,-1.01828742,0.951860428,0.158480838,0,1.33299983,1.33299983,1.33299983
69.2,-0.500576556,0.386595935,0.100991696,-2.15210319,1.47438586,2.06155038,-1.26108015,1.02804065,0.0374799483,0.000729423249,1.33300018,1.33300006,1.33300018,0.0238534939,0.097818397,-0.0399220809,-0.0458399393,0.243438587,0.12034367,-0.4308846,0.103958778,4.72165848e-05,6.96163625e-08,-4.01806792e-05,-4.11612091e-05,-2.88735191e-05,-0.524466753,0.250818014,0.130924493,-2.17656684,1.67904973,2.05749583,-1.01828742,1.06440473,0.137294501,0,1.33299983,1.33299983,1.33299983
69.2666667,-0.500470102,0.390750289,0.10161835,-2.1598711,1.4946214,2.07194567,-1.29192388,1.07181931,0.0266908742,0.00078715547,1.33300006,1.33300018,1.33300018,-0.0146444114,0.0324617438,0.0442915782,-0.15542677,0.301577032,0.166345015,-0.490079343,0.494254827,5.07647346e-05,1.06811058e-07,-5.4635897e-05,-5.22908304e-05,-5.13043342e-05,-0.524466753,0.250818014,0.130924493,-2.17656684,1.67904973,2.05749583,-1.01828742,1.19363034,0.123442918,0,1.33299983,1.33299983,1.33299983
69.3333333,-0.502450109,0.391096354,0.106754698,-2.17346597,1.5182445,2.08611727,-1.32893467,1.07106495,0.0272858962,0.000849628414,1.33299994,1.33299994,1.33299983,-0.0381672345,-0.0178621169,0.0934246927,-0.230713889,0.373675972,0.219093174,-0.527299583,-2.90904427e-05,0.000452611072,0.00288049993,-0.000419278105,-0.000433933805,-0.000400830468,-0.524466753,0.250818014,0.130924493,-2.17656684,1.67904973,2.05749583,-1.01828742,1.09449017,0.11526005,0,1.33299983,1.33299983,1.33299983
69.4,-0.506202996,0.388522595,0.115773581,-2.19099355,1.54469943,2.10335803,-1.36425197,1.07592559,0.0248978864,0.000903741806,1.33299923,1.33299851,1.33299923,-0.067253232,-0.0563451611,0.159108818,-0.275863558,0.410622537,0.27156812,-0.526588142,-0.0314583033,3.04616115e-05,-4.95347194e-08,1.7270504e-06,-3.44178261e-06,4.59231233e-05,-0.524466753,0.250818014,0.130924493,-2.17656684,1.67904973,2.05749583,-1.01828742,1.18373227,0.0936438739,0,1.33299983,1.33299983,1.33299983
69.4666667,-0.511217415,0.381139487,0.126765653,-2.20962715,1.57729661,2.11616492,-1.40225685,1.0739578,0.025240317,0.000771807798,1.33299983,1.33299983,1.33299983,-0.082525447,-0.14703694,0.172047377,-0.283507347,0.467252761,0.195038527,-0.533032417,-6.65708285e-06,4.07695188e-06,5.26197255e-08,-2.25252734e-05,-1.3483781e-05,-2.92766381e-05,-0.524466753,0.250818014,0.130924493,-2.17656684,1.67904973,2.05749583,-1.01828742,1.10511732,0.0672391802,0,1.33299983,1.33299983,1.33299983
69.5333333,-0.517281413,0.371760368,0.139787927,-2.22791171,1.61116016,2.13373995,-1.44168901,1.07351863,0.0265001245,0.00078612892,1.33299983,1.33299983,1.33299983,-0.0922820643,-0.142544463,0.197331443,-0.268315852,0.517518163,0.260825932,-0.593345165,-6.95581548e-09,-3.77413817e-05,3.40005499e-08,1.39103286e-05,2.61121422e-05,2.51825259e-06,-0.524466753,0.250818014,0.130924493,-2.17656684,1.67904973,2.05749583,-1.01828742,1.10813391,0.0923096463,0,1.33299983,1.33299983,1.33299983
69.6,-0.523416758,0.362460524,0.152877927,-2.24380112,1.6414392,2.15445518,-1.47323751,1.08353329,0.0230388362,-7.77742883e-08,1.33280325,1.33280528,1.33279967,-0.0950310156,-0.145549268,0.201641321,-0.207376897,0.444810957,0.297457695,-0.434117079,-0.0354081243,-6.44274987e-05,1.07033338e-05,1.97201589e-05,4.5054825e-05,4.2472966e-06,-0.524466753,0.250818014,0.130924493,-2.17656684,1.67904973,2.05749583,-1.01828742,1.23938894,0.100382909,0,1.33299983,1.33299983,1.33299983
69.6666667,-0.529501259,0.354083031,0.166183516,-2.25485635,1.66808259,2.17827821,-1.49956334,1.07539213,0.0260982942,9.05794764e-08,1.33281231,1.33281338,1.33280671,-0.0882374421,-0.119503491,0.194556847,-0.139370739,0.390108645,0.34339273,-0.364829093,-0.058954902,0.00123798102,0.00220846548,-0.00051278685,-0.000851534889,-0.000224517935,-0.524466753,0.250818014,0.130924493,-2.17656684,1.67904973,2.05749583,-1.01828742,1.11237788,0.111721188,0,1.33299983,1.33299983,1.33299983
69.7333333,-0.534039617,0.349011779,0.177141771,-2.26347542,1.69906628,2.20174932,-1.53472424,1.07680583,0.0267824102,2.23748589e-06,1.33299685,1.33279788,1.33279514,-0.054813955,-0.0630690232,0.136697963,-0.134221911,0.477054238,0.308062702,-0.585143387,-0.0636892766,-0.0864569917,-0.000354014337,0.00684412662,0.00523238024,0.00592801487,-0.524466753,0.250818014,0.130924493,-2.17656684,1.67904973,2.05749583,-1.01828742,1.15982473,0.126241773,0,1.33299983,1.33299983,1.33299983
69.8,-0.537380695,0.347849816,0.186987594,-2.2722311,1.73445177,2.22312999,-1.57716107,1.07624781,0.025792025,3.96859286e-06,1.33299327,1.33278847,1.33278108,-0.0479083396,0.0157488044,0.158933029,-0.132777214,0.575490594,0.309670478,-0.686703086,-1.96037217e-06,-4.14101523e-05,-1.5300775e-05,1.52751454e-05,2.87982257e-05,1.97818736e-06,-0.524466753,0.250818014,0.130924493,-2.17656684,1.67904973,2.05749583,-1.01828742,1.17059457,0.141421631,0,1.33299983,1.33299983,1.33299983
69.8666667,-0.539763033,0.346593112,0.194267541,-2.28326106,1.7728008,2.23489261,-1.62296212,1.07920015,0.031918373,-4.8761355e-09,1.33297884,1.33287263,1.33298838,-0.0339774042,-0.1001141,0.0606799349,-0.200806916,0.555401564,0.0528665669,-0.70550698,-0.164595425,-0.220413014,1.24953885e-07,-4.85743658e-06,7.27330989e-05,-7.18987358e-05,-0.524466753,0.250818014,0.130924493,-2.17656684,1.67904973,2.05749583,-1.01828742,1.16439676,0.153755262,0,1.33299983,1.33299983,1.33299983
69.9333333,-0.542910933,0.339886516,0.200387657,-2.29661226,1.81027448,2.24352694,-1.66631067,1.07937777,0.0315286107,6.85986879e-06,1.33291221,1.33280683,1.33292162,-0.0612074919,-0.124445878,0.110475056,-0.220162258,0.56302619,0.0905438885,-0.657062888,-1.29210312e-05,5.02099283e-06,6.94401679e-05,-2.8716835e-05,-1.72887412e-05,-3.66459572e-05,-0.524466753,0.250818014,0.130924493,-2.17656684,1.67904973,2.05749583,-1.01828742,1.18637502,0.163776338,0,1.33299983,1.33299983,1.33299983
70,-0.547524929,0.331424564,0.208855763,-2.3116262,1.85041618,2.25332284,-1.71152925,1.07948601,0.0302494392,1.00059924e-05,1.33276784,1.33266342,1.33278501,-0.0773088783,-0.141765997,0.135283932,-0.237457708,0.605865002,0.118139945,-0.675293982,-4.08659616e-05,-1.17185991e-05,4.92780528e-05,-7.58141323e-05,-3.21033294e-05,-0.00011115431,-0.524466753,0.250818014,0.130924493,-2.17656684,1.67904973,2.05749583,-1.01828742,1.21904838,0.171918452,0,1.33299983,1.33299983,1.33299983
70.0666667,-0.553228796,0.321838915,0.218898222,-2.32616782,1.88788784,2.2663188,-1.75063968,1.07841218,0.0308834724,1.11334921e-05,1.33223224,1.33218777,1.33229518,-0.098577857,-0.165005416,0.164262027,-0.228526339,0.528200209,0.174690679,-0.546010852,-3.98603879e-06,1.68352854e-05,0.000568656367,0.00498272199,0.000482259289,0.000531239901,-0.524466753,0.250818014,0.130924493,-2.17656684,1.67904973,2.05749583,-1.01828742,1.18423104,0.178533942,0,1.33299983,1.33299983,1.33299983
70.1333333,-0.559559762,0.312194556,0.23022683,-2.33880353,1.92765141,2.28063536,-1.79036677,1.07561338,0.0298734251,0.0254737902,1.33243787,1.33243883,1.33244801,-0.100302324,-0.146017462,0.178275257,-0.180549175,0.574815989,0.186323717,-0.580927968,1.70887361e-05,0.000287090079,0.400251538,0.000725725607,0.000462208525,0.000803296047,-0.524466753,0.250818014,0.130924493,-2.17656684,1.67904973,2.05749583,-1.01828742,1.14230835,0.183909014,0.06819278,1.33299983,1.33299983,1.33299983
70.2,-0.566407979,0.303945333,0.243667647,-2.34558773,1.96599436,2.29917121,-1.82479084,1.05333495,0.0351639725,0.0888735279,1.33263767,1.33261657,1.33264732,-0.118358985,-0.095080927,0.248249233,-0.0797324777,0.444037974,0.351146638,-0.422071248,-0.282449424,0.140688807,0.999469161,-0.0943347216,-0.0948615596,-0.093969129,-0.524466753,0.250818014,0.130924493,-2.17656684,1.67904973,2.05749583,-1.01828742,1.0416441,0.188276261,0.220627025,1.33299983,1.33299983,1.33299983
70.2666667,-0.574717283,0.299458504,0.262484103,-2.35018182,2.0020895,2.32084727,-1.85922575,1.02080345,0.040613696,0.10498748,1.33113635,1.33113682,1.33122528,-0.135720387,-0.0883457139,0.289144397,-0.0896622613,0.551708817,0.247690901,-0.51583755,-0.310969621,-1.25239603e-05,0.200908512,1.65140113e-06,2.13636667e-07,3.26690497e-08,-0.524466753,0.250818014,0.130924493,-2.17656684,1.67904973,2.05749583,-1.01828742,0.957633615,0.191824645,0.129027665,1.33299983,1.33299983,1.33299983
70.3333333,-0.58249104,0.291904628,0.27717036,-2.3598702,2.04001236,2.33324575,-1.89925385,1.01481795,0.0415470824,0.117159434,1.33125782,1.33124661,1.33136356,-0.108102046,-0.113774091,0.198690876,-0.165561959,0.629549325,0.130123332,-0.685757637,-0.0582826585,0.232846379,0.237696335,0.000119417833,0.000247200165,-1.96188921e-07,-0.524466753,0.250818014,0.130924493,-2.17656684,1.67904973,2.05749583,-1.01828742,0.995531678,0.194707707,0.147035688,1.33299983,1.33299983,1.33299983
70.4,-0.588631272,0.2843858,0.288250685,-2.37006927,2.08774686,2.33972883,-1.9496249,0.986276507,0.0399130285,0.1693414,1.3330009,1.33257139,1.33257234,-0.0774435252,-0.0826924816,0.167887807,-0.0970276892,0.877892077,0.0879383385,-0.786012173,-0.289232731,-0.265157431,0.75972867,8.59324209e-05,0.000253485807,2.82917172e-05,-0.524466753,0.250818014,0.130924493,-2.17656684,1.67904973,2.05749583,-1.01828742,0.920577824,0.176344022,0.284686923,1.33299983,1.33299983,1.33299983
70.4666667,-0.592846394,0.279407799,0.297001421,-2.37604451,2.13473654,2.34614038,-1.99928391,0.939712524,0.0411115028,0.220315829,1.33134174,1.33099818,1.33107114,-0.0552517585,-0.0636135042,0.119966291,-0.0735586137,0.673312783,0.0633250102,-0.688617766,-0.592028201,0.000114689581,0.813754618,-0.000109684886,-0.000214919914,-1.93223823e-05,-0.524466753,0.250818014,0.130924493,-2.17656684,1.67904973,2.05749583,-1.01828742,0.853343725,0.182129696,0.351971388,1.33299983,1.33299983,1.33299983
70.5333333,-0.595666289,0.275845081,0.303361207,-2.38024712,2.17570257,2.35095453,-2.0454793,0.890187323,0.0419491418,0.273833811,1.33023083,1.32988155,1.32997966,-0.0409700945,-0.0579688177,0.0831268206,-0.0798101574,0.565927982,0.0556535795,-0.663695574,-0.663776815,0.00140263885,0.701000273,-0.000492139254,-0.000980268931,-4.54427209e-05,-0.524466753,0.250818014,0.130924493,-2.17656684,1.67904973,2.05749583,-1.01828742,0.804973125,0.181332663,0.422676593,1.33299983,1.33299983,1.33299983
70.6,-0.599458098,0.272635192,0.311195582,-2.38681912,2.21000051,2.35600448,-2.08789778,0.839198828,0.0463641472,0.269702673,1.33060026,1.33027625,1.33040595,-0.0657993257,-0.0647481605,0.119368091,-0.128672913,0.510790884,0.0612975359,-0.576039433,-0.434085786,-0.196917728,-0.305021048,-0.000234768551,-0.000474377273,4.74858098e-07,-0.524466753,0.250818014,0.130924493,-2.17656684,1.67904973,2.05749583,-1.01828742,0.759414911,0.186182976,0.276171535,1.33299983,1.33299983,1.33299983
70.6666667,-0.606430113,0.267163366,0.3232719,-2.39823937,2.24413586,2.35932946,-2.12993717,0.812968552,0.0396491215,0.211533532,1.33028793,1.32998061,1.33012271,-0.134972394,-0.0787982941,0.247424394,-0.191122591,0.581792831,0.0471380129,-0.680849433,-0.254985929,-0.0848923549,-0.674997449,1.40713819e-05,3.41415871e-05,-3.79659468e-08,-0.524466753,0.250818014,0.130924493,-2.17656684,1.67904973,2.05749583,-1.01828742,0.722398877,0.190123856,0.147800058,1.33299983,1.33299983,1.33299983
70.7333333,-0.617787719,0.263294637,0.345918059,-2.41015267,2.28716755,2.36813855,-2.17659378,0.789184809,0.0348210745,0.145218715,1.33011258,1.32994497,1.3299607,-0.188128412,-0.0466206595,0.388048351,-0.172003165,0.712504089,0.158290103,-0.71798408,-0.256223708,-0.174153224,-0.997217059,6.07293041e-05,0.000104536652,-1.15192961e-07,-0.524466753,0.250818014,0.130924493,-2.17656684,1.67904973,2.05749583,-1.01828742,0.692323446,0.193325818,0.0397354811,1.33299983,1.33299983,1.33299983
70.8,-0.632099628,0.260086566,0.375302047,-2.41867042,2.33306766,2.38444448,-2.21713066,0.767963648,0.0371976607,0.0900981501,1.32927263,1.32908511,1.3290838,-0.228209093,-0.0584805906,0.460331261,-0.0868579522,0.684748828,0.27777043,-0.517412066,-0.0975289121,-7.22082332e-05,-0.574799538,4.40471049e-05,6.63901155e-05,-4.95347194e-08,-0.524466753,0.250818014,0.130924493,-2.17656684,1.67904973,2.05749583,-1.01828742,0.667887032,0.195927411,0.0336595476,1.33299983,1.33299983,1.33299983
70.8666667,-0.646810889,0.255316287,0.404117972,-2.42527986,2.38337564,2.39789653,-2.26403427,0.76342696,0.0313811414,0.082891576,1.33002794,1.33001769,1.32999444,-0.221229002,-0.0809905678,0.419460326,-0.108754203,0.747088969,0.18699789,-0.711791277,5.14961357e-06,-0.0753031969,-0.0559292845,-0.000206887009,-0.000431617518,3.73314833e-07,-0.524466753,0.250818014,0.130924493,-2.17656684,1.67904973,2.05749583,-1.01828742,0.648032486,0.187091768,0.0770718604,1.33299983,1.33299983,1.33299983
70.9333333,-0.657469273,0.248654798,0.422623068,-2.43478894,2.43753552,2.3998313,-2.31530333,0.752818763,0.0319158211,0.134307325,1.33300006,1.33299696,1.33295465,-0.121036321,-0.100455016,0.191903159,-0.150220439,0.748480856,-0.0472087078,-0.659488618,-0.0749173239,0.0888501704,0.87764883,8.12202488e-05,0.000126665953,5.2702555e-05,-0.524466753,0.250818014,0.130924493,-2.17656684,1.67904973,2.05749583,-1.01828742,0.649730802,0.178934798,0.227841288,1.33299983,1.33299983,1.33299983
71,-0.663837314,0.241622403,0.430972904,-2.44492364,2.47894979,2.39671421,-2.35451293,0.756411076,0.0311179664,0.171946973,1.3330003,1.33300006,1.33298218,-0.0817951262,-0.110189877,0.0866731033,-0.1583267,0.552747667,-0.0706164017,-0.535649955,2.98881787e-06,-3.89956404e-06,0.403422326,-1.49183679e-05,-5.56539817e-06,3.05008143e-08,-0.524466753,0.250818014,0.130924493,-2.17656684,1.67904973,2.05749583,-1.01828742,0.687763214,0.180045784,0.217835739,1.33299983,1.33299983,1.33299983
71.0666667,-0.670924783,0.234198019,0.439248085,-2.45510602,2.5088737,2.39979315,-2.38101935,0.754621804,0.0304564834,0.145932391,1.33128226,1.33123267,1.33120072,-0.118650831,-0.116728999,0.14161022,-0.152464211,0.453840941,0.0462679937,-0.371166646,2.06543154e-05,0.000151330896,-0.284632623,-0.00029459066,0.000768157421,0.000897864462,-0.524466753,0.250818014,0.130924493,-2.17656684,1.67904973,2.05749583,-1.01828742,0.664181888,0.135248944,0.121444777,1.33299983,1.33299983,1.33299983
71.1333333,-0.681481421,0.226973936,0.454205066,-2.46113229,2.53554988,2.41301918,-2.39685774,0.753972948,0.0308651142,0.122734651,1.33105719,1.33099389,1.33096659,-0.181409836,-0.102901824,0.274699301,-0.0523438342,0.401458442,0.260325193,-0.208421826,-4.6788191e-06,0.0280356705,-0.216179579,7.16904251e-05,0.000153225003,-1.24958206e-07,-0.524466753,0.250818014,0.130924493,-2.17656684,1.67904973,2.05749583,-1.01828742,0.645022035,0.148739964,0.104393385,1.33299983,1.33299983,1.33299983
71.2,-0.691782594,0.223684385,0.472896487,-2.45838237,2.56291986,2.43163204,-2.39574575,0.7564767,0.0307202786,0.164519563,1.33139873,1.33109522,1.33098149,-0.138692454,-0.0170946792,0.2835823,0.090061143,0.401603669,0.316704541,0.0361877605,-2.12784598e-05,-0.0315508433,0.513969064,6.35991455e-05,0.000122041922,-1.48615811e-07,-0.524466753,0.250818014,0.130924493,-2.17656684,1.67904973,2.05749583,-1.01828742,0.694895148,0.151381537,0.221145272,1.33299983,1.33299983,1.33299983
71.2666667,-0.701368928,0.223018989,0.492887676,-2.45009613,2.58836436,2.45638108,-2.39238691,0.764208853,0.0323404074,0.206093505,1.33140969,1.3311069,1.33098733,-0.144050956,-0.00400028005,0.306017637,0.144252971,0.372905582,0.405645698,0.0262509044,-1.99989518e-06,-3.2010721e-06,0.472793013,1.78042683e-06,1.23557402e-06,-9.18080332e-08,-0.524466753,0.250818014,0.130924493,-2.17656684,1.67904973,2.05749583,-1.01828742,0.75955677,0.161847681,0.258803666,1.33299983,1.33299983,1.33299983
71.3333333,-0.711354256,0.220283747,0.511159837,-2.4416523,2.61147952,2.48362017,-2.38803053,0.795976818,0.0371929482,0.26187402,1.33058548,1.33033192,1.33020103,-0.175539196,-0.0780152455,0.280921042,0.103745803,0.353386164,0.356315821,0.0202893931,0.378374606,-0.665994108,0.914149046,0.000446881284,0.00600368157,-1.51243512e-07,-0.524466753,0.250818014,0.130924493,-2.17656684,1.67904973,2.05749583,-1.01828742,0.841106653,0.170351431,0.361288428,1.33299983,1.33299983,1.33299983
71.4,-0.72252208,0.215000689,0.528054416,-2.43966079,2.63150239,2.49921346,-2.37995362,0.849167824,0.0475256741,0.289006084,1.33056033,1.33031893,1.33006358,-0.135245919,-0.075176388,0.197463542,0.00780432438,0.322694123,0.190516055,0.0595013462,0.628738225,-0.0279261693,0.285314977,-5.73927537e-05,-0.0001126391,6.62694219e-08,-0.524466753,0.250818014,0.130924493,-2.17656684,1.67904973,2.05749583,-1.01828742,0.919873238,0.177260727,0.333038628,1.33299983,1.33299983,1.33299983
71.4666667,-0.723440647,0.214919284,0.532010853,-2.43566418,2.65582609,2.51059794,-2.37312698,0.859867394,0.0451476686,0.325944245,1.33073378,1.33049119,1.33022988,0.0253893491,0.014975857,-0.00135184289,0.058185935,0.29828313,0.107984267,0.185524806,0.0466348156,-0.000278062187,0.511534154,-5.70644625e-06,-5.41168265e-06,-6.85174018e-06,-0.524466753,0.250818014,0.130924493,-2.17656684,1.67904973,2.05749583,-1.01828742,0.852771282,0.182874531,0.435814321,1.33299983,1.33299983,1.33299983
71.5333333,-0.718104422,0.217731029,0.527103841,-2.43081212,2.67413616,2.51583266,-2.36099625,0.846409023,0.0391419791,0.370350391,1.33091938,1.33065856,1.33038938,0.0805123746,0.0596392415,-0.0687736645,0.0738001913,0.137460172,0.0706093386,0.289492965,-0.246185482,-0.160667434,0.492053479,-0.000158785377,-0.000308129704,-2.09866557e-05,-0.524466753,0.250818014,0.130924493,-2.17656684,1.67904973,2.05749583,-1.01828742,0.798250914,0.187435731,0.519319534,1.33299983,1.33299983,1.33299983
71.6,-0.712310076,0.220136285,0.520480216,-2.43100572,2.68966985,2.51204896,-2.34982038,0.851304233,0.0217191502,0.395004183,1.33121014,1.33094299,1.3306787,0.0798173696,0.0239141826,-0.0989451259,-0.0549564995,0.255787492,-0.127208948,0.0987659022,0.152334884,-0.15858911,0.247628987,-0.00020063296,-0.000398025382,-1.82008371e-05,-0.524466753,0.250818014,0.130924493,-2.17656684,1.67904973,2.05749583,-1.01828742,0.83286339,0.173288614,0.534563065,1.33299983,1.33299983,1.33299983
71.6666667,-0.711192787,0.218902543,0.517980278,-2.44218898,2.70222187,2.50100493,-2.34329057,0.832354486,0.0452027246,0.35617128,1.33066487,1.33046091,1.33025491,0.00389310578,-0.0444098413,-0.0311424024,-0.240567863,0.325412214,-0.296728015,0.0245849304,-0.242228523,0.219276145,-0.280579656,0.0781486928,0.0775469542,0.0769471899,-0.524466753,0.250818014,0.130924493,-2.17656684,1.67904973,2.05749583,-1.01828742,0.782075763,0.162980795,0.349615395,1.33299983,1.33299983,1.33299983
71.7333333,-0.710318923,0.218118861,0.51751107,-2.45798397,2.7294035,2.47969604,-2.34482646,0.869089663,0.0438080877,0.319610626,1.33127284,1.33132267,1.3313576,0.0163095593,0.00985405035,0.0150515726,-0.224591225,0.469779074,-0.331837833,-0.114313029,0.514285207,-0.0765831098,-0.304466456,9.0303598e-05,0.000210224578,-2.09489372e-07,-0.524466753,0.250818014,0.130924493,-2.17656684,1.67904973,2.05749583,-1.01828742,0.940134585,0.112552166,0.29641968,1.33299983,1.33299983,1.33299983
71.8,-0.710363686,0.220125809,0.522047997,-2.47017431,2.76055956,2.46623468,-2.34444427,0.908396244,0.0408315919,0.253548414,1.33245039,1.33229494,1.33235049,-0.0329814479,0.0134223104,0.110100202,-0.144185796,0.466113538,-0.158413976,0.0395037048,0.4327645,-6.93491311e-05,-1.00000048,0.0701747015,0.0733496323,0.0749232769,-0.524466753,0.250818014,0.130924493,-2.17656684,1.67904973,2.05749583,-1.01828742,0.96767962,0.0953450948,0.156123906,1.33299983,1.33299983,1.33299983
71.8666667,-0.713042021,0.220563307,0.529566228,-2.47768998,2.78763962,2.46338081,-2.33863235,0.913353086,0.040610984,0.186925992,1.33287954,1.33294034,1.33291531,-0.0516786017,-0.00414629886,0.120880939,-0.105464906,0.37874949,-0.0124171255,0.1336402,9.34968921e-06,0.000153587142,-0.999762475,-3.61645943e-05,-8.94357217e-05,1.14639988e-07,-0.524466753,0.250818014,0.130924493,-2.17656684,1.67904973,2.05749583,-1.01828742,0.921702981,0.092597872,0.0421335846,1.33299983,1.33299983,1.33299983
71.9333333,-0.717445612,0.218530893,0.537361741,-2.48525715,2.80650043,2.46417069,-2.32636452,0.889838159,0.0408609919,0.122491516,1.33142471,1.3314985,1.33148086,-0.0386468023,-0.0587343909,0.034334667,-0.112499684,0.000476466608,0.0210677795,0.429420859,-0.350786299,2.18395144e-07,-0.775557101,-0.0706988201,-0.0695797801,-0.0691228136,-0.524466753,0.250818014,0.130924493,-2.17656684,1.67904973,2.05749583,-1.01828742,0.854257941,0.0597800463,0.0478986502,1.33299983,1.33299983,1.33299983
72,-0.718553543,0.213421851,0.536325455,-2.49441338,2.80649972,2.46968508,-2.30207539,0.891060054,0.0413310118,0.0626259148,1.32881916,1.32921922,1.32926607,-0.0116732037,-0.0941549316,-0.0366499126,-0.15304102,0.00047510126,0.0573982149,0.335590839,0.0902413726,0.00177238672,-0.661610246,3.86901083e-05,8.32337828e-05,-1.19194738e-07,-0.524466753,0.250818014,0.130924493,-2.17656684,1.67904973,2.05749583,-1.01828742,0.909443974,0.075726442,0,1.33299983,1.33299983,1.33299983
72.0666667,-0.720355928,0.20488745,0.533854365,-2.50598121,2.80649948,2.46936035,-2.28549433,0.872717381,0.0421922877,0.0628783852,1.32955325,1.33003795,1.3302176,-0.0500127971,-0.146662593,-0.0118882144,-0.182685107,0.00235021603,-0.0134950597,0.258091748,-0.267945528,8.8356901e-06,0.0945088267,2.64204573e-06,1.05239269e-06,5.55883162e-09,-0.524466753,0.250818014,0.130924493,-2.17656684,1.67904973,2.05749583,-1.01828742,0.844297528,0.0654316694,0.0773189664,1.33299983,1.33299983,1.33299983
72.1333333,-0.716600716,0.202860028,0.524352193,-2.51270914,2.80514669,2.45909119,-2.2748785,0.8694368,0.0418739282,0.059186358,1.32954741,1.33003724,1.33022022,0.13646546,0.116020598,-0.249076784,-0.0250084847,-0.103025295,-0.367013305,0.124309897,0.0372982807,-5.13247214e-05,-1.10128894e-07,4.83179465e-05,5.16633736e-05,4.63357137e-05,-0.715484679,0.213822395,0.525920987,-2.50552416,2.80190086,2.4505682,-2.2785418,0.877431452,0.0411196426,0.062175449,1.33299983,1.33299983,1.33299983
72.2,-0.703219354,0.222361222,0.5015589,-2.51014972,2.79042625,2.41413856,-2.26221561,0.876227796,0.0412955061,0.0591386147,1.32954657,1.3300339,1.33021998,0.256491691,0.463715851,-0.421033084,0.0947354585,-0.308572203,-0.975407243,0.268366158,0.164531693,-0.000955462456,-5.19823516e-07,0.000464416866,0.000727972481,0.000226419186,-0.702051759,0.238461137,0.503956139,-2.50419378,2.78898573,2.3987844,-2.25921535,0.890430927,0.0381925888,0.0602370352,1.33299983,1.33299983,1.33299983
72.2666667,-0.682892084,0.261717945,0.470857531,-2.50455213,2.76267886,2.33466077,-2.23569751,0.890035033,0.0341553092,0.0579720996,1.32587302,1.32629955,1.32647872,0.419632196,0.683418214,-0.511115968,-0.0162659828,-0.456001014,-1.36445606,0.446263194,0.229463756,-0.113830477,0.0496633314,-0.0528838113,-0.0585405529,-0.0614271723,-0.681828618,0.275554687,0.470713079,-2.50204968,2.76907396,2.3208971,-2.2298131,0.910001576,0.0338474624,0.0573187768,1.33299983,1.33299983,1.33299983
72.3333333,-0.659018278,0.307698905,0.425458848,-2.50285745,2.738657,2.23301482,-2.20093179,0.90894866,0.0261764545,0.0581880845,1.33300066,1.33216941,1.33215761,0.246107757,0.695365787,-0.631747365,-0.0606413446,-0.645565808,-1.61451399,0.791483402,0.240039289,-0.295251667,-0.0859924853,0.0783584118,-0.128068298,-0.132258341,-0.656586587,0.321853846,0.428944975,-2.49915338,2.74348617,2.22379494,-2.19263172,0.934429169,0.0285205897,0.0536762737,1.33299983,1.33299983,1.33299983
72.4,-0.635499358,0.355566055,0.373861194,-2.50831938,2.70373559,2.11767793,-2.15048337,0.926302552,0.00393389352,0.0563298725,1.33299983,1.33202362,1.33191979,0.388485283,0.771216989,-0.785282671,-0.0533537492,-0.4807868,-1.80498075,0.763005137,0.29009974,-0.382597685,-0.0518021993,-0.000405580795,0.0642233044,9.19157173e-07,-0.628097057,0.374109715,0.381404966,-2.49556446,2.7135427,2.11436605,-2.14996862,0.961999357,0.0226483028,0.0495651402,1.33299983,1.33299983,1.33299983
72.4666667,-0.609204412,0.405160785,0.319551229,-2.5146668,2.66561842,1.99199343,-2.10110903,0.938986838,-7.46065707e-05,0.0531650148,1.32765579,1.33299184,1.33298969,0.450462222,0.776703894,-0.841847658,-0.0229913443,-0.534906507,-1.86363888,0.581060231,0.0981786251,-0.00235049962,-0.0634498075,-0.580274165,-0.000696212228,1.48030813e-06,-0.598131299,0.429073095,0.330846339,-2.49134398,2.68056393,1.99949932,-2.10412145,0.990998387,0.0166669358,0.045241002,1.33299983,1.33299983,1.33299983
72.5333333,-0.578845918,0.462926954,0.266637921,-2.51013279,2.63306618,1.87251139,-2.05537701,0.958297849,-2.01745024e-05,0.0495232977,1.30541766,1.33299863,1.33299923,0.389217556,0.865732729,-0.728091896,0.0780693293,-0.440748394,-1.92500651,0.800564229,0.0339786857,-0.00605849782,-6.67572021e-06,0.327540964,0.00254684081,0.00274630683,-0.568460882,0.483494937,0.280022115,-2.48655176,2.64587021,1.88608301,-2.05738688,1.01971138,0.0110128149,0.0409594588,1.33299983,1.33299983,1.33299983
72.6,-0.551265001,0.524208069,0.221591115,-2.4960041,2.60486865,1.7616955,-2.00318098,0.981832385,3.64883599e-05,0.0445583574,1.32862484,1.33018625,1.33026385,0.462580115,0.968206406,-0.615112901,0.359988153,-0.39351812,-1.38906479,0.740450323,0.492787182,-0.00141436141,-0.101256974,-3.91388312e-07,-0.116106965,-0.112149641,-0.540857017,0.534126282,0.231685594,-2.48124886,2.61078191,1.78100562,-2.01206303,1.04642463,0.00612227432,0.03697614,1.33299983,1.33299983,1.33299983
72.6666667,-0.520822823,0.585201323,0.183004126,-2.47155809,2.58157396,1.67793417,-1.96129441,1.01730275,6.40447388e-06,0.0400883034,1.31776428,1.32923818,1.32617617,0.38293463,0.749761164,-0.578724504,0.271206796,-0.268685222,-1.29834509,0.569884837,0.514484882,0.000143934827,-0.0644609779,-0.0991532281,0.383327901,0.0985578597,-0.517091095,0.5777179,0.188589886,-2.47549558,2.57661939,1.69115543,-1.97044683,1.06942368,0.00243164273,0.0335466489,1.33299983,1.33299983,1.33299983
72.7333333,-0.502873659,0.623161614,0.149266303,-2.45849895,2.55398917,1.60804009,-1.92709601,1.04698777,2.4148696e-05,0.0347374156,1.3063581,1.32773352,1.3266294,0.20999977,0.400399446,-0.458846033,0.121636085,-0.470547974,-0.802428126,0.448744476,0.383837253,-0.00010518897,-0.0684160963,-0.135588259,-0.223590538,-8.69622454e-08,-0.498934567,0.611020863,0.153488144,-2.46935225,2.54470325,1.62342095,-1.93483567,1.08699441,0.000377251883,0.0309266001,1.33299983,1.33299983,1.33299983
72.8,-0.492132932,0.640730023,0.123182923,-2.45431328,2.52411461,1.56967628,-1.90166867,1.06945539,-2.33217065e-06,0.0274198242,1.30463409,1.31378365,1.32449675,0.133107692,0.152799755,-0.340806335,0.0391759425,-0.377710015,-0.392695367,0.345643848,0.288281918,0.0254907142,0.0509923138,0.108773053,-0.200671643,0.00303852512,-0.487592846,0.631823957,0.128232896,-2.46297884,2.51575518,1.58258045,-1.9067173,1.09797013,9.99999975e-05,0.0292899571,1.33299983,1.33299983,1.33299983
72.8666667,-0.48470661,0.64717716,0.102531038,-2.45205379,2.49404716,1.55221784,-1.88132811,1.07946944,4.2275326e-07,0.0274404474,1.31149232,1.30579364,1.32046568,0.0928984731,0.062562786,-0.276142716,0.0306737013,-0.499961019,-0.166036069,0.279883683,3.82362123e-06,9.1350048e-05,-4.08035703e-08,0.1027615,3.02079716e-05,-0.102126442,-0.480556577,0.644729972,0.108815521,-2.45689344,2.48700595,1.5593338,-1.88245213,1.10477936,9.99999975e-05,0.0282746032,1.33299983,1.33299983,1.33299983
72.9333333,-0.480051011,0.651107073,0.0875611007,-2.44926357,2.46157885,1.54571211,-1.86193776,1.07954705,1.64569727e-07,0.027409764,1.31957185,1.30813456,1.31705976,0.0500056483,0.0605601072,-0.177618206,0.0576620139,-0.46791923,-0.0353649706,0.301012337,3.33327807e-06,0.000132850459,1.50175765e-08,0.128558978,0.12699239,-9.74459545e-05,-0.476767838,0.651679337,0.0936193392,-2.45090652,2.45789528,1.54945028,-1.86076593,1.10844588,0.000100000005,0.0277278721,1.33299983,1.33299983,1.33299983
73,-0.478664905,0.654606462,0.077031143,-2.44201946,2.43457103,1.54665709,-1.84055436,1.0803324,3.60713017e-07,0.0276116226,1.32960653,1.3134439,1.31993377,-0.00465428084,0.0318436846,-0.143108472,0.127623469,-0.439248264,0.0734304786,0.313603908,-2.95258433e-05,-0.000182162679,4.34956746e-08,0.0942242369,0.00644492451,-2.63681868e-05,-0.475636065,0.653755069,0.0817775801,-2.44471312,2.42840743,1.55041766,-1.84107435,1.10954106,9.99999975e-05,0.0275645629,1.33299983,1.33299983,1.33299983
73.0666667,-0.479696453,0.654320955,0.0682591274,-2.43406296,2.40396237,1.55561364,-1.82092237,1.0803324,3.12113741e-07,0.0276023522,1.33300018,1.31337976,1.31988883,-0.0225457661,-0.0422099568,-0.12092115,0.107098021,-0.47029379,0.194711849,0.274676025,-7.75169337e-06,3.21880798e-05,-2.49783625e-08,2.77867148e-05,2.26685079e-05,-6.66535925e-07,-0.476571023,0.652040362,0.0724234954,-2.43800926,2.398525,1.55972397,-1.82279336,1.10863638,0.000100000005,0.0276994705,1.33299983,1.33299983,1.33299983
73.1333333,-0.481548727,0.649412334,0.0609790906,-2.42755508,2.37228775,1.57187831,-1.80356455,1.0803324,-2.85136565e-07,0.0275998451,1.33300018,1.31331646,1.31986761,-0.031677857,-0.0985125154,-0.0991285965,0.0940026194,-0.473941594,0.282766789,0.251092732,-9.86963641e-06,-1.52922003e-05,-2.38160283e-07,0.000239297049,0.000384113053,9.89397231e-05,-0.478981972,0.647617936,0.0646902621,-2.43048954,2.36823058,1.574857,-1.80533814,1.1063031,9.99999902e-05,0.0280473903,1.33299983,1.33299983,1.33299983
73.2,-0.483842015,0.642120898,0.0550101697,-2.42096734,2.33941364,1.592224,-1.78706634,1.07985985,6.35076773e-08,0.0276016146,1.3330003,1.31325734,1.32510853,-0.0341044031,-0.113169856,-0.0795217305,0.0994017869,-0.497341543,0.314896107,0.244447038,-2.68629378e-06,-9.61304977e-06,3.37240635e-08,-5.76822913e-06,-8.41112342e-06,0.140077889,-0.482278734,0.641571105,0.0577111319,-2.42184973,2.33750868,1.59330487,-1.7881248,1.1031127,0.000100000005,0.0285231173,1.33299983,1.33299983,1.33299983
73.2666667,-0.486351937,0.634921432,0.0500040874,-2.41131067,2.30888367,1.61243629,-1.76905179,1.079705,2.33162552e-07,0.0272570588,1.33300006,1.32163608,1.33300006,-0.0344415605,-0.100805573,-0.0850129128,0.16484198,-0.494073808,0.300433278,0.282221973,0.0381563306,-1.28857937e-05,-4.42087185e-08,8.33713784e-06,0.147438616,9.53588642e-06,-0.485870719,0.634982705,0.0506193265,-2.4117856,2.30634117,1.61255515,-1.77056861,1.09963679,9.99999975e-05,0.0290414467,1.33299983,1.33299983,1.33299983
73.3333333,-0.488353193,0.628762305,0.0436014496,-2.39987493,2.27558208,1.63098943,-1.75110447,1.07969666,2.46437651e-07,0.0272370316,1.33299994,1.33081412,1.33300006,-0.0253704991,-0.0842532218,-0.110221721,0.175090417,-0.510169148,0.249092758,0.27026844,1.43462148e-05,-0.000552887504,-6.49015419e-08,5.05042881e-05,0.108808488,5.75647136e-05,-0.489167422,0.628935874,0.042548053,-2.39999199,2.27471185,1.6300956,-1.75208533,1.09644639,9.99999975e-05,0.0295171719,1.33299983,1.33299983,1.33299983
73.4,-0.489670813,0.624021411,0.0351348482,-2.38747334,2.24160671,1.6449374,-1.73212481,1.07922006,6.56883628e-07,0.0272093751,1.33299446,1.33299983,1.33300173,-0.0131455595,-0.0562401265,-0.146746472,0.19877167,-0.51209861,0.165585473,0.306523442,6.18177728e-05,-0.00108975032,-4.23460733e-08,-0.000426276121,-0.000426810002,-0.00406773854,-0.49157846,0.624513507,0.032630533,-2.38616514,2.24260378,1.64341474,-1.73209059,1.09411311,0.000100000005,0.0298650917,1.33299983,1.33299983,1.33299983
73.4666667,-0.489943087,0.621823549,0.0236445107,-2.37274051,2.20835733,1.65209401,-1.71036041,1.07922018,-9.6266028e-08,0.0272088647,1.33299124,1.33300042,1.33300042,0.00602564216,-0.00739673804,-0.202268809,0.246480063,-0.496977508,0.0464138836,0.348181099,4.56462931e-06,-0.000110567868,-6.64149411e-08,1.97676418e-05,3.34902034e-05,2.00219074e-05,-0.492513329,0.622798741,0.0199999996,-2.36999989,2.21000004,1.64999998,-1.70999992,1.09320843,9.99999975e-05,0.0299999993,1.33299983,1.33299983,1.33299983
73.5333333,-0.489709228,0.622916937,0.00925536547,-2.35384607,2.17415524,1.65395212,-1.68521512,1.07922113,-3.01836778e-08,0.0272185095,1.33297539,1.33300042,1.33300018,0.0015023537,0.0333902985,-0.227319092,0.31992808,-0.518710792,0.0333490372,0.406230897,2.64557184e-06,-5.74469886e-05,-1.64538505e-07,9.99175245e-06,2.7210921e-05,1.08877366e-05,-0.492513359,0.622798741,0.00446537742,-2.34995437,2.17597246,1.65379548,-1.68491304,1.09320843,0.000100000005,0.0299999993,1.33299983,1.33299983,1.33299983
73.6,-0.489474535,0.625445247,-0.00696732523,-2.33032846,2.13872743,1.6578002,-1.65627563,1.07922113,-2.79061769e-08,0.0272110309,1.33294487,1.3330003,1.33300006,0.00590750016,0.0356361233,-0.260704309,0.380143195,-0.546018124,0.0862558335,0.455716968,7.82980351e-07,-3.99201235e-05,1.94195309e-08,7.5562275e-07,1.92210555e-05,1.78995742e-06,-0.492513329,0.622798741,-0.0131715517,-2.32545638,2.1400013,1.659729,-1.65692353,1.09320843,9.99999975e-05,0.0299999993,1.33299983,1.33299983,1.33299983
73.6666667,-0.489089638,0.627255499,-0.0253962539,-2.30352187,2.10151696,1.66486239,-1.62516856,1.07922125,-1.93174913e-07,0.0275067966,1.33292246,1.33300018,1.33299911,0.0043270234,0.0161309112,-0.291727632,0.420799911,-0.566166222,0.121890552,0.472733647,4.2457541e-05,-0.000226296717,0.0511965044,-0.00641045719,-0.000637264922,2.712477e-07,-0.492513359,0.622798741,-0.0322882943,-2.2976563,2.10268211,1.6667639,-1.6269387,1.09320843,9.99999975e-05,0.0299999993,1.33299983,1.33299983,1.33299983
73.7333333,-0.489087254,0.627726972,-0.0456642248,-2.27417111,2.0633204,1.67299676,-1.59360373,1.07922113,3.91752678e-07,0.0279369336,1.33290994,1.33299923,1.33299649,-0.00467857579,-0.00245798286,-0.315751195,0.457623571,-0.574849129,0.119423524,0.472008377,-4.53010625e-06,-0.00205918844,1.72440195e-08,-1.09004177e-05,-5.10744576e-06,-2.01483781e-05,-0.492513329,0.622798741,-0.0522623584,-2.26770449,2.06461191,1.67386365,-1.59586549,1.09320843,0.000100000005,0.0300000012,1.33299983,1.33299983,1.33299983
73.8,-0.48978734,0.627194643,-0.0672200173,-2.24249983,2.02515817,1.6799916,-1.56241679,1.07922101,-1.16852995e-07,0.0281539354,1.33290851,1.33299816,1.33296597,-0.0155139808,-0.014708383,-0.330575168,0.488250673,-0.568933129,0.0906999186,0.461503327,-6.00271051e-06,4.28754993e-06,2.45840056e-07,-3.8804701e-06,-2.50799349e-06,-2.23274983e-05,-0.492513299,0.622798681,-0.0724712461,-2.2367506,2.02638578,1.67999125,-1.5646106,1.09320831,9.99999902e-05,0.0299999975,1.33299983,1.33299983,1.33299983
73.8666667,-0.491136491,0.625949264,-0.0893915296,-2.20937848,1.98774958,1.68460917,-1.53233492,1.07922101,-1.29193253e-07,0.0281771217,1.3329109,1.33299017,1.33293676,-0.0235565677,-0.0247696526,-0.334050804,0.49862954,-0.553279221,0.0494359881,0.438956082,9.72965427e-06,2.71088211e-05,-1.00117177e-08,-0.000136544579,-0.00014651622,0.00754502835,-0.492513359,0.6227988,-0.0922924727,-2.20594525,1.98860061,1.68411088,-1.53408158,1.09320843,0.000100000005,0.0300000012,1.33299983,1.33299983,1.33299983
73.9333333,-0.492890567,0.624064922,-0.111354932,-2.17649555,1.9515903,1.68616581,-1.50417757,1.07922113,-7.50472225e-07,0.02821563,1.33291388,1.33296263,1.33291876,-0.0276398659,-0.0335757844,-0.324145705,0.480700374,-0.532393396,-0.00163244992,0.404212356,-0.00050189055,0.00202636025,0.00463951007,-0.00329308445,-0.0109158214,-0.00306822709,-0.492513299,0.622798681,-0.11110352,-2.17643857,1.95185173,1.68518519,-1.50518513,1.09320843,9.99999975e-05,0.0299999975,1.33299983,1.33299983,1.33299983
74,-0.494807631,0.621715784,-0.13217169,-2.14574766,1.91710031,1.68392169,-1.47872698,1.07922113,6.1852927e-07,0.028238209,1.33293998,1.33295727,1.33291507,-0.0285634417,-0.0379054621,-0.299505413,0.435472697,-0.50402081,-0.0654796362,0.358205199,-4.05510718e-06,0.000136589355,-2.56986823e-08,-1.48777617e-05,-8.76163685e-05,-2.06166296e-05,-0.492513359,0.622798741,-0.128281951,-2.14938116,1.91673589,1.6821779,-1.47882831,1.09320843,0.000100000005,0.0300000012,1.33299983,1.33299983,1.33299983
74.0666667,-0.496700168,0.619283795,-0.15086326,-2.11882782,1.88476586,1.67690408,-1.45673037,1.07922113,9.96556082e-07,0.0282550026,1.33296549,1.3329556,1.33291507,-0.02730917,-0.035622932,-0.260127902,0.366868645,-0.465871453,-0.145238116,0.300686091,-1.06511197e-05,-1.91775034e-05,2.40688678e-08,-0.00254259515,4.44296456e-05,-3.81071441e-05,-0.492513329,0.622798741,-0.143205196,-2.12592268,1.88384831,1.67405236,-1.45591831,1.09320843,9.99999975e-05,0.0299999993,1.33299983,1.33299983,1.33299983
74.1333333,-0.49845773,0.617178559,-0.166495085,-2.09719038,1.85525084,1.66399789,-1.43894982,1.07922113,1.00575062e-06,0.0282622911,1.33298481,1.33295453,1.33291507,-0.0247433204,-0.028040085,-0.207745686,0.278010637,-0.420175314,-0.24255912,0.231805116,-1.80533561e-07,0.000256504369,-1.02934791e-07,-8.34268576e-06,-9.4108269e-05,-3.09605457e-06,-0.492513329,0.622798741,-0.155250832,-2.10721374,1.85378575,1.65977216,-1.43736207,1.09320843,9.99999975e-05,0.0299999975,1.33299983,1.33299983,1.33299983
74.2,-0.499818206,0.615756214,-0.178582206,-2.08205509,1.8288461,1.64345825,-1.42623889,1.07922113,6.06432764e-07,0.0282584522,1.33298707,1.33294332,1.33291686,-0.0109608741,-0.0103381025,-0.164289296,0.176614538,-0.380360574,-0.397877812,0.146575466,-9.19529839e-08,8.31562065e-05,7.89877959e-08,-5.57178282e-07,-0.000282454508,6.64611434e-06,-0.492484927,0.623129547,-0.164145961,-2.09410048,1.82679784,1.63695538,-1.42431915,1.09321463,0.000100052159,0.0298358276,1.33299983,1.33299983,1.33299983
74.2666667,-0.500252903,0.61664921,-0.188368082,-2.07295012,1.80380964,1.60829592,-1.42004955,1.07920694,9.03887212e-07,0.028241735,1.33298707,1.33292866,1.33291686,-0.00507023837,0.0398668498,-0.125279143,0.100858942,-0.371617883,-0.655791521,0.0419758074,3.57746558e-06,0.000168041559,5.49189281e-08,2.03602467e-05,2.48877186e-05,2.01062867e-05,-0.492283165,0.625478089,-0.171541557,-2.08527946,1.80124676,1.59852254,-1.41827166,1.09325886,0.000100422476,0.0286702234,1.33299983,1.33299983,1.33299983
74.3333333,-0.500411928,0.621109843,-0.195028841,-2.06824565,1.77973437,1.55713797,-1.42024827,1.07909358,1.0268036e-06,0.0282130428,1.33297348,1.33292711,1.33291674,0.0022357069,0.0903059244,-0.0741975829,0.0400453173,-0.350070775,-0.862368643,-0.0386983603,4.32953311e-06,0.000251791411,-2.46916898e-07,3.59082187e-05,5.3522439e-05,2.78384396e-05,-0.491945058,0.62941438,-0.177613333,-2.07997918,1.77697861,1.54727161,-1.41797233,1.09333301,0.000101043166,0.026716603,1.33299983,1.33299983,1.33299983
74.4,-0.499717563,0.628151417,-0.198186383,-2.0675683,1.7570765,1.49548912,-1.42461669,1.07909346,2.00361433e-06,0.0265280847,1.33294344,1.3329221,1.33290505,0.0196725503,0.115456901,-0.021431651,-0.0204854496,-0.329780817,-0.971970916,-0.0842423514,-3.59702972e-05,0.000795346219,-0.0872947574,0.000171100721,0.000388618559,-2.78791413e-06,-0.491538674,0.634144485,-0.182206824,-2.07766461,1.75416827,1.48757088,-1.42181671,1.09342217,0.000101789017,0.0243689697,1.33299983,1.33299983,1.33299983
74.4666667,-0.497833967,0.635981798,-0.197825998,-2.0707345,1.73574555,1.42937934,-1.43094695,1.07909369,-1.06452504e-07,0.0244871229,1.3329097,1.33291578,1.33288324,0.0369877219,0.115350544,0.0292660147,-0.0722681731,-0.316535413,-1.00312901,-0.0999773741,-0.000598862884,0.00173611147,-0.050781697,-0.00336879073,-0.00348494598,-0.00316103385,-0.491132408,0.638874769,-0.185167715,-2.0777986,1.73299074,1.42378855,-1.4282012,1.09351122,0.00010253489,0.0220213439,1.33299983,1.33299983,1.33299983
74.5333333,-0.495009273,0.64314115,-0.194202021,-2.07674479,1.71537113,1.36339998,-1.43760395,1.07909441,1.21270466e-06,0.022536641,1.33287394,1.33290958,1.33285797,0.0469823591,0.0959840119,0.0758326203,-0.105427071,-0.295184195,-0.969649851,-0.0945017785,-3.9301638e-05,-0.00015895153,-0.0512257516,0.000202458352,0.000445760787,-2.37952918e-07,-0.490794241,0.642811,-0.186341494,-2.07984567,1.71362054,1.36029279,-1.43552089,1.09358525,0.000103155558,0.0200677179,1.33299983,1.33299983,1.33299983
74.6,-0.491859347,0.648438454,-0.187740326,-2.08426881,1.69668007,1.30169177,-1.44320428,1.07909465,2.64065108e-07,0.0217088256,1.33284652,1.33290899,1.33282959,0.0469488874,0.059587989,0.113492906,-0.11833965,-0.265218645,-0.874616981,-0.0691698119,8.48393711e-07,-0.000397691038,2.77555046e-08,2.49345903e-05,5.13584528e-05,4.01187572e-06,-0.49059251,0.645159602,-0.185573846,-2.08326888,1.69623268,1.3014518,-1.44217181,1.09362972,0.00010352589,0.0189021155,1.33299983,1.33299983,1.33299983
74.6666667,-0.489011765,0.650742114,-0.179157108,-2.09206867,1.68005049,1.2485131,-1.4465009,1.07909465,-8.39417638e-08,0.0217152983,1.33283937,1.33290899,1.33282816,0.0382205844,0.00651166495,0.139798447,-0.1147734,-0.23155795,-0.712496042,-0.0255697183,-8.21506092e-07,1.28265838e-05,-2.65426934e-07,-9.81068661e-06,-7.41110125e-06,-1.20355289e-05,-0.4905954,0.645126522,-0.18271026,-2.08753252,1.68100202,1.25163376,-1.4465493,1.093629,0.000103520673,0.018918531,1.33299983,1.33299983,1.33299983
74.7333333,-0.486966699,0.649027646,-0.169185713,-2.09913301,1.66538846,1.20831072,-1.44625056,1.07909465,-6.16305329e-07,0.021733813,1.33284116,1.33291161,1.33282888,0.0237709749,-0.0606649667,0.157189786,-0.0973276943,-0.20083122,-0.482919008,0.0386448056,-5.82895154e-07,7.27874576e-05,3.64641892e-07,-2.98389932e-05,-4.234066e-05,-1.92518783e-05,-0.490870982,0.641917944,-0.177596375,-2.09209967,1.66810286,1.21520698,-1.44704938,1.09356856,0.00010301474,0.020510979,1.33299983,1.33299983,1.33299983
74.8,-0.486108333,0.642403305,-0.15806663,-2.10504055,1.65437615,1.18622315,-1.4407953,1.0791086,-7.14533712e-07,0.0220545251,1.33287108,1.33294022,1.33285534,0.0026701407,-0.138116762,0.172570035,-0.0775152221,-0.139979586,-0.174947217,0.117968485,-0.0295059755,0.00284345937,7.20471144e-06,-0.00328302244,-0.00346011156,-0.00302836741,-0.491487592,0.634739995,-0.170077756,-2.09643412,1.65771079,1.19653964,-1.44206774,1.09343338,0.000101882913,0.0240734667,1.33299983,1.33299983,1.33299983
74.8666667,-0.486700952,0.630497098,-0.146095425,-2.1092751,1.64663613,1.18662786,-1.42888021,1.07895947,1.03392558e-05,0.0250756294,1.33299863,1.33296514,1.3328867,-0.0182719529,-0.219005808,0.18419753,-0.04636259,-0.110411517,0.192316398,0.232091159,7.10735912e-06,-0.000976250041,0.0596232973,-0.00043495404,1.49158295e-05,-1.69384293e-08,-0.492513329,0.622798741,-0.159999996,-2.0999999,1.64999998,1.19999993,-1.42999995,1.09320843,9.99999975e-05,0.0299999993,1.33299983,1.33299983,1.33299983
74.9333333,-0.488526225,0.612976968,-0.133325607,-2.11189437,1.64111626,1.21175754,-1.40961468,1.07896006,-5.5886909e-07,0.030405676,1.33300006,1.33300018,1.33300042,-0.0371532738,-0.30698061,0.199090183,-0.0382859595,-0.0565345809,0.541783631,0.336841643,-7.08778316e-08,1.96364836e-05,0.0958565697,1.17116986e-06,1.05188906e-06,-1.55434009e-05,-0.494012028,0.605352104,-0.146355063,-2.1035912,1.64487183,1.22484565,-1.41068995,1.09287977,9.72489943e-05,0.0386589095,1.33299983,1.33299983,1.33299983
75,-0.491945773,0.589729786,-0.119201951,-2.11477876,1.63882124,1.25646651,-1.38469946,1.07896006,-3.27158091e-07,0.0380308963,1.33300006,1.33300018,1.3330003,-0.0634452403,-0.388223797,0.22328037,-0.0499684475,-0.0163818598,0.779678643,0.405990034,2.44599505e-08,1.7503964e-05,0.128512561,1.04415017e-06,9.84976396e-07,-1.25581864e-05,-0.495948434,0.582809627,-0.128724664,-2.10823131,1.64192986,1.26567376,-1.38573968,1.09245515,9.36944634e-05,0.0498469584,1.33299983,1.33299983,1.33299983
75.0666667,-0.496850938,0.561635852,-0.103240214,-2.1184504,1.63858581,1.31422663,-1.3556093,1.07896006,-1.37208318e-07,0.0478727371,1.3330003,1.33300006,1.33299863,-0.0794898719,-0.452079237,0.254528761,-0.0613472685,0.011062596,0.94326061,0.464281231,-4.16835537e-05,-0.000291045057,0.16050981,0.000355297641,0.000382483879,0.00679356977,-0.498242408,0.556104779,-0.107838959,-2.11372805,1.64090264,1.31986165,-1.35618234,1.09195209,8.94836121e-05,0.0631007925,1.33299983,1.33299983,1.33299983
75.1333333,-0.502263725,0.529964805,-0.0849101469,-2.12272167,1.64000261,1.38161457,-1.3229531,1.07896006,-9.25685057e-08,0.0597315095,1.33300018,1.33299994,1.3330003,-0.0785990283,-0.49592638,0.29394269,-0.0687734932,0.0344946422,1.07199788,0.511980236,9.33532647e-08,1.79628551e-05,0.188063711,1.17116542e-07,2.02116325e-07,6.10348252e-08,-0.500813663,0.526171267,-0.0844280794,-2.11988926,1.64151812,1.38478637,-1.32305169,1.09138823,8.47636547e-05,0.077957049,1.33299983,1.33299983,1.33299983
75.2,-0.507149398,0.496030658,-0.0637558326,-2.12739944,1.64279974,1.45660484,-1.2876116,1.07883978,3.54656127e-09,0.0732827485,1.33300006,1.33299994,1.3330003,-0.0649633482,-0.520840943,0.338317603,-0.0745655149,0.0517524667,1.17001116,0.544841409,3.99517376e-07,2.42361239e-06,0.210494936,2.36321739e-07,5.2655264e-07,-1.13565875e-07,-0.50358212,0.493942678,-0.0592222288,-2.12652302,1.64350522,1.4578253,-1.28738046,1.09078097,7.96818131e-05,0.0939523876,1.33299983,1.33299983,1.33299983
75.2666667,-0.510901451,0.460997313,-0.0396723896,-2.13248062,1.64646792,1.53682041,-1.25058103,1.07883978,1.13244482e-07,0.0881546959,1.33300006,1.33299994,1.33300018,-0.046039924,-0.529859304,0.380790174,-0.0815260038,0.061526373,1.22790682,0.561998963,3.09035613e-07,3.47799905e-05,0.22734125,-1.11995178e-08,-2.30041906e-07,1.81307769e-08,-0.506467581,0.46035257,-0.0329515673,-2.13343716,1.64659214,1.53635573,-1.25020266,1.09014833,7.43852797e-05,0.110623449,1.33299983,1.33299983,1.33299983
75.3333333,-0.513373852,0.425826311,-0.0130719598,-2.13805437,1.65061784,1.61941588,-1.21288502,1.07883978,1.68335418e-07,0.103953391,1.33299994,1.33299983,1.33300006,-0.0276863426,-0.525571764,0.412951976,-0.0893321261,0.0667239353,1.24214721,0.564107955,4.10191205e-07,5.82748144e-05,0.238179192,-1.36821654e-07,-3.47736659e-07,-3.84366103e-08,-0.509389758,0.42633459,-0.00634622946,-2.14043927,1.65050709,1.61775494,-1.21255112,1.08950746,6.90212764e-05,0.127506882,1.33299983,1.33299983,1.33299983
75.4,-0.514729202,0.391358167,0.0150913307,-2.14408517,1.65501726,1.70156825,-1.1755718,1.07883978,1.64688927e-07,0.120257795,1.33299983,1.33299983,1.33299994,-0.0133871036,-0.508980155,0.427290499,-0.0947577879,0.0690023005,1.21596301,0.549988389,-2.72086481e-07,4.83868498e-05,0.242652446,3.54497024e-06,7.07383151e-06,8.31278157e-08,-0.512268484,0.392822266,0.0198635943,-2.14733744,1.65497863,1.69940019,-1.17545938,1.08887613,6.37370104e-05,0.14413932,1.33299983,1.33299983,1.33299983
75.4666667,-0.515307844,0.358400941,0.0434515961,-2.15030789,1.65948749,1.78073525,-1.13976407,1.07883978,1.30676327e-07,0.136623278,1.33299983,1.33299923,1.33299983,-0.00503522204,-0.480220944,0.419077873,-0.0946153179,0.0686275512,1.15368676,0.518798947,-1.31343677e-06,1.89094681e-05,0.240404561,1.07657106e-05,1.85499302e-05,-2.56404746e-08,-0.515023589,0.360749245,0.0449477471,-2.15393901,1.65973532,1.77866888,-1.13996053,1.08827198,5.86796996e-05,0.160057425,1.33299983,1.33299983,1.33299983
75.5333333,-0.515530705,0.327762485,0.0704365522,-2.1563077,1.66385412,1.85459161,-1.10661519,1.07883978,1.63472009e-07,0.152580529,1.33299983,1.33299828,1.33299816,-0.00309674256,-0.439175963,0.386776119,-0.0876032487,0.0655933321,1.05717707,0.470598072,-1.6008496e-06,1.25244514e-05,0.231022388,1.43802317e-05,2.37314089e-05,-9.0469257e-08,-0.517574787,0.331049144,0.0681760684,-2.1600523,1.66450524,1.85293794,-1.10708809,1.08771253,5.39965476e-05,0.174797848,1.33299983,1.33299983,1.33299983
75.6,-0.51580137,0.30027017,0.0944731608,-2.16163754,1.66793239,1.92084241,-1.07723415,1.07883978,4.67554315e-07,0.167629659,1.33299351,1.33299756,1.33298719,-0.00653337222,-0.385323763,0.331771493,-0.074003011,0.0586180873,0.925268292,0.406714052,-7.182839e-07,-0.000121659796,0.213976815,-6.10356001e-05,-5.19399691e-05,-5.72561148e-05,-0.519842088,0.304655552,0.0888184011,-2.16548514,1.66901696,1.91958475,-1.07787538,1.08721519,4.9834769e-05,0.187897235,1.33299983,1.33299983,1.33299983
75.6666667,-0.516394556,0.276805431,0.114181444,-2.16590428,1.67151165,1.97710431,-1.05266106,1.07883978,2.06217393e-07,0.181263506,1.33299482,1.33299887,1.33298874,-0.0126017593,-0.317751616,0.25834313,-0.0553211533,0.051857736,0.758812368,0.326796412,-1.3829258e-06,0.000323674118,0.189553112,-5.45008152e-05,-3.50306727e-05,-6.15576209e-05,-0.521745086,0.282502025,0.106144577,-2.17004514,1.67299902,1.97598684,-1.05335569,1.08679795,4.63415745e-05,0.198892221,1.33299983,1.33299983,1.33299983
75.7333333,-0.517396867,0.258321702,0.128470778,-2.16879606,1.67462218,2.02105403,-1.03390336,1.07883978,2.22846694e-07,0.192947477,1.33298349,1.33299661,1.33297706,-0.0187985431,-0.235315233,0.170548156,-0.0320767798,0.0418858454,0.554773271,0.233526781,-3.12441557e-06,-0.000334946089,0.156874314,-0.000174303073,-0.000146551072,-0.000189742059,-0.523203671,0.265522182,0.119424425,-2.17354035,1.67617941,2.019521,-1.03456223,1.08647799,4.36641749e-05,0.207319468,1.33299983,1.33299983,1.33299983
75.8,-0.518719137,0.245833099,0.13655068,-2.17006755,1.67691028,2.05004406,-1.0218569,1.07883978,1.163044e-05,0.202147573,1.33295965,1.33297324,1.3329494,-0.0219909865,-0.137505606,0.0732473582,-0.00640840875,0.0250525922,0.309659153,0.126625776,4.47494458e-05,0.000602926128,0.115667783,-0.00042712671,-0.000413548114,-0.00384428632,-0.524137616,0.254649669,0.12792778,-2.17577839,1.67828691,2.04756522,-1.02252829,1.08627319,4.1949781e-05,0.212715596,1.33299983,1.33299983,1.33299983
75.8666667,-0.520067811,0.240379959,0.137965739,-2.16961718,1.67789423,2.06129432,-1.01752317,1.07860494,4.10326393e-05,0.208370626,1.33295572,1.33297169,1.33292019,-0.0195100363,-0.0240962673,-0.0280722883,0.019902084,0.00462097907,0.0247203857,0.00401092414,-2.77164099e-06,0.000274202001,0.0709439814,1.59230985e-05,2.81425746e-05,-2.42143869e-08,-0.520067811,0.240379959,0.137965739,-2.16961718,1.67789423,2.06129432,-1.01752317,1.07860494,4.10326393e-05,0.208370626,1.33295572,1.33297169,1.33292019
