time_s,pos_fr3_joint1,pos_fr3_joint2,pos_fr3_joint3,pos_fr3_joint4,pos_fr3_joint5,pos_fr3_joint6,pos_fr3_joint7,pos_thumb_joint_0,pos_thumb_joint_1,pos_index_joint_0,pos_middle_joint_0,pos_ring_joint_0,pos_little_joint_0,vel_fr3_joint1,vel_fr3_joint2,vel_fr3_joint3,vel_fr3_joint4,vel_fr3_joint5,vel_fr3_joint6,vel_fr3_joint7,vel_thumb_joint_0,vel_thumb_joint_1,vel_index_joint_0,vel_middle_joint_0,vel_ring_joint_0,vel_little_joint_0,cmd_fr3_joint1,cmd_fr3_joint2,cmd_fr3_joint3,cmd_fr3_joint4,cmd_fr3_joint5,cmd_fr3_joint6,cmd_fr3_joint7,cmd_thumb_joint_0,cmd_thumb_joint_1,cmd_index_joint_0,cmd_middle_joint_0,cmd_ring_joint_0,cmd_little_joint_0
0,-0.524466753,0.250818014,0.130924493,-2.17656684,1.67904973,2.05749583,-1.01828742,1.08601034,0.000275373313,0.214614779,1.33286381,1.33286917,1.33289063,0,0,0,0,0,0,0,4.99977978e-06,-0.000199460148,-2.41600646e-05,-1.774058e-05,9.09463051e-06,3.25811925e-06,-0.524466753,0.250818014,0.130924493,-2.17656684,1.67904973,2.05749583,-1.01828742,1.08601034,0.000275373313,0.214614779,1.33286381,1.33286917,1.33289063
0.0666666667,-0.52358532,0.252461851,0.128741726,-2.17940545,1.66543162,2.04999733,-1.03254414,1.08638537,0.00129174825,0.157681599,1.3276211,1.32798839,1.32822967,0.0162161086,0.0403273217,-0.0354420096,-0.0579750389,-0.16283147,-0.109248221,-0.267151117,1.19313117e-05,-7.49656465e-05,-0.660525084,2.51503952e-05,5.0698698e-05,4.74392436e-09,-0.524466753,0.250818014,0.130924493,-2.17656684,1.67904973,2.05749583,-1.01828742,1.22347188,0.0785663128,0.0897067562,1.33299983,1.33299983,1.33299983
0.133333333,-0.522716284,0.257566541,0.12746574,-2.18515611,1.65037107,2.04609919,-1.059093,1.07935584,0.012696987,0.0922902003,1.32719111,1.32760024,1.32785201,0.0133336885,0.0977877378,-0.0128602926,-0.0930895507,-0.178515688,-0.0459265187,-0.392925888,-2.96259532e-06,0.091438219,-0.885530651,2.06832192e-05,4.26652259e-05,3.707828e-08,-0.524466753,0.250818014,0.130924493,-2.17656684,1.67904973,2.05749583,-1.01828742,1.16580439,0.102685317,0,1.33299983,1.33299983,1.33299983
0.2,-0.521929443,0.265481442,0.127194121,-2.19330025,1.63867819,2.04502797,-1.09014213,1.0794946,0.0139767658,0.0462854765,1.32717025,1.32758415,1.32783067,0.0117415087,0.1352496,0.0019098015,-0.124399826,-0.126573458,0.00352807157,-0.488525689,-1.74379893e-05,2.12719096e-05,-0.512787759,-0.00689892983,-3.33744538e-05,0.00543611171,-0.524466753,0.250818014,0.130924493,-2.17656684,1.67904973,2.05749583,-1.01828742,1.23859751,0.0698838308,0,1.33299983,1.33299983,1.33299983
0.266666667,-0.519878268,0.277050644,0.12503542,-2.19994736,1.63512218,2.04449987,-1.12943828,1.07967997,0.0129258446,0.0221476387,1.32716441,1.32757854,1.32939029,0.0452285782,0.201585725,-0.0593421198,-0.0682574585,-0.0359704345,-0.0276935454,-0.588779032,-4.32355591e-07,-2.50767844e-05,-0.248005271,8.29539204e-06,1.6644015e-05,-5.04951458e-09,-0.524466753,0.250818014,0.130924493,-2.17656684,1.67904973,2.05749583,-1.01828742,1.24616504,0.0540205389,0,1.33299983,1.33299983,1.33299983
0.333333333,-0.516039371,0.292387515,0.119356781,-2.20240688,1.62389195,2.04499054,-1.1592896,1.07967114,0.0132663297,0.0099453833,1.32690084,1.32729459,1.3290664,0.0649230927,0.246474996,-0.0992388129,-0.000229679135,-0.169731572,0.00175615156,-0.401595682,1.95850953e-06,0.000422318757,-0.109337166,6.65700645e-06,1.25167571e-05,2.01398507e-08,-0.524466753,0.250818014,0.130924493,-2.17656684,1.67904973,2.05749583,-1.01828742,1.24616504,0.0638541505,0,1.33299983,1.33299983,1.33299983
0.4,-0.511245191,0.310121119,0.11174389,-2.20025706,1.61002588,2.04566216,-1.18394172,1.07967019,0.0130358133,0.000197995018,1.32724476,1.32760775,1.32931054,0.0717428401,0.271942616,-0.112449512,0.0651394576,-0.13743189,0.0153170656,-0.363196105,-5.71530109e-05,-0.0633990839,-0.193746358,0.0790004134,0.0746382326,0.0658984408,-0.524466753,0.250818014,0.130924493,-2.17656684,1.67904973,2.05749583,-1.01828742,1.24616504,0.0572038144,0,1.33299983,1.33299983,1.33299983
0.466666667,-0.506029665,0.329007626,0.103084818,-2.19357991,1.59792209,2.04341054,-1.20819592,1.07964122,0.0130844526,2.96788653e-06,1.33122551,1.33116317,1.32974267,0.07916186,0.285857677,-0.134061143,0.137406394,-0.184243768,-0.0666361526,-0.332231492,1.6008471e-06,0.000459209026,6.13722368e-05,0.0608264655,0.0543949269,-7.7436307e-06,-0.524466753,0.250818014,0.130924493,-2.17656684,1.67904973,2.05749583,-1.01828742,1.24616504,0.0590136945,0,1.33299983,1.33299983,1.33299983
0.533333333,-0.500433385,0.348276943,0.0929454565,-2.18219686,1.57730341,2.04149437,-1.22166157,1.07964134,0.0141974995,2.22188373e-06,1.33122957,1.33116698,1.32971835,0.0844575763,0.283415556,-0.15865615,0.201454625,-0.321183532,-0.0486388989,-0.151574254,1.10755682e-05,7.87285535e-06,-6.42106534e-06,-3.37472738e-06,-7.37982191e-06,8.90038791e-07,-0.524466753,0.250818014,0.130924493,-2.17656684,1.67904973,2.05749583,-1.01828742,1.24115491,0.0804476738,0,1.33299983,1.33299983,1.33299983
0.6,-0.496284872,0.366341501,0.08552742,-2.16827297,1.54908693,2.04135323,-1.22380924,1.07920444,0.0149553837,4.31830449e-06,1.33098483,1.33092093,1.32946372,0.0445290506,0.255278081,-0.0721732378,0.221133351,-0.413244098,0.00496684574,0.00184393395,-5.16112777e-07,0.00098207593,0.0017118312,0.00177452341,0.00184290623,-0.000148211373,-0.524466753,0.250818014,0.130924493,-2.17656684,1.67904973,2.05749583,-1.01828742,1.2102741,0.0895731598,0,1.33299983,1.33299983,1.33299983
0.666666667,-0.495239824,0.381952405,0.0851609632,-2.15480566,1.51862431,2.04428601,-1.22286963,1.06949854,0.0261700582,4.30511045e-06,1.33098722,1.33091927,1.32946479,-0.00496213604,0.213506818,0.0431411043,0.19585143,-0.424444944,0.0606312454,0.0328720286,-0.0315309614,-6.99436932e-05,1.03013008e-07,-2.18425594e-05,-0.000675388845,-4.38125935e-05,-0.524466753,0.250818014,0.130924493,-2.17656684,1.67904973,2.05749583,-1.01828742,1.09441793,0.104854748,0,1.33299983,1.33299983,1.33299983
0.733333333,-0.498097807,0.392985165,0.094360657,-2.14784813,1.52205527,2.0636878,-1.23363602,1.06663966,0.0271010101,0.00112049177,1.3330003,1.3330003,1.33300018,-0.0539049022,0.123533048,0.15934737,0.0380301215,0.104261398,0.293344051,-0.197295249,-0.0470317975,0.00106321275,6.50063157e-07,-0.000694928283,-0.00109685736,-0.000343724183,-0.524466753,0.250818014,0.130924493,-2.17656684,1.67904973,2.05749583,-1.01828742,1.0700531,0.0856499746,0,1.33299983,1.33299983,1.33299983
0.8,-0.501358986,0.397987902,0.103494123,-2.15216589,1.53483677,2.080899,-1.26010406,1.03889239,0.0365561023,0.00118191494,1.33299339,1.33299315,1.33305752,-0.0426040515,0.036748711,0.112348892,-0.13092503,0.214431316,0.214147314,-0.402369976,-0.318836629,-0.00145762612,2.72528268e-07,-0.00741602946,-0.00754367979,0.0824491531,-0.524466753,0.250818014,0.130924493,-2.17656684,1.67904973,2.05749583,-1.01828742,1.00370157,0.0906114429,0,1.33299983,1.33299983,1.33299983
0.866666667,-0.503476977,0.397728741,0.108527109,-2.16660953,1.556458,2.09342742,-1.29732192,1.03753352,0.0369572714,0.00125801482,1.33299851,1.33299804,1.33299839,-0.0239638239,-0.0368847214,0.0477214865,-0.268721938,0.382851422,0.1518213,-0.626283526,-7.11709508e-05,-0.000651620561,1.87428668e-07,-0.0025105793,0.00754342647,-0.00239021378,-0.524466753,0.250818014,0.130924493,-2.17656684,1.67904973,2.05749583,-1.01828742,1.04993653,0.112471983,0,1.33299983,1.33299983,1.33299983
0.933333333,-0.505749941,0.393448472,0.113042347,-2.18771315,1.5841018,2.10497832,-1.33782947,1.07424068,0.024528008,0.00133595045,1.33300018,1.33300006,1.33300018,-0.042294234,-0.0860193446,0.0837282985,-0.335251749,0.419105262,0.177933916,-0.703235209,0.095661439,-0.0919066295,7.95116648e-08,-5.37269407e-05,-4.28003004e-05,-6.19926868e-05,-0.524466753,0.250818014,0.130924493,-2.17656684,1.67904973,2.05749583,-1.01828742,1.19210362,0.106430776,0,1.33299983,1.33299983,1.33299983
1,-0.509583831,0.386968762,0.121093817,-2.21060181,1.61383748,2.12014484,-1.37906814,1.07365239,0.0247527789,0.0150738908,1.33299994,1.33299994,1.33300018,-0.0664976835,-0.107317068,0.14165014,-0.340001971,0.462011099,0.238231644,-0.583713114,5.16751243e-06,-0.000377097545,0.152505875,1.99073997e-06,4.24437076e-06,4.9063658e-08,-0.524466753,0.250818014,0.130924493,-2.17656684,1.67904973,2.05749583,-1.01828742,1.12769866,0.122341514,0.0293515623,1.33299983,1.33299983,1.33299983
1.06666667,-0.515020013,0.379389763,0.132920921,-2.23383737,1.64394915,2.13778639,-1.41803122,1.06712461,0.0273972582,0.00896937586,1.33299911,1.33299983,1.33299839,-0.0909615606,-0.120830864,0.199243352,-0.346558213,0.479431719,0.274523348,-0.580806732,-0.0880402848,-5.3843658e-05,-0.0783367157,-1.8645369e-06,9.59006138e-06,4.37539711e-08,-0.524466753,0.250818014,0.130924493,-2.17656684,1.67904973,2.05749583,-1.01828742,1.07181072,0.12234579,0,1.33299983,1.33299983,1.33299983
1.13333333,-0.520706892,0.371499836,0.145336583,-2.25643468,1.68031251,2.15536451,-1.46225464,1.06244993,0.028934706,0.00516965659,1.33299839,1.33299899,1.33299899,-0.0800779983,-0.119109713,0.172783196,-0.3282727,0.561300993,0.244493917,-0.673439443,-0.0724739283,0.000482258154,4.22005542e-08,-0.00014109211,-0.000310870353,7.55442306e-06,-0.524466753,0.250818014,0.130924493,-2.17656684,1.67904973,2.05749583,-1.01828742,1.06954336,0.115543112,0,1.33299983,1.33299983,1.33299983
1.2,-0.525855124,0.362899452,0.15617758,-2.2758944,1.71762526,2.16911268,-1.50479937,1.0485059,0.0338313766,0.00259151356,1.33299935,1.33299923,1.33299613,-0.0764996409,-0.138861105,0.156483486,-0.269877344,0.532241225,0.198455855,-0.579227507,-0.17252107,0.0806060582,8.29750206e-08,4.40234726e-06,5.31066325e-06,-6.83797407e-06,-0.524466753,0.250818014,0.130924493,-2.17656684,1.67904973,2.05749583,-1.01828742,1.0342592,0.119371384,0,1.33299983,1.33299983,1.33299983
1.26666667,-0.531420171,0.353579998,0.167643368,-2.29111028,1.74701953,2.18804812,-1.53163338,1.05105996,0.0331295505,6.13287557e-06,1.3329047,1.33290637,1.33290517,-0.0860544592,-0.159707651,0.169761881,-0.195643365,0.414215237,0.257979006,-0.349006027,-0.0269502681,-5.79095795e-05,8.3362931e-05,2.91103788e-05,5.2043848e-05,3.83577426e-05,-0.524466753,0.250818014,0.130924493,-2.17656684,1.67904973,2.05749583,-1.01828742,1.10370255,0.121063784,0,1.33299983,1.33299983,1.33299983
1.33333333,-0.53709662,0.344498158,0.179492161,-2.30312562,1.77761817,2.2079525,-1.56103277,1.07674599,0.0231538229,8.50769447e-06,1.33287764,1.33288169,1.33287728,-0.0850260928,-0.121721856,0.182821691,-0.16830048,0.454697341,0.308986276,-0.475339025,-1.0613865e-05,-1.6884529e-05,0.00024623223,-1.38899777e-05,2.12158193e-06,-2.96445214e-05,-0.524466753,0.250818014,0.130924493,-2.17656684,1.67904973,2.05749583,-1.01828742,1.23578846,0.0861275196,0,1.33299983,1.33299983,1.33299983
1.4,-0.54200083,0.337919205,0.19061242,-2.31315994,1.81180739,2.22626448,-1.59748375,1.07243359,0.0251417458,1.26536761e-05,1.33285975,1.33285928,1.33285367,-0.0675226226,-0.0850538388,0.158236027,-0.142400131,0.523541987,0.257244796,-0.546426713,-2.33781975e-06,0.000586683571,5.51881385e-08,2.41489033e-06,1.55661255e-05,-1.02522899e-05,-0.524466753,0.250818014,0.130924493,-2.17656684,1.67904973,2.05749583,-1.01828742,1.10945249,0.108828798,0,1.33299983,1.33299983,1.33299983
1.46666667,-0.545428157,0.33381325,0.199402332,-2.32159805,1.84845841,2.24196553,-1.63942814,1.04342175,0.0355643965,1.90413739e-05,1.33285391,1.33285594,1.33283913,-0.0408801846,-0.0482375734,0.112681821,-0.123088047,0.553667068,0.211594507,-0.613218009,-0.422401339,0.145490393,-8.92541721e-08,3.98483826e-06,1.62250071e-05,-7.46024307e-06,-0.524466753,0.250818014,0.130924493,-2.17656684,1.67904973,2.05749583,-1.01828742,1.00680435,0.127273574,0,1.33299983,1.33299983,1.33299983
1.53333333,-0.548046112,0.330044538,0.206143335,-2.33117509,1.8856976,2.25223064,-1.68088579,1.03315377,0.0372669846,0.010163323,1.33285558,1.33285892,1.33284056,-0.0463336147,-0.0774965659,0.103731394,-0.16230984,0.555837154,0.132121131,-0.623927951,-0.0290555209,-7.0076203e-06,0.127380565,2.52234167e-06,4.9990922e-06,7.13844202e-08,-0.524466753,0.250818014,0.130924493,-2.17656684,1.67904973,2.05749583,-1.01828742,1.0079124,0.125374511,0.022692129,1.33299983,1.33299983,1.33299983
1.6,-0.550577581,0.324675143,0.211939514,-2.3396697,1.92761219,2.26064038,-1.72322309,1.04728019,0.0347176865,0.0734239593,1.33284855,1.33285332,1.33286953,-0.034676291,-0.0779038817,0.0799870491,-0.101687483,0.582758904,0.131938994,-0.612559676,0.0990756452,-0.048420772,0.980785847,-2.43766408e-05,-4.04132879e-05,2.98314262e-08,-0.524466753,0.250818014,0.130924493,-2.17656684,1.67904973,2.05749583,-1.01828742,1.12065637,0.14071697,0.174280882,1.33299983,1.33299983,1.33299983
1.66666667,-0.552345037,0.319557905,0.215908214,-2.34574175,1.96395791,2.26867843,-1.76258767,1.04604053,0.0351747833,0.139774024,1.33288693,1.33289552,1.33291185,-0.0228659008,-0.0767610297,0.0515705049,-0.0768636167,0.550001919,0.10156586,-0.57472229,6.47230991e-06,5.51084522e-05,0.9999066,-2.04879907e-05,-3.83147417e-05,-2.24163523e-06,-0.524466753,0.250818014,0.130924493,-2.17656684,1.67904973,2.05749583,-1.01828742,1.07322168,0.153182715,0.306823611,1.33299983,1.33299983,1.33299983
1.73333333,-0.555330932,0.318717748,0.225775853,-2.34392786,2.00205016,2.28011465,-1.80118668,1.02845526,0.0377696641,0.205795616,1.33013213,1.33017123,1.33017898,-0.0721566379,0.00728199771,0.223535925,0.0537319332,0.569174886,0.164071232,-0.541610956,-0.17005074,0.00149734051,0.992748797,-0.0079305768,-0.00688949507,-0.00343739428,-0.524466753,0.250818014,0.130924493,-2.17656684,1.67904973,2.05749583,-1.01828742,0.977366865,0.163311154,0.414514601,1.33299983,1.33299983,1.33299983
1.8,-0.559415162,0.320312887,0.239689723,-2.33961487,2.03890586,2.29480624,-1.83844388,1.02632833,0.0378625132,0.271173567,1.33025718,1.33037519,1.33037508,-0.0640581176,0.0349335745,0.215273991,0.0529696345,0.457379818,0.244777277,-0.538553894,-0.000305396155,0.0757586285,1.00000119,0.000492808409,0.00159231224,-0.000634773402,-0.524466753,0.250818014,0.130924493,-2.17656684,1.67904973,2.05749583,-1.01828742,1.00816727,0.171540499,0.404527485,1.33299983,1.33299983,1.33299983
1.86666667,-0.562868536,0.31934303,0.249761581,-2.33940816,2.06923985,2.30472088,-1.87680125,0.999744713,0.0366682895,0.328133434,1.33239865,1.33254445,1.33253253,-0.0486771017,-0.0856851637,0.0906631425,-0.103478983,0.512487411,0.0292708036,-0.619142354,-0.403022647,-2.46334821e-07,0.901990116,0.0874723345,0.0857744962,0.0845836997,-0.524466753,0.250818014,0.130924493,-2.17656684,1.67904973,2.05749583,-1.01828742,0.924510121,0.178226843,0.476368129,1.33299983,1.33299983,1.33299983
1.93333333,-0.566657066,0.314065754,0.257133186,-2.34658074,2.10217905,2.30981946,-1.9163307,0.983125091,0.0382210203,0.383451879,1.33239603,1.3324064,1.33243656,-0.0768000707,-0.102152504,0.137032509,-0.125643879,0.49492985,0.0288544726,-0.563226223,-0.154873833,-0.0772865266,0.679620981,-0.000292055251,-0.000616005156,5.93136065e-07,-0.524466753,0.250818014,0.130924493,-2.17656684,1.67904973,2.05749583,-1.01828742,0.937923968,0.183659494,0.471951067,1.33299983,1.33299983,1.33299983
2,-0.572160363,0.307129145,0.267028689,-2.35497332,2.13716817,2.31496525,-1.95746589,0.968211174,0.0384328812,0.439091533,1.3315357,1.33155537,1.33165896,-0.0971287265,-0.12799342,0.158812717,-0.148511797,0.496460795,0.0514942557,-0.576369882,-0.169304892,0.00109583884,0.783979118,-0.000330527546,-0.000710254884,6.19795173e-07,-0.524466753,0.250818014,0.130924493,-2.17656684,1.67904973,2.05749583,-1.01828742,0.922055066,0.188073531,0.548680663,1.33299983,1.33299983,1.33299983
2.06666667,-0.578068078,0.30073598,0.277972996,-2.36364818,2.17322159,2.32198334,-2.00200582,0.935549736,0.0391407199,0.463950664,1.33078074,1.33079898,1.33090687,-0.0871294811,-0.107404351,0.151368663,-0.144187778,0.568518639,0.0396630578,-0.660884738,-0.444190055,0.000304673798,0.220043734,-0.00637039356,0.00160532026,0.00177431758,-0.524466753,0.250818014,0.130924493,-2.17656684,1.67904973,2.05749583,-1.01828742,0.854544044,0.189639494,0.546112299,1.33299983,1.33299983,1.33299983
2.13333333,-0.585498393,0.293350905,0.290963948,-2.37359405,2.20721507,2.3278954,-2.04155469,0.933587193,0.0396418013,0.465309024,1.32977343,1.32984102,1.32997191,-0.139021873,-0.138830289,0.228583246,-0.172130734,0.49731645,0.0747817457,-0.573738873,-0.000124212354,0.00132859219,1.52364373e-06,-0.00108578568,-0.00134865101,-0.000819401816,-0.524466753,0.250818014,0.130924493,-2.17656684,1.67904973,2.05749583,-1.01828742,0.945812762,0.192932278,0.507236063,1.33299983,1.33299983,1.33299983
2.2,-0.594398916,0.284739375,0.306033105,-2.38492155,2.24652624,2.33441138,-2.08731103,0.917720973,0.0401187018,0.466533631,1.32893479,1.32901525,1.32919288,-0.138605028,-0.13726376,0.228724152,-0.183482051,0.628199756,0.0526740141,-0.688933611,-0.187745631,0.00166602433,0.181308731,-0.000567170791,-0.00114026899,-5.84477093e-05,-0.524466753,0.250818014,0.130924493,-2.17656684,1.67904973,2.05749583,-1.01828742,0.873847127,0.192356557,0.543838143,1.33299983,1.33299983,1.33299983
2.26666667,-0.602751076,0.276871771,0.320409268,-2.39574552,2.29027963,2.33895087,-2.13644528,0.896790564,0.0410512909,0.478790432,1.32802498,1.32809913,1.32830667,-0.126566529,-0.121049963,0.212582633,-0.172209784,0.661484718,0.0252185371,-0.727329195,-0.266147763,0.000541753136,0.341376305,-0.000186105492,-0.000378063414,-2.01233197e-05,-0.524466753,0.250818014,0.130924493,-2.17656684,1.67904973,2.05749583,-1.01828742,0.847955585,0.195139885,0.583723545,1.33299983,1.33299983,1.33299983
2.33333333,-0.611241102,0.269716233,0.335287333,-2.40441489,2.3314271,2.34370637,-2.18148971,0.885252357,0.0416335352,0.498363495,1.3267653,1.32681453,1.32704496,-0.130700842,-0.0939765349,0.242540598,-0.0913868323,0.623842895,0.0979586542,-0.661875308,-0.132769018,-0.089802362,0.301086247,-0.000251354184,-0.000570221804,1.85682438e-05,-0.524466753,0.250818014,0.130924493,-2.17656684,1.67904973,2.05749583,-1.01828742,0.869300842,0.195900992,0.618905187,1.33299983,1.33299983,1.33299983
2.4,-0.619467437,0.264152735,0.35066095,-2.40989399,2.36908102,2.35146928,-2.22045231,0.878792584,0.0417409725,0.520674407,1.32493854,1.32495797,1.3252337,-0.104567371,-0.067761004,0.208059534,-0.0541116931,0.598059416,0.097206302,-0.562687576,-0.0571149476,0.000142751262,0.459890127,-0.000273139216,-0.000270929188,-0.00741521269,-0.524466753,0.250818014,0.130924493,-2.17656684,1.67904973,2.05749583,-1.01828742,0.885094523,0.198019743,0.668080866,1.33299983,1.33299983,1.33299983
2.46666667,-0.625856519,0.259031594,0.36214298,-2.41641736,2.40406036,2.35443497,-2.259305,0.859644711,0.0324652344,0.538890779,1.32777667,1.32769346,1.32791007,-0.0930977911,-0.0866877958,0.15376319,-0.149596438,0.550665855,-0.0566885844,-0.603924572,-0.192151278,-0.124656245,0.239593267,0.112385988,0.109940253,0.107286349,-0.524466753,0.250818014,0.130924493,-2.17656684,1.67904973,2.05749583,-1.01828742,0.824597299,0.199741229,0.708036065,1.33299983,1.33299983,1.33299983
2.53333333,-0.632010877,0.25391382,0.372955173,-2.42564225,2.44349241,2.35094953,-2.30204082,0.847803414,0.0236848872,0.553191543,1.33253312,1.33276069,1.33276093,-0.0986533388,-0.0753583163,0.175576136,-0.133997262,0.60447371,-0.0811950266,-0.6320467,-0.186115235,-0.0931182951,0.321220696,-0.000155508984,-0.000346500892,1.99349597e-05,-0.524466753,0.250818014,0.130924493,-2.17656684,1.67904973,2.05749583,-1.01828742,0.830320597,0.201139927,0.740499675,1.33299983,1.33299983,1.33299983
2.6,-0.638164222,0.249079689,0.383854866,-2.43458104,2.48341131,2.34728742,-2.34547591,0.831560791,0.0135718742,0.570198417,1.33075762,1.33098066,1.33100975,-0.100323208,-0.0827156156,0.16707243,-0.157043174,0.59599632,-0.106763788,-0.642739713,-0.190155312,-0.173235923,0.307581127,-0.000325616915,-0.00068303477,-8.72090459e-06,-0.524466753,0.250818014,0.130924493,-2.17656684,1.67904973,2.05749583,-1.01828742,0.809140444,0.202276379,0.7668764,1.33299983,1.33299983,1.33299983
2.66666667,-0.643893659,0.244965255,0.394506663,-2.4432354,2.52531433,2.34179735,-2.39152718,0.810048819,-3.26521513e-05,0.594181299,1.32950532,1.32970202,1.32977307,-0.101455495,-0.0700225979,0.174472436,-0.147048399,0.540642083,-0.0851395577,-0.617067456,-0.270847827,-0.00323410775,0.235930577,-0.00650443742,-0.00173124485,-0.00485653756,-0.524466753,0.250818014,0.130924493,-2.17656684,1.67904973,2.05749583,-1.01828742,0.776676536,0.166669846,0.788307488,1.33299983,1.33299983,1.33299983
2.73333333,-0.649182558,0.240226254,0.403055251,-2.4560492,2.56349707,2.3305347,-2.43228555,0.783126473,0.000113926726,0.593720078,1.33300316,1.33291459,1.33300114,-0.0700680986,-0.0641080365,0.116413973,-0.216013774,0.61686343,-0.275544524,-0.612810433,-0.351705015,-0.0828718171,0.120912984,-0.000890373485,-0.00071774656,-2.75634229e-05,-0.524466753,0.250818014,0.130924493,-2.17656684,1.67904973,2.05749583,-1.01828742,0.736423969,0.136237949,0.72373414,1.33299983,1.33299983,1.33299983
2.8,-0.652078986,0.236943528,0.408054978,-2.47102642,2.60279346,2.31152654,-2.47124362,0.757537007,0.00258926209,0.594159365,1.33195281,1.33184743,1.33197129,-0.045673497,-0.0479022153,0.0801059902,-0.241259426,0.613358259,-0.380888999,-0.523557246,-0.0299110748,-0.00882205088,0.183632329,-0.000132865272,-0.000273807906,-7.35279173e-06,-0.524466753,0.250818014,0.130924493,-2.17656684,1.67904973,2.05749583,-1.01828742,0.704330266,0.122216687,0.701777756,1.33299983,1.33299983,1.33299983
2.86666667,-0.653456032,0.235052586,0.411056101,-2.4872179,2.63975477,2.28725028,-2.50114942,0.755148947,0.00529872859,0.589302421,1.33121073,1.33111465,1.33127093,-0.013563267,-0.0128873792,0.0452495031,-0.240160361,0.561623514,-0.409703285,-0.425359011,-0.00047345669,0.00268572476,0.00353980437,-0.00286783604,-0.00297373254,-0.00268795411,-0.524466753,0.250818014,0.130924493,-2.17656684,1.67904973,2.05749583,-1.01828742,0.677642643,0.104164138,0.645507634,1.33299983,1.33299983,1.33299983
2.93333333,-0.652110338,0.235542104,0.410762817,-2.5042634,2.67560506,2.25626135,-2.52683997,0.754311144,0.00657474017,0.586016655,1.33038092,1.33032215,1.33049524,0.024667969,0.0128938314,-0.00978149567,-0.270224541,0.532962263,-0.544985414,-0.346340388,0.0435801074,0.000307826325,0.0710301846,-0.000151532935,-0.000323755201,1.32457353e-06,-0.524466753,0.250818014,0.130924493,-2.17656684,1.67904973,2.05749583,-1.01828742,0.655958891,0.109839976,0.644349456,1.33299983,1.33299983,1.33299983
3,-0.64915657,0.237803236,0.408597648,-2.52251029,2.70795202,2.22058439,-2.55070186,0.754287422,0.00730768079,0.561982751,1.32923412,1.32915604,1.32938147,0.039994128,0.0332564339,-0.0265384242,-0.287724018,0.48190847,-0.602843225,-0.337663889,6.18964041e-05,-0.0930798873,-0.183144256,0.00306950044,0.00133234658,0.00332509633,-0.524466753,0.250818014,0.130924493,-2.17656684,1.67904973,2.05749583,-1.01828742,0.63834089,0.087423034,0.573060632,1.33299983,1.33299983,1.33299983
3.06666667,-0.645749152,0.241112441,0.406273842,-2.54150796,2.73928165,2.18177009,-2.57318211,0.753304601,0.00893721636,0.548318923,1.32799959,1.32794452,1.32931387,0.0433741659,0.0547632053,-0.0176160336,-0.299770296,0.460501611,-0.62808615,-0.316222042,0.0346280783,0.00038934499,-1.60187483e-07,0.000181890558,-0.000128159882,0.0582055077,-0.524466753,0.250818014,0.130924493,-2.17656684,1.67904973,2.05749583,-1.01828742,0.624026239,0.0914105996,0.573153675,1.33299983,1.33299983,1.33299983
3.13333333,-0.641171336,0.246848539,0.403842837,-2.55837226,2.77285981,2.14016771,-2.59611607,0.752601802,0.00443234621,0.561269104,1.33221388,1.33206952,1.33260918,0.0579742938,0.0906565413,-0.0137271574,-0.240908444,0.492324263,-0.65312016,-0.307039231,5.97835751e-05,0.000421514036,0.314721823,0.090056479,0.0873000771,0.00387459132,-0.524466753,0.250818014,0.130924493,-2.17656684,1.67904973,2.05749583,-1.01828742,0.612395585,0.0556958169,0.630907774,1.33299983,1.33299983,1.33299983
3.2,-0.634869456,0.254654408,0.399589658,-2.57304883,2.80363321,2.10003614,-2.61743236,0.752498806,0.00373345823,0.563863814,1.332286,1.33189929,1.33113039,0.0814672261,0.120131306,-0.0391396321,-0.224373773,0.451772064,-0.698719621,-0.2866835,2.48916185e-05,-0.0914038047,0.11123956,0.00239785947,0.00272625801,0.0071810917,-0.524466753,0.250818014,0.130924493,-2.17656684,1.67904973,2.05749583,-1.01828742,0.602945685,0.0308465939,0.60368228,1.33299983,1.33299983,1.33299983
3.26666667,-0.623546362,0.264665216,0.381471455,-2.58509779,2.80649972,2.05936265,-2.62436438,0.749562979,3.46440515e-07,0.55077064,1.32710421,1.32690382,1.32876086,0.198189661,0.172643647,-0.337335289,-0.190201759,0.000539803179,-0.671141028,-0.125471622,-0.193732947,0.00196707435,-1.33179128e-07,0.000136718547,0.000180037008,7.68304672e-05,-0.524466753,0.250818014,0.130924493,-2.17656684,1.67904973,2.05749583,-1.01828742,0.595267594,0.0242120661,0.570355594,1.33299983,1.33299983,1.33299983
3.33333333,-0.61192292,0.277792662,0.36169368,-2.59647632,2.80648923,2.0119803,-2.62928176,0.746187568,-2.51783035e-06,0.542636395,1.32935822,1.3292048,1.33058333,0.109560847,0.207939029,-0.183891207,-0.132054895,0.000210457947,-0.739356577,-0.0335933901,0.0280092787,-0.000911466253,-1.15483999e-06,0.0736103654,0.0740907341,0.0572374985,-0.524466753,0.250818014,0.130924493,-2.17656684,1.67904973,2.05749583,-1.01828742,0.589029253,0.0379429236,0.567671597,1.33299983,1.33299983,1.33299983
3.4,-0.605730891,0.291785479,0.350014001,-2.60354471,2.80649185,1.96907246,-2.63385558,0.746238708,-1.85247131e-06,0.562751293,1.32905829,1.32894075,1.32981646,0.0594656952,0.205009967,-0.130316049,-0.101370342,0.00274709659,-0.66442287,-0.0666212812,-5.70911652e-06,0.000147494837,0.34410724,-0.00553151965,-0.00172927952,-0.000152231194,-0.524466753,0.250818014,0.130924493,-2.17656684,1.67904973,2.05749583,-1.01828742,0.583960533,0.0411916301,0.623091578,1.33299983,1.33299983,1.33299983
3.46666667,-0.602300346,0.305646241,0.341318041,-2.60973287,2.80648851,1.92803526,-2.63929582,0.746044874,-1.66069435e-06,0.590750277,1.32820868,1.32815671,1.3290627,0.0214730669,0.201467752,-0.0878962278,-0.0986375734,-0.000421734992,-0.657669604,-0.0671307147,-3.00444663e-06,-1.25754159e-05,0.388972521,2.06519617e-05,6.94673508e-06,-1.10710971e-07,-0.524466753,0.250818014,0.130924493,-2.17656684,1.67904973,2.05749583,-1.01828742,0.57984215,0.0532264151,0.660978138,1.33299983,1.33299983,1.33299983
3.53333333,-0.600380957,0.320402831,0.334532022,-2.61465621,2.80648685,1.888376,-2.64574742,0.745985627,-4.02067235e-06,0.60846591,1.32790363,1.32786214,1.32877147,0.0117882118,0.225016415,-0.0741024092,-0.0694074482,-0.000399218174,-0.624375343,-0.0828556269,1.31055713e-05,0.000194459019,0.244975761,-8.18213448e-05,-0.000213148887,2.32830644e-08,-0.524466753,0.250818014,0.130924493,-2.17656684,1.67904973,2.05749583,-1.01828742,0.576496005,0.0437953994,0.664970994,1.33299983,1.33299983,1.33299983
3.6,-0.599878848,0.334616184,0.329709083,-2.62042356,2.80648565,1.84931159,-2.65187192,0.74539721,-1.50950327e-05,0.614953995,1.32807708,1.32803965,1.32894063,-0.00376162026,0.228732824,-0.0503387488,-0.0677205101,-0.00227498915,-0.553167701,-0.0824589357,-0.000433471054,0.00283678551,4.96581197e-06,-0.00268578692,-0.00293645519,-0.00242923852,-0.524466753,0.250818014,0.130924493,-2.17656684,1.67904973,2.05749583,-1.01828742,0.573777258,0.0620695278,0.691825867,1.33299983,1.33299983,1.33299983
3.66666667,-0.600221634,0.350060314,0.326032639,-2.62488484,2.80647516,1.81228054,-2.65705395,0.74112457,-2.08615857e-05,0.616009355,1.32836556,1.32832921,1.32922459,-0.0163423549,0.235595122,-0.0351999849,-0.0532896742,0.000510197133,-0.512496471,-0.0253995955,0.0653833896,0.000362630934,-3.1888485e-06,0.00128884939,0.000919535058,0.00155526423,-0.524466753,0.250818014,0.130924493,-2.17656684,1.67904973,2.05749583,-1.01828742,0.575811744,0.052426789,0.719753504,1.33299983,1.33299983,1.33299983
3.73333333,-0.601064205,0.365730494,0.322843552,-2.62958026,2.80648184,1.77406776,-2.66277194,0.741418481,-1.73864737e-05,0.615597069,1.32949293,1.32948768,1.33033288,-0.0166603066,0.229541838,-0.0456574075,-0.0774322599,0.00128332828,-0.594249606,-0.0484096222,0.0378284603,0.00223706011,0.000208171201,-0.000213932275,-0.000337753969,-0.000108974142,-0.524466753,0.250818014,0.130924493,-2.17656684,1.67904973,2.05749583,-1.01828742,0.573221326,0.0465377979,0.700465143,1.33299983,1.33299983,1.33299983
3.8,-0.601864278,0.382540792,0.319991469,-2.63310051,2.80649281,1.73676503,-2.66871715,0.740905225,-2.0269943e-05,0.615639567,1.32980108,1.32979381,1.33063257,-0.0142439539,0.268415362,-0.0316538736,-0.0231653918,0.00370939332,-0.503681004,-0.0468472019,0.0363131762,0.00293025724,0.0587796271,8.54674727e-05,3.64636071e-05,7.61705451e-05,-0.524466753,0.250818014,0.130924493,-2.17656684,1.67904973,2.05749583,-1.01828742,0.571116626,0.0447599441,0.720593512,1.33299983,1.33299983,1.33299983
3.86666667,-0.602227151,0.400704831,0.317033648,-2.63537073,2.80649853,1.70002508,-2.67434096,0.740806043,-2.43278864e-05,0.616202593,1.33132768,1.33095229,1.33199596,-0.0118737221,0.290683508,-0.0206463132,-0.0085401414,-0.00271645631,-0.550124109,-0.114486851,-0.0839621499,0.00397672271,6.05359674e-06,-0.00319029251,-0.00351933716,-0.00282828789,-0.524466753,0.250818014,0.130924493,-2.17656684,1.67904973,2.05749583,-1.01828742,0.572030902,0.0638532937,0.75070262,1.33299983,1.33299983,1.33299983
3.93333333,-0.601657331,0.419836491,0.313154459,-2.63787365,2.80649376,1.65945423,-2.68105507,0.740999162,-2.50436715e-05,0.618765593,1.33202112,1.33166039,1.33270133,0.00462968927,0.308515042,-0.0337791443,0.00281050988,0.00322018145,-0.534165978,-0.0867028087,0.0410192758,0.00414998783,4.39211726e-06,-0.00214056764,-0.00226616673,-0.00199154811,-0.524466753,0.250818014,0.130924493,-2.17656684,1.67904973,2.05749583,-1.01828742,0.570149422,0.0907309875,0.746613383,1.33299983,1.33299983,1.33299983
4,-0.5997926,0.431421906,0.308921725,-2.63476706,2.80487084,1.64933765,-2.66977859,0.753313959,7.06651093e-08,0.603661597,1.32655954,1.32616842,1.32595968,0.0649453253,0.064825967,-0.12700896,0.0685982108,-0.0721832663,0.012019489,0.337469488,-6.54690666e-08,7.12808614e-05,-0.126602665,5.01750037e-08,-2.37042259e-05,-0.0671223328,-0.599323869,0.424175829,0.309939623,-2.63459682,2.80189538,1.65797794,-2.66564536,0.748529375,0,0.603761971,1.33299983,1.33299983,1.33299983
4.06666667,-0.593383372,0.434988797,0.296856701,-2.62780738,2.79235339,1.65573025,-2.6338861,0.76102978,-6.77866637e-06,0.577184081,1.32655287,1.32617998,1.32301927,0.121261179,0.0882553905,-0.253157824,0.119905546,-0.278939754,0.0665268376,0.708605587,0.212170258,0.000449527462,-0.448092401,3.19283572e-05,6.32467563e-05,-1.05821528e-07,-0.592889071,0.436141819,0.300986558,-2.62549043,2.78898048,1.65394354,-2.62299824,0.76929456,0,0.562819839,1.33299983,1.33299983,1.33299983
4.13333333,-0.585401177,0.447080225,0.279082268,-2.61682463,2.77057171,1.65510023,-2.57444763,0.778015137,-2.14251327e-06,0.540771425,1.32658255,1.32620823,1.32303655,0.120345123,0.265480518,-0.300130814,0.182425335,-0.363200039,-0.123428658,1.0929966,0.316001296,0.000173117412,-0.558969021,3.99736782e-05,6.98411022e-05,-6.33153832e-08,-0.583201528,0.454156637,0.287332684,-2.6116395,2.76906919,1.64794302,-2.55848598,0.800556362,0,0.502042413,1.33299983,1.33299983,1.33299983
4.2,-0.576333106,0.470324308,0.258197695,-2.60119247,2.74492979,1.64494061,-2.49066877,0.802726328,2.06825234e-06,0.494091302,1.32657707,1.32619894,1.32300818,0.144272357,0.407594681,-0.323318392,0.271310389,-0.39265132,-0.19053565,1.40489101,0.42404595,-0.00224098051,-0.713731706,0.0049485378,0.000283141911,-1.49648986e-05,-0.571109772,0.476642221,0.270015299,-2.59413123,2.74348187,1.6405679,-2.4774816,0.839576602,1.55708804e-05,0.427532792,1.33299983,1.33299983,1.33299983
4.26666667,-0.565224111,0.499814481,0.236171827,-2.58040571,2.71714783,1.63409984,-2.39150023,0.832960069,3.04155328e-05,0.435549855,1.32642066,1.32600629,1.32281053,0.193284959,0.473413587,-0.30575344,0.360031754,-0.44643411,-0.1361029,1.53860843,0.521547794,-7.78380781e-05,-0.866816223,-0.000253304723,0.000111722096,-4.16650437e-07,-0.557462275,0.502020776,0.250071734,-2.57405043,2.71353912,1.63241029,-2.38535738,0.883617043,3.30156909e-05,0.345394224,1.33299983,1.33299983,1.33299983
4.33333333,-0.55006212,0.531369686,0.215958327,-2.55379176,2.68698621,1.62578058,-2.28832483,0.870162129,4.43086719e-05,0.372607291,1.32814765,1.32767606,1.32453442,0.243321642,0.446853876,-0.299249917,0.368759274,-0.558714747,-0.129236221,1.54144359,0.595397651,-0.00243250607,-0.971731544,0.00212141545,0.000894967467,2.03913078e-06,-0.543107808,0.52871418,0.228539377,-2.55248332,2.6805613,1.62406182,-2.28748608,0.929939449,5.07845616e-05,0.261729896,1.33299983,1.33299983,1.33299983
4.4,-0.533596277,0.559641898,0.196928367,-2.52796578,2.65203118,1.61901724,-2.18785739,0.911380827,3.56859673e-05,0.308515131,1.33103979,1.32647038,1.32380128,0.245341554,0.383866668,-0.276843488,0.331150681,-0.613400757,-0.107598208,1.46584105,0.639865279,1.19386677e-05,-0.997750163,-2.3067696e-07,-0.103540592,-0.0852360353,-0.528894603,0.555144608,0.206455484,-2.53051567,2.64586806,1.61611426,-2.18924046,0.975805402,6.75812698e-05,0.182642922,1.33299983,1.33299983,1.33299983
4.46666667,-0.517721415,0.583223939,0.180245891,-2.50781798,2.61306524,1.61077964,-2.09372306,0.954594791,4.57394126e-05,0.242069766,1.33104551,1.32395542,1.32237303,0.229474366,0.322602957,-0.225108728,0.273077607,-0.573600233,-0.135790944,1.35797679,0.640967131,0.000350280956,-0.996286452,4.95685963e-05,9.36880242e-05,-1.15251169e-07,-0.515671551,0.579734206,0.184857458,-2.50923395,2.61078072,1.60915971,-2.09599328,1.01847661,8.21096182e-05,0.114236519,1.33299983,1.33299983,1.33299983
4.53333333,-0.503046811,0.603312016,0.165634274,-2.49001575,2.57843781,1.60195303,-2.00847244,0.995293498,2.15858254e-05,0.176210091,1.33299935,1.32773733,1.32463574,0.208222032,0.258866966,-0.317402303,0.265094995,-0.276990771,-0.218438759,1.20592463,0.55085355,0.00208410202,-0.997435093,-1.4930265e-08,0.565084696,0.281794786,-0.504286885,0.600904882,0.164782599,-2.48972297,2.57661891,1.60378945,-2.0131166,1.055215,9.30733804e-05,0.0626138374,1.33299983,1.33299983,1.33299983
4.6,-0.496982127,0.618380427,0.14802663,-2.4725132,2.54859138,1.59464061,-1.93705833,1.03043067,6.67041822e-05,0.111207753,1.33300018,1.3330003,1.33300018,0.0631085187,0.202321216,-0.245400861,0.257355303,-0.493602514,-0.0421742201,0.918554723,0.48167792,-4.77818103e-05,-0.864256382,9.76402134e-07,2.05413835e-06,2.15834916e-07,-0.495589286,0.617078722,0.147268236,-2.47306943,2.54470301,1.60059571,-1.94598353,1.08328223,9.91763663e-05,0.0338780582,1.33299983,1.33299983,1.33299983
4.66666667,-0.492450505,0.629812598,0.132668421,-2.4574244,2.51806974,1.59457099,-1.88785672,1.05903995,5.09406818e-05,0.068177335,1.3330003,1.33300054,1.33300042,0.0705330148,0.133167207,-0.217982188,0.187883675,-0.432538718,0.0329320356,0.584181547,0.385457486,-0.000136526331,-0.445818931,8.53303959e-07,1.84731687e-06,4.95559789e-08,-0.490156263,0.627181888,0.132999107,-2.46013045,2.51575541,1.60007107,-1.89817488,1.1008147,9.99999975e-05,0.0299999975,1.33299983,1.33299983,1.33299983
4.73333333,-0.488404751,0.635692835,0.118935935,-2.4467752,2.48856282,1.5980767,-1.85515392,1.07966673,6.24815755e-08,0.047510419,1.3330003,1.33299994,1.33300042,0.0498359092,0.0522540584,-0.188209563,0.135597572,-0.437005997,0.0734188482,0.362317145,-2.25453005e-06,-6.08833579e-05,-0.214155391,1.04424362e-06,1.63631739e-06,8.46557668e-09,-0.48678565,0.633449793,0.120397441,-2.44997215,2.48700619,1.6018362,-1.86169386,1.11169171,9.99999975e-05,0.0299999993,1.33299983,1.33299983,1.33299983
4.8,-0.48591131,0.637632549,0.107136138,-2.43874836,2.45966649,1.60357463,-1.83108187,1.07973766,-2.24893611e-07,0.0380823426,1.33300018,1.33300006,1.3330003,0.0208799187,0.0127855148,-0.162952855,0.110089451,-0.431352228,0.0881436542,0.3496342,-3.00452302e-06,-0.00174737151,-0.0905461982,4.34409594e-05,5.46542578e-05,-1.934186e-07,-0.484970748,0.636824846,0.108871244,-2.44179177,2.45789576,1.60542047,-1.83342993,1.11754858,0.000100000005,0.0300000012,1.33299983,1.33299983,1.33299983
4.86666667,-0.485322177,0.637891948,0.0970437899,-2.4323175,2.43069673,1.60903752,-1.80979061,1.07973623,-4.65064971e-07,0.0288604721,1.33300126,1.33300078,1.33300102,-0.00193331565,-0.00267289416,-0.140290141,0.0813152716,-0.404040277,0.0699100643,0.284377724,-7.12847395e-07,-5.7487563e-05,-0.146189064,2.1839478e-06,4.50488369e-06,-1.94511813e-07,-0.484428585,0.63783294,0.098125726,-2.4349432,2.42840791,1.61041069,-1.81177354,1.11929798,9.99999975e-05,0.0299999975,1.33299983,1.33299983,1.33299983
4.93333333,-0.485612035,0.637328207,0.0875758603,-2.42736435,2.40041876,1.61463213,-1.79268122,1.07973671,-1.33885192e-06,0.0274938084,1.33299971,1.33299387,1.33299923,-0.00220696186,-0.0142831756,-0.144612551,0.0731268898,-0.459542722,0.0985277966,0.226354942,-1.81782343e-06,-0.000671671121,-1.59954652e-07,0.000117272662,0.000185458106,5.74621372e-05,-0.484876454,0.637000203,0.087866053,-2.42878056,2.39852524,1.61639392,-1.79511559,1.11785281,0.000100000005,0.0300000012,1.33299983,1.33299983,1.33299983
5,-0.486192852,0.635863543,0.0781392902,-2.42231774,2.36963367,1.62172985,-1.77943242,1.07973671,-2.69674967e-08,0.0274631064,1.33299994,1.33296347,1.33299863,-0.0115761654,-0.0300029665,-0.140896812,0.0716531724,-0.475287497,0.114561304,0.173163831,1.35508344e-06,-4.42722994e-05,-1.90746505e-07,3.62986575e-05,3.4296012e-05,2.25854019e-05,-0.486031353,0.634852409,0.0777973756,-2.42265654,2.36823106,1.6229564,-1.78184628,1.11412573,9.99999902e-05,0.0299999975,1.33299983,1.33299983,1.33299983
5.06666667,-0.487047046,0.633462012,0.0686902255,-2.41748428,2.33798027,1.62949359,-1.76873875,1.0796659,-1.34458503e-07,0.0274431445,1.33299983,1.33293295,1.33296895,-0.0147107532,-0.0406636596,-0.143584326,0.0772384033,-0.473633051,0.116615258,0.154531717,-2.37485028e-06,-0.000107368447,-8.411007e-09,3.07418741e-05,3.63720465e-05,8.90632509e-06,-0.487610638,0.631915689,0.0676248744,-2.41592526,2.33750892,1.6296854,-1.7703563,1.10902953,0.000100000005,0.0300000012,1.33299983,1.33299983,1.33299983
5.13333333,-0.488180071,0.630658507,0.0588260144,-2.41146588,2.30629468,1.63691723,-1.7580936,1.07960236,-1.00166153e-06,0.0274505094,1.33298969,1.33290148,1.33293927,-0.0188218243,-0.0424256846,-0.154030532,0.10624332,-0.477986962,0.105295785,0.16899991,-0.000605594076,0.00215134979,7.30156898e-06,-0.00341730518,-0.00355677912,-0.00319470232,-0.489331305,0.628715992,0.0570537262,-2.40794039,2.30634141,1.63616753,-1.75903618,1.103477,9.99999975e-05,0.0299999993,1.33299983,1.33299983,1.33299983
5.2,-0.489478528,0.627958536,0.0479976758,-2.40293574,2.27431893,1.64327955,-1.74575174,1.07952416,-1.26656573e-07,0.0280717369,1.33296525,1.33287227,1.33291125,-0.0191589668,-0.0381597392,-0.172170237,0.151161641,-0.482625484,0.0862201229,0.204292223,-3.62768769e-05,-3.10502728e-05,2.63869879e-07,-3.97270196e-05,-1.24815269e-05,-9.75794392e-05,-0.49091053,0.625779271,0.0457890853,-2.39805508,2.27471185,1.64198935,-1.7462765,1.09838068,9.99999975e-05,0.0299999993,1.33299983,1.33299983,1.33299983
5.26666667,-0.490620524,0.6257146,0.035773728,-2.39105153,2.24194932,1.64823413,-1.73039544,1.07949603,-1.44576887e-07,0.0280925278,1.33293521,1.33285308,1.33288312,-0.0144270454,-0.0286860764,-0.194827676,0.205667511,-0.484300762,0.0628266484,0.259343922,0.00063665153,-0.00328744249,0.0499903969,0.00328557822,0.00327578792,0.00319840899,-0.492065519,0.623631537,0.0335361175,-2.38562393,2.24260402,1.64673793,-1.73046756,1.09465361,0.000100000005,0.0299999993,1.33299983,1.33299983,1.33299983
5.33333333,-0.491252393,0.624352992,0.0219030939,-2.37525654,2.2091651,1.65149879,-1.71059477,1.07947421,-1.52302948e-09,0.0292685777,1.33291626,1.33284926,1.33287656,-0.00379153667,-0.0113637252,-0.221352354,0.268081844,-0.496109605,0.0358785279,0.337592244,-5.59719092e-06,-7.65507684e-06,6.67350832e-08,-2.66604184e-05,-7.46677688e-06,-3.02597109e-05,-0.492513329,0.622798741,0.0199999996,-2.36999989,2.21000004,1.64999998,-1.70999992,1.09320843,9.99999975e-05,0.0299999993,1.33299983,1.33299983,1.33299983
5.4,-0.491371125,0.624313533,0.00665767817,-2.35498047,2.17532444,1.65404725,-1.68539011,1.07945991,3.85815667e-07,0.029299017,1.33290243,1.3328532,1.33287704,0.00128434435,0.00774304057,-0.237020686,0.338982433,-0.523180485,0.05130741,0.413016319,-1.05018335e-05,5.47764939e-05,1.19325705e-07,-1.21823396e-05,3.02324188e-05,-3.42882704e-05,-0.492513359,0.622798741,0.00446537742,-2.34995437,2.17597246,1.65379548,-1.68491304,1.09320843,0.000100000005,0.0299999993,1.33299983,1.33299983,1.33299983
5.46666667,-0.490973413,0.625138283,-0.00980834011,-2.33028865,2.13941145,1.65867627,-1.65631688,1.07944584,1.35392995e-07,0.0293225758,1.33290243,1.3328793,1.33287704,0.0102949934,0.0132955164,-0.257905155,0.39705959,-0.553129256,0.0895415619,0.4526456,-5.93381628e-07,-4.61917807e-06,-2.02038791e-07,-2.39394867e-05,-1.67800754e-05,-1.67937105e-05,-0.492513329,0.622798741,-0.0131715517,-2.32545638,2.1400013,1.659729,-1.65692353,1.09320843,9.99999975e-05,0.0299999993,1.33299983,1.33299983,1.33299983
5.53333333,-0.490195006,0.625909507,-0.0276702493,-2.3023572,2.1018343,1.66544247,-1.62555146,1.07944584,-3.1115853e-08,0.0293355249,1.33290243,1.33290982,1.33287704,0.0118076932,0.00729823671,-0.278542221,0.437030375,-0.572247148,0.11199452,0.467160285,2.05473543e-06,-9.64122478e-07,-1.61191565e-07,-1.47539004e-05,-1.3152021e-05,-5.34315768e-06,-0.492513359,0.622798741,-0.0322882943,-2.2976563,2.10268211,1.6667639,-1.6269387,1.09320843,9.99999975e-05,0.0299999993,1.33299983,1.33299983,1.33299983
5.6,-0.489611745,0.626151443,-0.0468460396,-2.272156,2.06345606,1.67282534,-1.59423876,1.07944584,-9.61452074e-08,0.0293375663,1.33290243,1.33291435,1.33287704,0.00507849408,-0.00163539918,-0.297327548,0.465876818,-0.577216148,0.108601347,0.470484763,3.96375572e-06,-3.95774587e-05,1.24218786e-07,-7.21398101e-06,4.00069111e-05,4.18262789e-06,-0.492513329,0.622798741,-0.0522623584,-2.26770449,2.06461191,1.67386365,-1.59586549,1.09320843,0.000100000005,0.0300000012,1.33299983,1.33299983,1.33299983
5.66666667,-0.489636898,0.625832558,-0.0671631396,-2.24035549,2.02514219,1.67927909,-1.5630312,1.07944584,5.3202367e-08,0.0293315575,1.33290243,1.33291483,1.33287704,-0.00549545651,-0.00964471884,-0.312478244,0.484139502,-0.57049185,0.0857738256,0.463388324,5.62442574e-06,5.69952572e-05,6.68806024e-08,-2.58223736e-06,4.96173961e-05,1.04296632e-05,-0.492513299,0.622798681,-0.0724712461,-2.2367506,2.02638578,1.67999125,-1.5646106,1.09320831,9.99999902e-05,0.0299999975,1.33299983,1.33299983,1.33299983
5.73333333,-0.49038589,0.625009775,-0.0882712603,-2.20784068,1.98757529,1.6837405,-1.53274345,1.07944584,-2.93138269e-09,0.0293216575,1.33291364,1.33291483,1.33289063,-0.0160346236,-0.0170708615,-0.32053116,0.485880077,-0.556193113,0.049321197,0.442880571,6.15377758e-06,2.08140518e-05,4.43251338e-08,-1.0743388e-06,2.62918547e-05,1.27231469e-05,-0.492513359,0.6227988,-0.0922924727,-2.20594525,1.98860061,1.68411088,-1.53408158,1.09320843,0.000100000005,0.0300000012,1.33299983,1.33299983,1.33299983
5.8,-0.491762906,0.623706579,-0.109554112,-2.17591071,1.95112252,1.68535078,-1.50430524,1.07943881,1.01121476e-08,0.0293106232,1.33293736,1.3329227,1.33290863,-0.0241214689,-0.0239942744,-0.316779256,0.465811759,-0.533305705,0.000905217545,0.407887846,0.000134192407,-0.000248581811,0.00487338752,0.000341076899,0.000189890416,0.000149842643,-0.492513299,0.622798681,-0.11110352,-2.17643857,1.95185173,1.68518519,-1.50518513,1.09320843,9.99999975e-05,0.0299999975,1.33299983,1.33299983,1.33299983
5.86666667,-0.493596464,0.621997535,-0.130122527,-2.14608145,1.91665232,1.68332016,-1.47862351,1.07943881,4.71126569e-08,0.0293043274,1.33295739,1.33292484,1.33291221,-0.0297650844,-0.0286413301,-0.299207062,0.423404664,-0.501041532,-0.0617746301,0.36136508,3.14771319e-06,9.74882005e-06,-2.29192665e-08,2.27732744e-05,1.69224713e-05,2.21071568e-05,-0.492513359,0.622798741,-0.128281951,-2.14938116,1.91673589,1.6821779,-1.47882831,1.09320843,0.000100000005,0.0300000012,1.33299983,1.33299983,1.33299983
5.93333333,-0.495705158,0.620088995,-0.149042189,-2.11979914,1.88441074,1.67653143,-1.45641041,1.07943881,3.76414789e-07,0.0292998198,1.33297694,1.33293736,1.33291495,-0.0321851112,-0.0295584407,-0.266968369,0.3599388,-0.466805637,-0.14204663,0.303693861,4.79550772e-06,-8.46271432e-05,2.51457095e-08,-5.03798947e-06,-2.03561212e-05,5.88608964e-06,-0.492513329,0.622798741,-0.143205196,-2.12592268,1.88384831,1.67405236,-1.45591831,1.09320843,9.99999975e-05,0.0299999993,1.33299983,1.33299983,1.33299983
6,-0.497855365,0.618223608,-0.165280432,-2.09846401,1.85487378,1.66386437,-1.43851829,1.07943881,5.57124565e-07,0.0292985067,1.33297729,1.33293736,1.33291495,-0.0314039811,-0.026978422,-0.218579784,0.275865257,-0.419407338,-0.238634363,0.232263148,4.45783917e-06,-0.000201350776,-4.25398241e-08,1.74031447e-05,2.43078284e-05,1.12882408e-05,-0.492513329,0.622798741,-0.155250832,-2.10721374,1.85378575,1.65977216,-1.43736207,1.09320843,9.99999975e-05,0.0299999975,1.33299983,1.33299983,1.33299983
6.06666667,-0.499680072,0.616716206,-0.178145975,-2.08330464,1.82856882,1.64358222,-1.42583144,1.07943177,6.62138291e-07,0.029298082,1.33297706,1.33293712,1.33291471,-0.0179223269,-0.0137254754,-0.176494852,0.179403931,-0.379246682,-0.394616336,0.145729065,3.31844376e-06,4.39441646e-05,-0.000186388279,2.49754412e-05,2.141406e-05,2.66987063e-05,-0.492484927,0.623129547,-0.164145961,-2.09410048,1.82679784,1.63695538,-1.42431915,1.09321487,9.98440446e-05,0.0298358295,1.33299983,1.33299983,1.33299983
6.13333333,-0.500548601,0.617279291,-0.188706845,-2.07388139,1.80363941,1.60859823,-1.41974819,1.07939613,1.19858464e-06,0.0292945225,1.3329767,1.33293664,1.33291423,-0.0109505607,0.033658918,-0.135892719,0.107265159,-0.368915051,-0.653666139,0.0397258885,-1.15460591e-06,0.000151512824,-1.25408405e-07,1.14422728e-05,2.177243e-05,9.37841833e-07,-0.492283165,0.625478089,-0.171541557,-2.08527946,1.80124676,1.59852254,-1.41827166,1.09326029,9.87368039e-05,0.0286702402,1.33299983,1.33299983,1.33299983
6.2,-0.501034677,0.621291101,-0.195972711,-2.06867433,1.77974737,1.55752444,-1.42013264,1.07925427,1.39703218e-06,0.0290453974,1.33295274,1.33291686,1.33288705,-0.00142397848,0.0834782273,-0.0818592682,0.0488305651,-0.350842386,-0.862643123,-0.0412764847,-0.000599526567,0.00291316654,-0.0504486524,-0.0034390185,-0.00359121663,-0.00321124005,-0.491945058,0.62941438,-0.177613333,-2.07997918,1.77697861,1.54727161,-1.41797233,1.09333646,9.68810127e-05,0.0267166477,1.33299983,1.33299983,1.33299983
6.26666667,-0.500507474,0.627893984,-0.199468732,-2.06744909,1.75729895,1.49587727,-1.42467427,1.07925451,1.19414858e-06,0.0272134654,1.33292258,1.33288836,1.3328582,0.0184686072,0.109604083,-0.0244226847,-0.0125224125,-0.328142941,-0.972816467,-0.0865558162,-1.93797678e-06,0.00025381142,-0.0507064387,2.86061259e-05,4.34024478e-05,-1.60740456e-07,-0.491538674,0.634144485,-0.182206824,-2.07766461,1.75416827,1.48757088,-1.42181671,1.09342802,9.46509244e-05,0.0243690461,1.33299983,1.33299983,1.33299983
6.33333333,-0.498597741,0.63540864,-0.199156538,-2.07015061,1.736009,1.42968905,-1.4311949,1.07925451,7.29957719e-07,0.0250837188,1.33288312,1.33285761,1.33282304,0.0384511203,0.111782059,0.031345237,-0.0671367198,-0.311847001,-1.00361383,-0.102285087,-2.40372356e-06,0.000452182489,-0.0505528264,2.89835152e-05,4.36258706e-05,-4.62750904e-08,-0.491132408,0.638874769,-0.185167715,-2.0777986,1.73299074,1.42378855,-1.4282012,1.09351957,9.24208434e-05,0.022021452,1.33299983,1.33299983,1.33299983
6.4,-0.495616823,0.642439306,-0.19527559,-2.07591701,1.71584451,1.36361992,-1.43796098,1.07925427,-2.81044265e-07,0.0232702289,1.33284986,1.3328284,1.33278966,0.0501242839,0.0957357436,0.0810399801,-0.10316027,-0.295026153,-0.971997738,-0.0956294611,-0.000529054611,0.00263619516,-0.0487954505,-0.00329013262,-0.00342579372,-0.00308934087,-0.490794241,0.642811,-0.186341494,-2.07984567,1.71362054,1.36029279,-1.43552089,1.09359562,9.05650304e-05,0.020067852,1.33299983,1.33299983,1.33299983
6.46666667,-0.492211103,0.647815466,-0.188396975,-2.08341503,1.69712746,1.30176604,-1.44358909,1.07925475,9.05509296e-07,0.0213204492,1.33282876,1.33280218,1.33276105,0.0512507111,0.0619032271,0.120755501,-0.12028899,-0.26368019,-0.875998676,-0.0680188388,0.000598965504,-0.00243062456,-6.50435686e-06,0.00333889038,0.00350803719,0.00308789406,-0.49059251,0.645159602,-0.185573846,-2.08326888,1.69623268,1.3014518,-1.44217181,1.09364116,8.94578043e-05,0.0189022645,1.33299983,1.33299983,1.33299983
6.53333333,-0.489073306,0.650345087,-0.179319754,-2.09143329,1.68042827,1.24848497,-1.44678962,1.07925475,-7.62203811e-08,0.0213154647,1.3328259,1.33279622,1.33275092,0.0425425619,0.0106773684,0.147053108,-0.119417503,-0.233742923,-0.71385771,-0.0236331876,1.88395097e-06,9.91797242e-06,3.85625754e-09,2.90905064e-06,1.77553557e-06,7.61705451e-07,-0.4905954,0.645126522,-0.18271026,-2.08753252,1.68100202,1.25163376,-1.4465493,1.09364045,8.94733894e-05,0.01891868,1.33299983,1.33299983,1.33299983
6.6,-0.486773551,0.648932695,-0.168900937,-2.09887362,1.66564882,1.20823741,-1.44638312,1.07925475,-8.28616351e-07,0.0213050786,1.33282971,1.33279872,1.33275366,0.0273008626,-0.0556049123,0.162256688,-0.102358878,-0.209360182,-0.485640824,0.040130157,3.96684936e-06,-0.000241293907,3.01224645e-08,-1.63377554e-05,-3.0895535e-05,-2.47612479e-06,-0.490870982,0.641917944,-0.177596375,-2.09209967,1.66810286,1.21520698,-1.44704938,1.09357846,9.09860973e-05,0.0205111057,1.33299983,1.33299983,1.33299983
6.66666667,-0.485724896,0.64260143,-0.15748024,-2.10514855,1.65429199,1.18607402,-1.44074535,1.07907569,-1.94593554e-07,0.021408692,1.33286047,1.33282363,1.33278477,0.00474341121,-0.134703964,0.176586002,-0.0841298997,-0.138080284,-0.174200505,0.130363435,0.000605390233,-0.00185211864,0.0498132892,0.00316992076,0.003273485,0.00297650322,-0.491487592,0.634739995,-0.170077756,-2.09643412,1.65771079,1.19653964,-1.44206774,1.09343946,9.4370218e-05,0.0240735449,1.33299983,1.33299983,1.33299983
6.73333333,-0.486216724,0.630895674,-0.145372465,-2.1096499,1.64607501,1.18642676,-1.42871046,1.07907712,7.13888903e-06,0.0245920978,1.33299088,1.33299804,1.33299935,-0.0159291718,-0.216557428,0.183401853,-0.0459405743,-0.132097945,0.189684168,0.233492658,-1.04410196e-06,-0.019398544,0.0620413758,-0.00340064615,-0.000506089942,0.000674087321,-0.492513329,0.622798741,-0.159999996,-2.0999999,1.64999998,1.19999993,-1.42999995,1.09320843,9.99999975e-05,0.0299999993,1.33299983,1.33299983,1.33299983
6.8,-0.488010347,0.613389611,-0.132516965,-2.11247754,1.64079928,1.211694,-1.40924108,1.07907712,-5.33670573e-07,0.0301054064,1.33300042,1.3330003,1.33300042,-0.0390350372,-0.307558537,0.200213119,-0.0417522341,-0.0444261953,0.543915153,0.336733878,3.45335138e-08,1.00313327e-05,0.0961050391,-1.95445791e-05,-2.56864223e-05,-1.19974911e-05,-0.494012028,0.605352104,-0.146355063,-2.1035912,1.64487183,1.22484565,-1.41068995,1.09287083,0.000108225351,0.038658794,1.33299983,1.33299983,1.33299983
6.86666667,-0.49159658,0.590102077,-0.118511468,-2.11539078,1.63886535,1.25638354,-1.38447106,1.07907712,-3.61043391e-07,0.0378100015,1.33300018,1.33300006,1.3330003,-0.0664107874,-0.389208198,0.219279051,-0.0479916967,-0.0151284365,0.778589785,0.40346387,2.0464222e-07,1.20944769e-05,0.130461797,-1.62381693e-05,-2.08327547e-05,-1.05683475e-05,-0.495948434,0.582809627,-0.128724664,-2.10823131,1.64192986,1.26567376,-1.38573968,1.09243464,0.000118853204,0.0498466939,1.33299983,1.33299983,1.33299983
6.93333333,-0.49671191,0.56189096,-0.102891266,-2.1188488,1.63862276,1.31413186,-1.3555131,1.07907712,2.18937899e-08,0.0477945991,1.33299947,1.3330009,1.33300078,-0.0826672018,-0.45453608,0.248594895,-0.057195127,0.00919401087,0.943759739,0.462793887,4.26015249e-05,5.43148199e-05,0.161945716,0.00520570716,-0.00593839865,-0.00581828365,-0.498242408,0.556104779,-0.107838959,-2.11372805,1.64090264,1.31986165,-1.35618234,1.09191787,0.000131443405,0.0631003454,1.33299983,1.33299983,1.33299983
7,-0.502321064,0.530024529,-0.0849523917,-2.1228261,1.6398977,1.38159335,-1.32295823,1.07896435,-6.57366357e-08,0.0597895198,1.33300018,1.33300018,1.33300042,-0.0812025368,-0.499167293,0.288512677,-0.0643525124,0.0325492099,1.07347107,0.511387289,4.91480932e-07,1.8368497e-05,0.190046042,1.34290985e-07,1.84264763e-07,1.34625679e-07,-0.500813663,0.526171267,-0.0844280794,-2.11988926,1.64151812,1.38478637,-1.32305169,1.09133863,0.000145555794,0.0779564083,1.33299983,1.33299983,1.33299983
7.06666667,-0.507353306,0.495887011,-0.0640924275,-2.12724233,1.64263773,1.45667815,-1.28766537,1.07896435,5.63644456e-08,0.0734522939,1.33300018,1.33300006,1.3330003,-0.0666949525,-0.523488641,0.334968776,-0.0711281002,0.0519778989,1.17108476,0.543640375,4.2006468e-07,7.22718032e-05,0.21180363,-1.49171228e-07,-4.65123776e-07,-3.38905011e-08,-0.50358212,0.493942678,-0.0592222288,-2.12652302,1.64350522,1.4578253,-1.28738046,1.09071493,0.000160750234,0.0939515233,1.33299983,1.33299983,1.33299983
7.13333333,-0.511184931,0.460724324,-0.0401544534,-2.13213325,1.64635348,1.53692985,-1.25069582,1.07896435,2.79622981e-07,0.0883849189,1.33300006,1.33299994,1.33300018,-0.0466384888,-0.531050742,0.379725754,-0.0794165954,0.0625212863,1.22793257,0.561356604,6.23703954e-07,6.56973571e-05,0.227840722,-4.01026227e-07,-6.63090077e-07,9.85983206e-09,-0.506467581,0.46035257,-0.0329515673,-2.13343716,1.64659214,1.53635573,-1.25020266,1.090065,0.00017658656,0.110622361,1.33299983,1.33299983,1.33299983
7.2,-0.513656318,0.425524473,-0.0135549819,-2.13762641,1.65057147,1.61950982,-1.21301818,1.07896435,3.44356948e-07,0.104191475,1.33299994,1.33299994,1.33300006,-0.0270869005,-0.525295138,0.413904905,-0.0890583694,0.0676933751,1.24166417,0.564168096,6.80603762e-07,9.15149431e-05,0.237925813,-4.7278445e-07,-1.06953439e-06,-2.37500899e-08,-0.509389758,0.42633459,-0.00634622946,-2.14043927,1.65050709,1.61775494,-1.21255112,1.08940673,0.000192624604,0.127505556,1.33299983,1.33299983,1.33299983
7.26666667,-0.51493907,0.391114801,0.0147239678,-2.1437006,1.65502954,1.70162737,-1.1756773,1.07896435,2.6177446e-07,0.1204575,1.33299983,1.33299983,1.33299994,-0.0118941963,-0.507595778,0.429691464,-0.0962393656,0.0697372258,1.21545041,0.550640047,-2.259967e-07,6.86852509e-05,0.241794795,4.30907676e-06,7.86273449e-06,1.06418156e-07,-0.512268484,0.392822266,0.0198635943,-2.14733744,1.65497863,1.69940019,-1.17545938,1.08875823,0.000208424259,0.144137785,1.33299983,1.33299983,1.33299983
7.33333333,-0.515402436,0.358272225,0.0432697721,-2.15006471,1.65954196,1.78076291,-1.13981557,1.07895017,1.59147135e-07,0.136751696,1.33299983,1.33299911,1.33299983,-0.00316799036,-0.478267819,0.422106594,-0.0972147807,0.0691042319,1.15327251,0.519696712,-1.72088858e-06,2.39266119e-05,0.239201725,1.1468408e-05,2.22787639e-05,-1.26747182e-08,-0.515023589,0.360749245,0.0449477471,-2.15393901,1.65973532,1.77866888,-1.13996053,1.08813763,0.000223545343,0.160055682,1.33299983,1.33299983,1.33299983
7.4,-0.515503645,0.327765644,0.0704534873,-2.15624952,1.66393328,1.85459352,-1.10660601,1.07894313,1.49500679e-07,0.152622923,1.33299875,1.33299804,1.33299232,-0.00142220617,-0.437273562,0.389583409,-0.0904426724,0.0657989457,1.05687153,0.471411496,-1.94946688e-06,7.12163819e-06,0.229735255,1.49304833e-05,2.93562043e-05,1.99914211e-07,-0.517574787,0.331049144,0.0681760684,-2.1600523,1.66450524,1.85293794,-1.10708809,1.0875628,0.000237547676,0.174795896,1.33299983,1.33299983,1.33299983
7.46666667,-0.515680075,0.30038172,0.0946519598,-2.16175246,1.66804969,1.92084396,-1.07718909,1.07894313,3.91196352e-07,0.167597458,1.33298826,1.33299458,1.33297408,-0.0054547945,-0.384069711,0.333725363,-0.0762977377,0.0609524809,0.926456034,0.406536937,-4.73360378e-05,-0.000368196168,0.213130265,0.000419275195,0.000436317758,0.0038382546,-0.519842088,0.304655552,0.0888184011,-2.16548514,1.66901696,1.91958475,-1.07787538,1.08705211,0.000249991164,0.187895104,1.33299983,1.33299983,1.33299983
7.53333333,-0.51623559,0.27697584,0.114432074,-2.16613054,1.67160964,1.97709692,-1.05258358,1.07893598,5.83206827e-07,0.181159198,1.3329891,1.33299577,1.33296633,-0.0124912821,-0.317317396,0.258757055,-0.0563514903,0.0508083962,0.758364081,0.327081621,-1.11010945e-06,-2.38687426e-05,0.188811898,-5.70108823e-05,-4.15167815e-05,-5.24305506e-08,-0.521745086,0.282502025,0.106144577,-2.17004514,1.67299902,1.97598684,-1.05335569,1.08662355,0.000260435656,0.198889956,1.33299983,1.33299983,1.33299983
7.6,-0.517252445,0.25849241,0.128711522,-2.16905355,1.67462504,2.02099586,-1.03382182,1.07893598,2.07337706e-07,0.192807168,1.33298349,1.33299506,1.33296633,-0.0192526691,-0.235704914,0.169989705,-0.0320374519,0.0407291763,0.554202795,0.233194932,-1.29828277e-06,3.90737114e-06,0.156637922,-0.000117779418,-8.75388068e-05,8.80245352e-08,-0.523203671,0.265522182,0.119424425,-2.17354035,1.67617941,2.019521,-1.03456223,1.08629489,0.000268440926,0.207317069,1.33299983,1.33299983,1.33299983
7.66666667,-0.518614411,0.245958745,0.136734515,-2.17028761,1.67686927,2.0499773,-1.0218035,1.07893598,4.1732909e-07,0.202007756,1.33295476,1.33296812,1.33296168,-0.0227320977,-0.138447106,0.0724033341,-0.0054198429,0.0269286949,0.31123808,0.125226289,1.02732029e-05,-0.000426383805,0.11682906,-0.000414496113,-0.000371722155,0.00752416952,-0.524137616,0.254649669,0.12792778,-2.17577839,1.67828691,2.04756522,-1.02252829,1.08608449,0.000273566839,0.212713122,1.33299983,1.33299983,1.33299983
7.73333333,-0.520020068,0.240434289,0.138057798,-2.16973352,1.67790973,2.06130123,-1.01752317,1.07852697,2.98240102e-05,0.208234847,1.33293366,1.33296132,1.33295143,-0.0205345098,-0.0252718329,-0.0297255199,0.0218050964,0.00481450278,0.0253715478,0.00477598514,-1.55009329e-05,0.000249176897,0.0703222081,5.22578775e-05,6.931604e-05,-1.01834303e-07,-0.524466753,0.250818014,0.130924493,-2.17656684,1.67904973,2.05749583,-1.01828742,1.08601034,0.000275373313,0.214614779,1.33299983,1.33299983,1.33299983
7.8,-0.517771244,0.241950288,0.127833188,-2.17210245,1.65655887,2.05241942,-1.02771604,1.07473111,0.0198706519,0.184045792,1.32364345,1.32399011,1.32449532,0.0586149246,0.0551308095,-0.199985653,-0.0608095266,-0.255714089,-0.151779503,-0.238999248,-0.0435197428,0.167721257,-0.26730746,-2.14801985e-05,-5.24658826e-05,-4.7206413e-08,-0.524466753,0.250818014,0.130924493,-2.17656684,1.67904973,2.05749583,-1.01828742,1.11129463,0.0741709396,0.155479729,1.33299983,1.33299983,1.33299983
7.86666667,-0.511536479,0.247845352,0.109508552,-2.17833495,1.64017963,2.03794384,-1.05812335,1.07208765,0.0250272192,0.126063928,1.32335413,1.32372952,1.32427013,0.110127427,0.116034001,-0.305731386,-0.106820375,-0.196726531,-0.235272259,-0.510334253,-5.69538315e-06,-0.000138524745,-0.673371732,4.51507512e-05,9.41638136e-05,1.89174898e-08,-0.524466753,0.250818014,0.130924493,-2.17656684,1.67904973,2.05749583,-1.01828742,1.10217881,0.0814126953,0.0557444245,1.33299983,1.33299983,1.33299983
7.93333333,-0.503547966,0.257870913,0.0881325081,-2.18621492,1.62845862,2.02075338,-1.09792888,1.04184723,0.0350205265,0.0681837499,1.32328737,1.32366908,1.32420504,0.12093918,0.179374814,-0.315934032,-0.120707527,-0.123953335,-0.25790289,-0.596557856,-0.457607776,0.15826878,-0.691580713,3.35174846e-05,7.02078396e-05,-4.55183908e-08,-0.524466753,0.250818014,0.130924493,-2.17656684,1.67904973,2.05749583,-1.01828742,1.00089455,0.0623783246,0,1.33299983,1.33299983,1.33299983
8,-0.496986389,0.27183187,0.0712400004,-2.19452333,1.62495399,2.00488615,-1.14327073,1.04966056,0.0323297232,0.0326300114,1.32326281,1.3236587,1.32418549,0.0766199604,0.236314416,-0.193488151,-0.110674642,-0.0140549969,-0.188593596,-0.721524119,0.229143456,-0.0907419547,-0.365351737,1.27792446e-05,2.81683315e-05,-7.97444955e-09,-0.524466753,0.250818014,0.130924493,-2.17656684,1.67904973,2.05749583,-1.01828742,1.08332896,0.0391226709,0,1.33299983,1.33299983,1.33299983
8.06666667,-0.493093342,0.289882779,0.0617220998,-2.20069671,1.62616491,1.99255681,-1.19745111,1.02630281,0.0363920853,0.0154050402,1.32326245,1.32365859,1.32418549,0.0439053103,0.30011037,-0.102015451,-0.0718346983,0.0506356321,-0.154009372,-0.791001678,-0.338531077,2.95613427e-06,-0.169077903,-7.94898369e-07,-5.55626684e-07,-4.67880454e-08,-0.524466753,0.250818014,0.130924493,-2.17656684,1.67904973,2.05749583,-1.01828742,0.985579014,0.0706373602,0,1.33299983,1.33299983,1.33299983
8.13333333,-0.49170801,0.311384767,0.0589553155,-2.20414233,1.62592709,1.98572123,-1.24278605,1.039554,0.0355061255,0.00698234746,1.32322371,1.32360864,1.32414293,0.0041490118,0.338298708,0.00431620888,-0.02171918,0.0165984854,-0.0548419468,-0.682504654,0.224039301,-0.138256684,-0.072993882,2.18242349e-07,1.44623482e-06,1.79716153e-09,-0.524466753,0.250818014,0.130924493,-2.17656684,1.67904973,2.05749583,-1.01828742,1.06709516,0.0375231206,0,1.33299983,1.33299983,1.33299983
8.2,-0.49080801,0.335180908,0.0579974987,-2.20317531,1.6292634,1.98023641,-1.28967762,1.06697214,0.0269902442,1.42169802e-06,1.32681191,1.32711124,1.32744563,0.020123139,0.364285201,-0.0282979924,0.0559513904,0.0456885509,-0.103490517,-0.669599891,0.34273088,-0.132829845,9.72564667e-05,0.123042859,0.119750239,0.11155352,-0.524466753,0.250818014,0.130924493,-2.17656684,1.67904973,2.05749583,-1.01828742,1.13480353,0.0693377256,0,1.33299983,1.33299983,1.33299983
8.26666667,-0.489090145,0.359848231,0.0551814698,-2.19626856,1.62515807,1.97503829,-1.32645726,1.07666123,0.0229739882,2.01143052e-06,1.3330003,1.33300006,1.33292675,0.0315088928,0.365949333,-0.0565645546,0.147284314,-0.0962363631,-0.0949060991,-0.459905326,-6.76233321e-06,0.000507026096,4.57846181e-06,7.28257874e-07,1.18873868e-06,0.0725903437,-0.524466753,0.250818014,0.130924493,-2.17656684,1.67904973,2.05749583,-1.01828742,1.23464501,0.0621960908,0,1.33299983,1.33299983,1.33299983
8.33333333,-0.486015767,0.383764952,0.0487306267,-2.18387675,1.61388075,1.96979189,-1.35150731,1.07299054,0.0243325327,4.15476052e-06,1.33299994,1.33299983,1.33299994,0.0553886406,0.345245749,-0.123458609,0.219131991,-0.188792408,-0.110756956,-0.30863744,3.17840204e-06,7.19982199e-06,4.81610914e-06,-2.42121769e-06,-4.84062548e-06,5.72171643e-09,-0.524466753,0.250818014,0.130924493,-2.17656684,1.67904973,2.05749583,-1.01828742,1.10852337,0.0635435581,0,1.33299983,1.33299983,1.33299983
8.4,-0.483131975,0.405258447,0.0420875363,-2.1686542,1.59301317,1.9657644,-1.36454976,1.0510186,0.0322847515,4.55094323e-06,1.33261418,1.3326093,1.33262265,0.0347334035,0.299076349,-0.0817844942,0.237596363,-0.309999049,-0.061997965,-0.135401443,-0.340434641,0.119800135,0.00407144986,0.000405252678,0.000385363353,0.000397665543,-0.524466753,0.250818014,0.130924493,-2.17656684,1.67904973,2.05749583,-1.01828742,1.02114022,0.0805680007,0,1.33299983,1.33299983,1.33299983
8.46666667,-0.482627243,0.423190057,0.0410386883,-2.15321088,1.57015979,1.96532083,-1.36846662,1.05077326,0.0322980769,6.87402508e-06,1.33261752,1.33261192,1.3326236,-0.0105386488,0.24161984,0.0292501133,0.233275846,-0.333563119,0.0100241471,-0.0515063927,-4.19501066e-06,-0.00129385293,-0.00120118656,0.000438783551,0.000840754248,8.45241011e-05,-0.524466753,0.250818014,0.130924493,-2.17656684,1.67904973,2.05749583,-1.01828742,1.07491767,0.0639176518,0,1.33299983,1.33299983,1.33299983
8.53333333,-0.485178232,0.437807649,0.0478374884,-2.13761854,1.5474788,1.97152972,-1.3689127,1.05083084,0.0322995,0.0226179566,1.3326385,1.33263087,1.33264279,-0.0535227247,0.19979848,0.142912954,0.242277265,-0.341543227,0.110805973,0.0211588442,-2.91894548e-06,0.00134265563,0.295097411,-1.45019003e-05,-2.94482452e-05,4.839967e-08,-0.524466753,0.250818014,0.130924493,-2.17656684,1.67904973,2.05749583,-1.01828742,1.06649578,0.0718020126,0.0521044731,1.33299983,1.33299983,1.33299983
8.6,-0.491289079,0.447808415,0.0644377992,-2.12696791,1.54966831,1.99484432,-1.3721298,1.05067635,0.0325984247,0.0144240158,1.33300006,1.33299434,1.33299732,-0.10282281,0.105925269,0.277826935,0.0942055732,0.0622941181,0.374858618,-0.0597913116,2.81226676e-06,-3.6645215e-05,-0.126436502,-9.44914063e-07,-5.37381857e-06,-3.3134711e-08,-0.524466753,0.250818014,0.130924493,-2.17656684,1.67904973,2.05749583,-1.01828742,1.064044,0.0877152309,0,1.33299983,1.33299983,1.33299983
8.66666667,-0.497629315,0.451473057,0.0813869312,-2.12742829,1.55599868,2.01961422,-1.38437414,1.03293025,0.0366665497,0.0089277802,1.33300018,1.33300018,1.33299994,-0.0860385522,0.0131484456,0.226813793,-0.0777694806,0.128177658,0.340065688,-0.2102364,-0.166967317,-5.64199872e-05,-0.0585569218,7.83517316e-06,1.61466214e-05,4.71209205e-09,-0.524466753,0.250818014,0.130924493,-2.17656684,1.67904973,2.05749583,-1.01828742,1.00315356,0.0956771821,0,1.33299983,1.33299983,1.33299983
8.73333333,-0.502163291,0.449780166,0.0931344703,-2.13911891,1.57410133,2.03735781,-1.41743636,0.991159439,0.0373080708,0.00744011486,1.33299994,1.33300018,1.33299971,-0.0526708402,-0.0545832552,0.132215723,-0.239316091,0.321714729,0.212806389,-0.540926397,-0.556035757,-0.00306987669,-5.80400229e-06,0.00311766844,0.0030744567,0.00307710283,-0.524466753,0.250818014,0.130924493,-2.17656684,1.67904973,2.05749583,-1.01828742,0.920436502,0.111084923,0,1.33299983,1.33299983,1.33299983
8.8,-0.504922092,0.444623947,0.0998326167,-2.15902209,1.59834599,2.05032802,-1.45631146,0.987781525,0.0374381393,0.00689077796,1.33299804,1.3329978,1.33299851,-0.0329875685,-0.0971808583,0.0765253678,-0.332905501,0.415213645,0.165026292,-0.646668136,0.000627868576,-0.00230549276,-5.8375299e-06,-0.00258755614,-0.00235059159,-0.00315325474,-0.524466753,0.250818014,0.130924493,-2.17656684,1.67904973,2.05749583,-1.01828742,0.99950856,0.11434941,0,1.33299983,1.33299983,1.33299983
8.86666667,-0.505734265,0.43765372,0.101338185,-2.18227625,1.62740695,2.06077623,-1.50266004,0.968975246,0.0382060111,0.00585475238,1.33299935,1.33299959,1.33299983,0.00290636718,-0.112043612,-0.0168845356,-0.355153322,0.44846648,0.120473541,-0.67317152,-0.236691445,-0.000718389638,-0.0499742925,0.000213732943,0.000462471042,7.59027898e-08,-0.524466753,0.250818014,0.130924493,-2.17656684,1.67904973,2.05749583,-1.01828742,0.917474985,0.131759077,0,1.33299983,1.33299983,1.33299983
8.93333333,-0.504962206,0.429968894,0.0988161042,-2.20577455,1.65874219,2.06719732,-1.5465132,0.979923368,0.0380118154,0.0045542228,1.33299935,1.33299947,1.33299935,0.0154415378,-0.120308891,-0.0474274494,-0.347028941,0.479261249,0.0700146034,-0.679675043,0.143810093,-0.000503081596,-0.0547071695,0.000162589364,0.000342587708,7.98609108e-08,-0.524466753,0.250818014,0.130924493,-2.17656684,1.67904973,2.05749583,-1.01828742,1.02633142,0.132750303,0,1.33299983,1.33299983,1.33299983
9,-0.504805148,0.422766596,0.0982979164,-2.22727489,1.69327092,2.07367682,-1.59310663,0.973175287,0.0383197889,0.00302933063,1.33299971,1.33299947,1.33300018,-0.00478728814,-0.112877697,0.0129857901,-0.291616261,0.590971708,0.0476010628,-0.660262823,-0.0516257621,-0.00115594151,-0.0555376932,0.000371647038,0.000770567334,-5.2757423e-07,-0.524466753,0.250818014,0.130924493,-2.17656684,1.67904973,2.05749583,-1.01828742,0.939268529,0.1467098,0,1.33299983,1.33299983,1.33299983
9.06666667,-0.507204056,0.415384591,0.104553416,-2.24519992,1.73048973,2.0813942,-1.63349438,1.00473154,0.0376320295,4.27609575e-06,1.33299983,1.33299983,1.33299994,-0.0572888702,-0.115582943,0.147544235,-0.257542253,0.577069104,0.13812764,-0.622509897,0.493822366,0.00109173544,0.000130717672,-5.81698441e-05,-3.12011107e-05,-8.08005643e-05,-0.524466753,0.250818014,0.130924493,-2.17656684,1.67904973,2.05749583,-1.01828742,1.08290446,0.135109633,0,1.33299983,1.33299983,1.33299983
9.13333333,-0.511233091,0.40719533,0.114686705,-2.26176906,1.76716876,2.09233499,-1.67670286,1.00598323,0.0377824828,3.22961114e-06,1.33299971,1.33299983,1.33299983,-0.0615453981,-0.129051507,0.151837587,-0.247012317,0.542817831,0.175809711,-0.620484889,-2.54137922e-06,0.00094746938,0.000173337641,-1.82112999e-05,-1.4686535e-05,-2.11635343e-05,-0.524466753,0.250818014,0.130924493,-2.17656684,1.67904973,2.05749583,-1.01828742,0.985234141,0.14862676,0,1.33299983,1.33299983,1.33299983
9.2,-0.515254021,0.399165541,0.125061914,-2.27501774,1.80877054,2.10421252,-1.7169112,1.02679205,0.037832424,0.059635371,1.33267462,1.33268249,1.33269858,-0.0608587861,-0.120936595,0.15579997,-0.175468907,0.562742472,0.165847778,-0.589957714,0.231106833,-7.06559513e-05,0.871583521,2.38488501e-05,4.86847275e-05,-5.52536221e-08,-0.524466753,0.250818014,0.130924493,-2.17656684,1.67904973,2.05749583,-1.01828742,1.09207869,0.156983465,0.147521481,1.33299983,1.33299983,1.33299983
9.26666667,-0.518279731,0.3917346,0.133108139,-2.28499556,1.84462094,2.1159339,-1.75456321,1.04329991,0.0365378857,0.119722418,1.33239841,1.33240676,1.33242357,-0.0351437032,-0.106025584,0.0967192426,-0.138920113,0.518702269,0.153062329,-0.595481455,-5.10376776e-06,-6.15533208e-05,0.720475137,1.81967189e-05,3.88493208e-05,-1.12442649e-07,-0.524466753,0.250818014,0.130924493,-2.17656684,1.67904973,2.05749583,-1.01828742,1.10715079,0.166399255,0.195247978,1.33299983,1.33299983,1.33299983
9.33333333,-0.52030021,0.386714756,0.139837578,-2.29051709,1.88162744,2.12664485,-1.79112542,1.05217838,0.0334966779,0.184719592,1.33109331,1.33106971,1.33114207,-0.0312185474,-0.0552480929,0.106975645,-0.0695073009,0.439906538,0.180868104,-0.533261001,2.66574716e-06,1.98207272e-05,0.992342174,-0.13722074,-0.131622404,-0.133170992,-0.524466753,0.250818014,0.130924493,-2.17656684,1.67904973,2.05749583,-1.01828742,1.14733064,0.174049571,0.302995354,1.33299983,1.33299983,1.33299983
9.4,-0.522607267,0.385202169,0.14888382,-2.2934351,1.92315042,2.13679314,-1.83209479,1.04209483,0.0372068286,0.25074482,1.33085954,1.33096361,1.33091569,-0.0233848225,-0.032266181,0.0927933306,-0.104467109,0.456255138,0.128395215,-0.536657929,5.21322363e-06,0.138846979,0.982352495,-0.110898003,-0.110970758,-0.112620346,-0.524466753,0.250818014,0.130924493,-2.17656684,1.67904973,2.05749583,-1.01828742,1.03758037,0.180265456,0.411404133,1.33299983,1.33299983,1.33299983
9.46666667,-0.524417222,0.38160646,0.155321166,-2.29918337,1.95710826,2.14187574,-1.86825895,1.03268063,0.0362566113,0.312847584,1.32784951,1.32793498,1.32788181,-0.0290658437,-0.101231091,0.0774064437,-0.129212379,0.492379844,0.0696390569,-0.50156641,-0.155859828,-0.00317627471,0.931537211,-0.00428636372,0.0069680484,0.00758261327,-0.524466753,0.250818014,0.130924493,-2.17656684,1.67904973,2.05749583,-1.01828742,1.02366841,0.185315877,0.499486268,1.33299983,1.33299983,1.33299983
9.53333333,-0.526370525,0.375295907,0.16063793,-2.30751681,1.9890424,2.14739203,-1.90509939,1.00530744,0.0375811383,0.378376812,1.32735443,1.32735622,1.32743561,-0.0254851878,-0.108796455,0.0604345277,-0.14111115,0.431360602,0.0445120335,-0.509118319,-0.332061112,0.000356417149,0.985618114,-0.000112505513,-0.000236154418,1.87079422e-07,-0.524466753,0.250818014,0.130924493,-2.17656684,1.67904973,2.05749583,-1.01828742,0.937104821,0.189419344,0.571052969,1.33299983,1.33299983,1.33299983
9.6,-0.528234124,0.369608521,0.16595073,-2.31626534,2.02354932,2.15254402,-1.94616997,0.960739613,0.0374160111,0.437988877,1.32942235,1.32885826,1.32915235,-0.0317036025,-0.0820212662,0.0916036889,-0.138995916,0.608303547,0.0102786999,-0.644448459,-0.634014785,-0.103246331,0.82719177,0.114726238,0.0981426388,0.0969363451,-0.524466753,0.250818014,0.130924493,-2.17656684,1.67904973,2.05749583,-1.01828742,0.866771936,0.192753404,0.629200995,1.33299983,1.33299983,1.33299983
9.66666667,-0.529596925,0.366346866,0.171313509,-2.32204366,2.05843163,2.15803051,-1.98869038,0.903607726,0.0315711163,0.485469759,1.33116686,1.33036876,1.330639,-0.00210542162,-0.0335783474,0.0426625349,-0.0778591037,0.474222064,0.0786909908,-0.606557727,-0.625803173,-0.134541959,0.647486031,-0.007392589,-0.00126354024,-1.11982226e-05,-0.524466753,0.250818014,0.130924493,-2.17656684,1.67904973,2.05749583,-1.01828742,0.80962646,0.178939059,0.676446199,1.33299983,1.33299983,1.33299983
9.73333333,-0.530102015,0.362881333,0.173807874,-2.32970285,2.08268476,2.16056204,-2.02597618,0.859132707,0.0342529379,0.503441811,1.32962739,1.32906318,1.32925653,-0.015688926,-0.0761203021,0.0407211632,-0.162623525,0.397794336,-0.04394757,-0.579701006,-0.473754436,-0.0113047846,0.0603841506,-0.000100905076,-0.00019428879,-3.75183299e-06,-0.524466753,0.250818014,0.130924493,-2.17656684,1.67904973,2.05749583,-1.01828742,0.787749171,0.184238166,0.638290644,1.33299983,1.33299983,1.33299983
9.8,-0.531432271,0.354624093,0.174909592,-2.345083,2.10317421,2.15953469,-2.06045365,0.840217292,0.045243416,0.471690565,1.32782626,1.32759285,1.32766342,-0.0467378385,-0.14829722,0.0648537949,-0.273430467,0.400174081,-0.0620244071,-0.568004906,-0.0991029069,1.34063885e-06,-0.270792544,0.055357378,0.0681686103,0.0694335997,-0.524466753,0.250818014,0.130924493,-2.17656684,1.67904973,2.05749583,-1.01828742,0.794271588,0.188543692,0.470833361,1.33299983,1.33299983,1.33299983
9.86666667,-0.534927726,0.345947027,0.180799618,-2.36330223,2.13682175,2.15637159,-2.10039496,0.824906468,0.0414814316,0.45151934,1.33283436,1.33300161,1.33300197,-0.0504476167,-0.118124381,0.0894146785,-0.276068866,0.556790531,-0.0717164427,-0.605802119,-0.198125109,-0.106290758,-0.189950556,0.0692770109,-4.18480486e-05,-9.53398285e-06,-0.524466753,0.250818014,0.130924493,-2.17656684,1.67904973,2.05749583,-1.01828742,0.754923582,0.192041934,0.50438112,1.33299983,1.33299983,1.33299983
9.93333333,-0.538124144,0.339264452,0.187229827,-2.37908888,2.17726588,2.15143538,-2.14322257,0.809705675,0.0379956216,0.459613353,1.33177853,1.33177435,1.33178937,-0.0466965847,-0.0907783732,0.0986778736,-0.214281902,0.601789832,-0.0837895051,-0.616650939,-0.173579589,-0.138631299,0.300061822,-0.000205633231,-0.00044090813,1.02585182e-06,-0.524466753,0.250818014,0.130924493,-2.17656684,1.67904973,2.05749583,-1.01828742,0.749023676,0.194053993,0.575030029,1.33299983,1.33299983,1.33299983
10,-0.539791942,0.334072977,0.190670729,-2.39265966,2.2107892,2.1442318,-2.17231441,0.80939424,0.0380730741,0.466476828,1.33134675,1.33133674,1.33135128,-0.0262324382,-0.0653041378,0.0592279807,-0.198423088,0.490483284,-0.124597281,-0.410825431,9.28782974e-05,7.31861219e-05,0.105696723,-0.000184453558,-0.000265965005,-0.000126048457,-0.524466753,0.250818014,0.130924493,-2.17656684,1.67904973,2.05749583,-1.01828742,0.80362463,0.173533902,0.526613653,1.33299983,1.33299983,1.33299983
10.0666667,-0.540387571,0.33108899,0.19282338,-2.40507102,2.24509501,2.1339457,-2.20272803,0.79918313,0.0357987024,0.480703205,1.33104897,1.33103204,1.33105838,-0.00742929615,-0.0320590846,0.0344488323,-0.180408224,0.506435335,-0.17304419,-0.43587935,-0.11005795,-0.0848680586,0.268834203,-0.000151972985,-0.000325986883,8.65361653e-06,-0.524466753,0.250818014,0.130924493,-2.17656684,1.67904973,2.05749583,-1.01828742,0.758319318,0.174616158,0.568538666,1.33299983,1.33299983,1.33299983
10.1333333,-0.540638268,0.329133391,0.194702134,-2.41603494,2.27862597,2.12261939,-2.23552179,0.782828689,0.0324693248,0.503345549,1.33041894,1.33039939,1.33289278,-0.00633250084,-0.0345887095,0.0292846002,-0.16529119,0.486005276,-0.205307275,-0.470004052,-0.166822657,-0.0919578522,0.392809808,0.00438071042,0.00414693076,0.00455678254,-0.524466753,0.250818014,0.130924493,-2.17656684,1.67904973,2.05749583,-1.01828742,0.726370752,0.180725813,0.613354087,1.33299983,1.33299983,1.33299983
10.2,-0.540399253,0.328204274,0.195952445,-2.42579055,2.31068969,2.10974026,-2.26652884,0.768583059,0.0276028514,0.534165204,1.32992649,1.32990551,1.33239806,0.00200500176,-0.0169919431,0.016971048,-0.138150826,0.405691952,-0.21129106,-0.405204684,-0.134461388,-0.207077935,0.226230606,-0.000243643299,-0.00052717654,-3.61446291e-06,-0.524466753,0.250818014,0.130924493,-2.17656684,1.67904973,2.05749583,-1.01828742,0.695550501,0.177166641,0.663570642,1.33299983,1.33299983,1.33299983
10.2666667,-0.538924396,0.327876627,0.19421868,-2.43776679,2.33717537,2.09241891,-2.28788686,0.764717579,0.027021246,0.535758078,1.33018613,1.33014691,1.33265328,0.0225349274,0.00236340007,-0.0237391815,-0.193239093,0.438405991,-0.301533222,-0.300323814,-0.000488014106,-0.0722411796,5.00679016e-06,-0.00305119064,-0.00350524671,-0.00256031659,-0.524466753,0.250818014,0.130924493,-2.17656684,1.67904973,2.05749583,-1.01828742,0.703399599,0.179170489,0.632834256,1.33299983,1.33299983,1.33299983
10.3333333,-0.537668109,0.328318,0.193365604,-2.44975042,2.3677516,2.07281661,-2.31181979,0.761197925,0.0181834754,0.551876903,1.331617,1.33150685,1.33278358,0.00480601657,0.0107341781,0.0195819382,-0.16251567,0.448200226,-0.273737818,-0.326198637,1.40714692e-05,-0.153244168,0.214199185,-0.000119738281,-0.000288952142,3.01906839e-05,-0.524466753,0.250818014,0.130924493,-2.17656684,1.67904973,2.05749583,-1.01828742,0.687940598,0.157931194,0.679398239,1.33299983,1.33299983,1.33299983
10.4,-0.535754025,0.330442369,0.191829219,-2.46102571,2.39805937,2.05080938,-2.33465767,0.755561888,0.00643252023,0.570879161,1.33175099,1.33163834,1.33291364,0.0279183798,0.0497323051,-0.0125562493,-0.162082136,0.470345557,-0.363779545,-0.369769007,-0.18720898,-0.213454708,0.264938772,-7.0983544e-05,-0.000187031925,2.04206444e-05,-0.524466753,0.250818014,0.130924493,-2.17656684,1.67904973,2.05749583,-1.01828742,0.666849554,0.115195945,0.676934958,1.33299983,1.33299983,1.33299983
10.4666667,-0.532532036,0.33347252,0.187410191,-2.47401285,2.42453051,2.02405643,-2.35150814,0.755850554,0.0056566298,0.574693143,1.33191049,1.33179569,1.33300221,0.0504996777,0.0562684834,-0.0674413666,-0.205490083,0.413502812,-0.423978329,-0.255732238,0.0595750064,0.00378392823,0.0565982684,6.40854705e-05,-8.8728033e-05,9.41007238e-06,-0.524466753,0.250818014,0.130924493,-2.17656684,1.67904973,2.05749583,-1.01828742,0.681478977,0.132446885,0.658666253,1.33299983,1.33299983,1.33299983
10.5333333,-0.529052079,0.338660747,0.183335215,-2.48683953,2.45359254,1.99348533,-2.37097001,0.751779139,-2.76657847e-05,0.586552262,1.33210158,1.33205211,1.33283138,0.0518628731,0.0758274794,-0.0653359964,-0.188406497,0.37611267,-0.452221215,-0.220770419,-0.0319340788,0.000177738257,-4.19467688e-06,0.00196365616,0.00168968434,0.00212190347,-0.524466753,0.250818014,0.130924493,-2.17656684,1.67904973,2.05749583,-1.01828742,0.659075916,0.135773197,0.700386763,1.33299983,1.33299983,1.33299983
10.6,-0.525473118,0.344394952,0.178849295,-2.5001421,2.47983694,1.96130967,-2.38819551,0.748888373,-1.25790257e-05,0.58741796,1.33209169,1.33203971,1.33284616,0.0437313169,0.0909933224,-0.0455946326,-0.199624881,0.40132919,-0.495167345,-0.234859794,4.06820327e-05,0.00380217051,0.0885440633,0.000183972996,-0.00678284001,0.00663496461,-0.524466753,0.250818014,0.130924493,-2.17656684,1.67904973,2.05749583,-1.01828742,0.640873492,0.106175728,0.653235257,1.33299983,1.33299983,1.33299983
10.6666667,-0.522349238,0.350985318,0.175408319,-2.51352239,2.50631547,1.92777109,-2.40549421,0.748860359,-1.385618e-05,0.589373708,1.33187079,1.3318224,1.33266521,0.0307253487,0.104998812,-0.0157281328,-0.192308664,0.402885109,-0.515046656,-0.265879989,-0.0652664453,0.00213806075,0.0737322047,-0.000141717959,-0.000340979313,2.81624962e-05,-0.524466753,0.250818014,0.130924493,-2.17656684,1.67904973,2.05749583,-1.01828742,0.62608397,0.104818247,0.669572711,1.33299983,1.33299983,1.33299983
10.7333333,-0.519837797,0.358458996,0.173414886,-2.5260787,2.53234982,1.89453936,-2.42179346,0.744709194,-2.78462285e-05,0.592358291,1.33183026,1.33181024,1.33265448,0.0227922685,0.125733227,0.00812745374,-0.164778411,0.389866173,-0.449752659,-0.21239993,-4.57352726e-05,0.00256639533,0.00388539303,-0.00343995634,-0.00169406738,-0.000824987888,-0.524466753,0.250818014,0.130924493,-2.17656684,1.67904973,2.05749583,-1.01828742,0.614067495,0.0894402191,0.709248245,1.33299983,1.33299983,1.33299983
10.8,-0.518026054,0.366018116,0.172698572,-2.53783631,2.55716848,1.86306739,-2.4346292,0.744064152,-3.34656361e-05,0.594665885,1.33175814,1.33181548,1.33267045,0.0131261135,0.119380333,0.0223180801,-0.156628534,0.376984537,-0.414250433,-0.162056834,0.0283712205,0.002368866,0.0559008755,-0.000150929671,-0.000426938292,5.99198975e-05,-0.524466753,0.250818014,0.130924493,-2.17656684,1.67904973,2.05749583,-1.01828742,0.604304135,0.0683389753,0.741484523,1.33299983,1.33299983,1.33299983
10.8666667,-0.516949713,0.373941094,0.173544019,-2.54885674,2.58160448,1.83282948,-2.44688606,0.74189955,-3.00105767e-05,0.596869111,1.332111,1.33215153,1.33300388,0.0103033129,0.114980221,0.0215994213,-0.170464784,0.365613222,-0.476159751,-0.112157956,0.101322226,0.0012281083,0.176186576,0.000168410596,0.00390843209,4.21479526e-05,-0.524466753,0.250818014,0.130924493,-2.17656684,1.67904973,2.05749583,-1.01828742,0.596371353,0.0592772923,0.752620101,1.33299983,1.33299983,1.33299983
10.9333333,-0.516320765,0.382395029,0.175425798,-2.55956101,2.60559201,1.80227721,-2.45994735,0.741575837,-2.25861295e-05,0.596974373,1.33208489,1.33209705,1.33289611,-0.00272529456,0.130821735,0.0566630661,-0.143707573,0.364241034,-0.419845104,-0.154442787,-1.7893035e-05,0.00207027234,-0.00451443251,-0.00350989215,7.85459997e-05,-0.00145402504,-0.524466753,0.250818014,0.130924493,-2.17656684,1.67904973,2.05749583,-1.01828742,0.589926004,0.039563328,0.698384404,1.33299983,1.33299983,1.33299983
11,-0.515906453,0.391172707,0.177787855,-2.5699687,2.62906075,1.77107239,-2.4710443,0.742040396,-3.13741475e-05,0.59945035,1.33244538,1.33244705,1.33300388,0.00781547837,0.112571932,0.0203434546,-0.174709007,0.337213755,-0.519431472,-0.0767803341,0.102399074,0.00211851648,0.110254012,0.000120447017,-0.000169358682,3.86288521e-05,-0.524466753,0.250818014,0.130924493,-2.17656684,1.67904973,2.05749583,-1.01828742,0.58468914,0.0495919436,0.732657671,1.33299983,1.33299983,1.33299983
11.0666667,-0.515976489,0.400414169,0.181377366,-2.57950568,2.65201974,1.74118865,-2.48233056,0.741946816,-3.14537501e-05,0.600423276,1.33234239,1.33232367,1.33284879,-0.0136145018,0.157304212,0.0916353092,-0.11904829,0.364450336,-0.418449551,-0.207009882,1.52748689e-05,-0.0502765067,0.090495117,-0.000163013116,-0.00257804338,0.00227218727,-0.524466753,0.250818014,0.130924493,-2.17656684,1.67904973,2.05749583,-1.01828742,0.580434263,0.0730063543,0.732658744,1.33299983,1.33299983,1.33299983
11.1333333,-0.515851676,0.410744041,0.185011402,-2.58873796,2.67431402,1.70917177,-2.49479556,0.741644144,-2.26156571e-05,0.599444211,1.33213115,1.3321172,1.33265996,-0.0121566961,0.165542647,0.0915009379,-0.115019649,0.344475031,-0.450204879,-0.163426533,-0.0301739722,0.00289082015,2.92062759e-06,-0.00320037547,-0.00964603014,0.00182987144,-0.524466753,0.250818014,0.130924493,-2.17656684,1.67904973,2.05749583,-1.01828742,0.576977074,0.0394479334,0.688979864,1.33299983,1.33299983,1.33299983
11.2,-0.515642464,0.4222022,0.189008594,-2.59728575,2.69639254,1.67604887,-2.50637627,0.741258025,-2.83295158e-05,0.602375984,1.33221948,1.33216798,1.33284867,-0.000410033623,0.169227064,0.06627471,-0.126062527,0.333656669,-0.49098146,-0.102722794,1.05267391e-05,0.00281583285,0.107614025,-0.00570540596,-0.000619883649,-0.00665280409,-0.524466753,0.250818014,0.130924493,-2.17656684,1.67904973,2.05749583,-1.01828742,0.574168146,0.0455212817,0.725016534,1.33299983,1.33299983,1.33299983
11.2666667,-0.515577912,0.433997661,0.193492353,-2.60528207,2.71792459,1.64332283,-2.51595426,0.741876781,-2.5734822e-05,0.603248298,1.33247352,1.33248138,1.33300328,0.013152848,0.160195813,0.0297870487,-0.152049795,0.312417656,-0.553957283,-0.0659945458,0.132850289,0.00226124795,0.103465497,5.06914221e-05,-0.000225039665,3.1180447e-05,-0.524466753,0.250818014,0.130924493,-2.17656684,1.67904973,2.05749583,-1.01828742,0.571885884,0.0562985055,0.721621692,1.33299983,1.33299983,1.33299983
11.3333333,-0.515539289,0.440857291,0.193485588,-2.60619569,2.72239089,1.63386393,-2.50556564,0.751915038,-8.64867252e-06,0.585335791,1.32301068,1.32285178,1.32309496,0.00103005767,0.0533814579,-0.0316066593,0.0654680431,-0.103371382,0.000485554338,0.282227129,-0.0421945043,0.000302387227,-0.504153788,-0.0953389257,-0.0988746509,-0.105004676,-0.515084803,0.438034236,0.192835853,-2.6027019,2.71521974,1.64219141,-2.50407457,0.749388218,0,0.588640094,1.33299983,1.33299983,1.33299983
11.4,-0.514673591,0.445716649,0.187675029,-2.59968615,2.71031928,1.63756406,-2.47791886,0.758701026,-7.90533522e-06,0.560340941,1.3210659,1.32075799,1.32063901,0.0135882869,0.108792245,-0.117318675,0.119056851,-0.237363547,0.0336463489,0.530226946,0.097778827,0.000270324235,-0.432556421,-5.65696973e-05,-0.000128966349,1.00553734e-07,-0.513724983,0.449165344,0.190937728,-2.59551692,2.70752645,1.63910806,-2.47116089,0.770101666,0,0.548776984,1.33299983,1.33299983,1.33299983
11.4666667,-0.514558494,0.457559258,0.180514485,-2.59010792,2.69430566,1.63571298,-2.43160343,0.773248613,-9.26718167e-06,0.525831223,1.32108343,1.32077646,1.32064879,-0.0129080079,0.254766643,-0.0744019449,0.188053742,-0.235580772,-0.0562494546,0.834939003,0.251111835,0.000806313881,-0.680676103,1.87636469e-05,1.98552734e-05,-1.06985681e-07,-0.511677802,0.46592322,0.187904969,-2.5845592,2.69547653,1.63453937,-2.42130303,0.801285625,0,0.489601433,1.33299983,1.33299983,1.33299983
11.5333333,-0.514511168,0.478523672,0.174020991,-2.57662392,2.67864633,1.62837768,-2.36596394,0.794393957,-4.04302727e-06,0.479798734,1.32085979,1.32053769,1.32040298,0.0216521863,0.377240419,-0.0852338672,0.240163133,-0.213668495,-0.167360455,1.1003871,0.427350551,-0.000828350137,-0.723882139,8.4497733e-06,0.000698425225,-6.18747436e-08,-0.509122491,0.48683995,0.183844626,-2.57066154,2.67970181,1.62895155,-2.35858965,0.84020865,1.51042168e-05,0.417055547,1.33299983,1.33299983,1.33299983
11.6,-0.512356162,0.506262243,0.168694392,-2.55781651,2.66291714,1.62017214,-2.28944635,0.827977359,2.91848901e-05,0.425168574,1.32081544,1.32049835,1.32033849,0.0399994589,0.45032233,-0.0446975417,0.333201766,-0.254007608,-0.0646154135,1.162678,0.577485442,-9.56832446e-05,-0.876043499,5.94903249e-05,9.90561093e-05,-6.2410254e-07,-0.50623852,0.510447741,0.178863689,-2.55465603,2.6608336,1.62281084,-2.28710961,0.884139299,3.26454538e-05,0.33708179,1.33299983,1.33299983,1.33299983
11.6666667,-0.507704735,0.536018968,0.164978892,-2.53509426,2.64412403,1.61560094,-2.21121192,0.868427753,2.24410887e-05,0.361506671,1.32179439,1.32146692,1.3212713,0.0752383545,0.421119779,-0.0528128147,0.303973109,-0.372744262,-0.0864853039,1.17414522,0.632826984,0.00465381425,-0.968825877,0.00139154331,0.00297894329,-3.16620572e-06,-0.503205061,0.535278738,0.173069194,-2.53737545,2.63950443,1.61658406,-2.21095252,0.930346251,5.05125354e-05,0.255622506,1.33299983,1.33299983,1.33299983
11.7333333,-0.502793908,0.561878085,0.161748752,-2.51545262,2.619838,1.60970747,-2.13324285,0.911620855,4.39064788e-05,0.296430141,1.3230927,1.32276034,1.32252204,0.0754306838,0.351151764,-0.0434285924,0.25128147,-0.407898039,-0.0869499445,1.14835453,0.654301405,0.000209031772,-0.997143447,5.06334472e-05,8.97406717e-05,-4.6857167e-08,-0.500201523,0.559864998,0.166568115,-2.51965213,2.61634517,1.61073709,-2.13420677,0.976097822,6.74020848e-05,0.178619921,1.33299983,1.33299983,1.33299983
11.8,-0.497552156,0.583839357,0.159117416,-2.50011635,2.59255815,1.60449421,-2.05895734,0.955177546,8.34136008e-05,0.22998254,1.32304883,1.32271135,1.32246137,0.0794760808,0.314311326,-0.0373917408,0.21618773,-0.406207621,-0.0664215386,1.07187438,0.640296817,0.000332482479,-0.996258497,3.81411519e-05,7.32126646e-05,-2.27300916e-07,-0.497407198,0.582738936,0.159467533,-2.50231862,2.59198809,1.60573685,-2.0609622,1.01866281,8.20107307e-05,0.11201641,1.33299983,1.33299983,1.33299983
11.8666667,-0.493041694,0.603306353,0.154426157,-2.48570681,2.57086849,1.59749615,-1.99088979,0.995855212,3.81390637e-05,0.164405927,1.32904577,1.33249462,1.32862067,-0.00229490199,0.246483847,-0.116687037,0.2247096,-0.269898146,-0.148272842,0.970673084,0.570744216,0.000494855223,-0.991997361,0.190354958,0.406549126,0.202593997,-0.495001346,0.602432489,0.151874438,-2.48620749,2.56706476,1.60204935,-1.99530697,1.05530965,9.30350943e-05,0.0617542788,1.33299983,1.33299983,1.33299983
11.9333333,-0.494863093,0.61758846,0.145551771,-2.47082877,2.54513049,1.59269893,-1.93287313,1.03121364,7.58525566e-05,0.103872389,1.33300018,1.33300042,1.3330003,-0.00906611979,0.19556129,-0.149224684,0.222716913,-0.398376435,-0.00716955308,0.741590321,0.481936216,-4.68264916e-05,-0.781441569,5.05123353e-07,1.12883663e-06,1.01080332e-07,-0.493163347,0.617477834,0.14389582,-2.47215104,2.542207,1.60014105,-1.94133067,1.08330691,9.91718116e-05,0.0337758474,1.33299983,1.33299983,1.33299983
12,-0.494188607,0.628722608,0.135196134,-2.45777273,2.51960206,1.59464049,-1.89278138,1.060148,8.01029091e-05,0.0645976514,1.33300042,1.33300054,1.33300054,0.0173390284,0.128963351,-0.156498671,0.162210464,-0.383251995,0.055720374,0.48432225,0.387314379,-9.79580363e-05,-0.409497052,7.96812003e-07,1.57239924e-06,1.08823883e-08,-0.492015213,0.626876056,0.135583326,-2.46083426,2.51766801,1.60041952,-1.90174031,1.10079575,9.99999975e-05,0.0299999975,1.33299983,1.33299983,1.33299983
12.0666667,-0.492984802,0.634826005,0.124974646,-2.44899011,2.49320102,1.59954965,-1.86580217,1.0791899,2.63367159e-08,0.0455286391,1.33300042,1.3330003,1.33300054,0.0255180746,0.0595185161,-0.155289337,0.109431714,-0.381469965,0.0794393942,0.329940259,0.0446459949,-0.00727192918,-0.165012866,-0.00180115958,-0.00376794417,4.25782673e-06,-0.491302937,0.632706642,0.126677081,-2.45168233,2.49165416,1.60268271,-1.87035799,1.1116457,9.99999975e-05,0.0299999993,1.33299983,1.33299983,1.33299983
12.1333333,-0.492052883,0.637252748,0.115010872,-2.44218278,2.46642995,1.60526657,-1.84336424,1.07939935,2.85173797e-07,0.0372607522,1.33300018,1.33299983,1.33300018,0.000897377031,0.0171569102,-0.14308238,0.0987523794,-0.419321835,0.0829972476,0.34155944,-8.36109393e-07,6.34855533e-05,-0.0887205824,-9.27591486e-07,-2.07492076e-06,1.50575943e-08,-0.490919441,0.635846198,0.117140733,-2.44404411,2.46401644,1.60653532,-1.84483957,1.11748791,0.000100000005,0.0300000012,1.33299983,1.33299983,1.33299983
12.2,-0.492025048,0.63766849,0.105447806,-2.43603873,2.43754697,1.61069667,-1.82201719,1.07939768,-8.92377045e-07,0.0300452653,1.33300161,1.33300138,1.33300138,-0.00138554699,-0.00260254182,-0.141898215,0.087858744,-0.400422215,0.0709901601,0.28905794,-1.44749356e-06,-0.000898923958,-0.330465972,-2.30826845e-06,-4.19231219e-06,-5.87839168e-07,-0.490804851,0.636783957,0.106989585,-2.43735743,2.43496847,1.61160564,-1.82400322,1.11923301,9.99999975e-05,0.0299999975,1.33299983,1.33299983,1.33299983
12.2666667,-0.492025733,0.63693887,0.0954896808,-2.43054509,2.40754747,1.61598372,-1.8041544,1.07942641,1.16414967e-07,0.0268491972,1.33300006,1.33298385,1.33299983,0.0059074848,-0.0192431621,-0.156791732,0.0791435093,-0.493371874,0.0961195603,0.242553845,-1.71558841e-05,0.000161432763,0.000927633548,-0.00010875595,-8.09772173e-05,-0.000128884334,-0.490899503,0.636009336,0.0962389112,-2.43106103,2.40472245,1.6175226,-1.80666792,1.11779141,0.000100000005,0.0300000012,1.33299983,1.33299983,1.33299983
12.3333333,-0.491356283,0.635225415,0.0849829167,-2.42527962,2.37483692,1.6230377,-1.7895391,1.07942665,-1.15624466e-07,0.027049372,1.33299899,1.33295202,1.33297789,0.0112695796,-0.0310937744,-0.159424901,0.0856638029,-0.475227267,0.111375265,0.204156384,-0.00059989281,0.0026415952,7.33137131e-06,-0.0033807205,-0.00354637206,-0.00315854209,-0.491143525,0.634011388,0.0849039629,-2.42459202,2.37349105,1.62391448,-1.79165149,1.11407351,9.99999902e-05,0.0299999975,1.33299983,1.33299983,1.33299983
12.4,-0.490816981,0.632843196,0.0741735846,-2.41930819,2.34227991,1.63036251,-1.77635491,1.07934928,-1.5848579e-07,0.027025694,1.33299363,1.33292139,1.33294737,0.00600124523,-0.0397177897,-0.166759983,0.0955032185,-0.495043695,0.107014097,0.195816517,-3.42450585e-06,-0.000104416824,-6.81611709e-08,3.89443012e-05,5.28803212e-05,1.13090209e-05,-0.491477281,0.631279588,0.0730000436,-2.41738939,2.34148741,1.63041008,-1.77777267,1.10899007,0.000100000005,0.0300000012,1.33299983,1.33299983,1.33299983
12.4666667,-0.490558624,0.630090475,0.0626426637,-2.41214633,2.30909204,1.63711274,-1.76294577,1.07927871,1.64611507e-08,0.0274962876,1.33296943,1.33289039,1.33291852,0.00166266435,-0.0420132875,-0.180067882,0.121672489,-0.501286864,0.0964793935,0.209253296,-0.000611156167,0.00264255144,7.23451376e-06,-0.00340878777,-0.00354839815,-0.00199126522,-0.491840899,0.62830317,0.0605424158,-2.40889049,2.30892348,1.63663781,-1.76384962,1.10345137,9.99999975e-05,0.0299999993,1.33299983,1.33299983,1.33299983
12.5333333,-0.490589857,0.627412617,0.0501304492,-2.40276122,2.2757051,1.6430335,-1.74814057,1.0792079,-1.00821367e-07,0.0279223677,1.33294225,1.33286262,1.33288932,-0.00232994906,-0.0376800857,-0.195978582,0.161332756,-0.50308001,0.0822114944,0.237178847,-0.000606029877,0.00282906741,7.11902976e-06,-0.00872930698,-0.00382105587,-0.00321778259,-0.492174625,0.625571311,0.0475463495,-2.39853382,2.27601266,1.64222622,-1.74870098,1.09836781,9.99999975e-05,0.0299999993,1.33299983,1.33299983,1.33299983
12.6,-0.490835905,0.625242352,0.0365485623,-2.39040208,2.24226761,1.64785743,-1.73098588,1.07918644,-4.95570269e-08,0.0283798221,1.33291698,1.33285713,1.3328675,-0.00463125436,-0.0269037411,-0.211621031,0.210058704,-0.502128959,0.0635854453,0.279708177,-6.39167047e-06,-2.42743081e-05,-4.04834282e-08,-1.51681888e-05,3.81732025e-06,-2.59190856e-05,-0.492418706,0.623573422,0.0340271182,-2.38575768,2.24296737,1.64680421,-1.73114502,1.09465003,0.000100000005,0.0299999993,1.33299983,1.33299983,1.33299983
12.6666667,-0.491136789,0.624035716,0.0220131036,-2.37455511,2.20882511,1.65126991,-1.71042883,1.07916534,-2.40553515e-08,0.0284087863,1.33290315,1.33285749,1.33286738,-0.00421421835,-0.00871161278,-0.223813429,0.265161306,-0.496155053,0.0397043489,0.3390356,-5.20653339e-06,3.37510719e-05,9.79052857e-08,-3.23698114e-05,-2.10617727e-05,-3.15576544e-05,-0.492513329,0.622798741,0.0199999996,-2.36999989,2.21000004,1.64999998,-1.70999992,1.09320843,9.99999975e-05,0.0299999993,1.33299983,1.33299983,1.33299983
12.7333333,-0.491338313,0.624181092,0.0066856402,-2.35461974,2.17510223,1.65400434,-1.68534362,1.07915831,8.08923119e-07,0.0284421034,1.33290315,1.33288372,1.3328675,0.000354886288,0.0106383646,-0.238429233,0.332791954,-0.521662235,0.0531431437,0.410791993,-3.16928345e-06,0.000188991864,1.59314368e-07,-4.13775815e-05,-3.99087439e-05,-3.01668624e-05,-0.492513359,0.622798741,0.00446537742,-2.34995437,2.17597246,1.65379548,-1.68491304,1.09320843,0.000100000005,0.0299999993,1.33299983,1.33299983,1.33299983
12.8,-0.490982205,0.625199378,-0.0098701762,-2.33032107,2.13921857,1.65875804,-1.65633488,1.07914424,4.96562905e-07,0.0284705162,1.33290303,1.33291328,1.33287656,0.00991480798,0.01613947,-0.258976638,0.391797543,-0.553422213,0.0914594382,0.452867061,-5.89811862e-07,0.000126849452,1.11176632e-08,-3.58605466e-05,-3.88316112e-05,-2.11388688e-05,-0.492513329,0.622798741,-0.0131715517,-2.32545638,2.1400013,1.659729,-1.65692353,1.09320843,9.99999975e-05,0.0299999993,1.33299983,1.33299983,1.33299983
12.8666667,-0.490215898,0.626138568,-0.0277724322,-2.30267692,2.10162687,1.66563797,-1.62551403,1.07914424,1.09534337e-08,0.0284886453,1.33290303,1.33294296,1.33290648,0.0118058491,0.00940017495,-0.278679103,0.433753997,-0.57228291,0.113299705,0.468277574,1.85816543e-06,2.41102098e-05,-1.31229172e-07,-2.41922753e-05,-3.02426342e-05,-9.05053457e-06,-0.492513359,0.622798741,-0.0322882943,-2.2976563,2.10268211,1.6667639,-1.6269387,1.09320843,9.99999975e-05,0.0299999993,1.33299983,1.33299983,1.33299983
12.9333333,-0.489624828,0.626476407,-0.0469308943,-2.27262425,2.06326199,1.67306805,-1.5941304,1.07914424,-7.72954607e-08,0.0284951031,1.33290339,1.33297241,1.33291614,0.00530203572,-0.000907537295,-0.296708375,0.464681923,-0.576517522,0.108699754,0.471107572,3.39183543e-06,-2.22786311e-05,8.429015e-08,-8.94760888e-06,-1.8580613e-05,6.86897401e-05,-0.492513329,0.622798741,-0.0522623584,-2.26770449,2.06461191,1.67386365,-1.59586549,1.09320843,0.000100000005,0.0300000012,1.33299983,1.33299983,1.33299983
13,-0.489632636,0.626156211,-0.0671961904,-2.24082804,2.02499604,1.6794852,-1.56289947,1.07914424,-9.61795976e-08,0.0284921043,1.33290339,1.33298349,1.33291614,-0.00519424304,-0.0103752939,-0.311617553,0.484978169,-0.570412695,0.0846228227,0.463503093,4.77665253e-06,2.88933625e-05,-4.33719833e-08,-4.09605855e-06,-1.65611127e-05,9.70372785e-05,-0.492513299,0.622798681,-0.0724712461,-2.2367506,2.02638578,1.67999125,-1.5646106,1.09320831,9.99999902e-05,0.0299999975,1.33299983,1.33299983,1.33299983
13.0666667,-0.490359187,0.625244021,-0.0882408395,-2.2082057,1.98746943,1.68385887,-1.53262985,1.07914424,-7.78980436e-08,0.0284834355,1.33290339,1.33298349,1.33291614,-0.015694242,-0.0189185664,-0.319558978,0.488113552,-0.554896414,0.0479683839,0.442271411,5.02650073e-06,2.13865169e-05,6.04341039e-08,8.26767064e-07,-1.37531533e-05,8.95027988e-05,-0.492513359,0.6227988,-0.0922924727,-2.20594525,1.98860061,1.68411088,-1.53408158,1.09320843,0.000100000005,0.0300000012,1.33299983,1.33299983,1.33299983
13.1333333,-0.491728485,0.623799086,-0.109468319,-2.1760993,1.95124006,1.68541253,-1.50424433,1.07914424,2.86894997e-09,0.0284716524,1.33290958,1.33298373,1.33291924,-0.0242694505,-0.0262180381,-0.316505194,0.468916088,-0.531087577,-0.000324714463,0.407474399,0.000139627431,-0.000210092927,0.00550053827,0.000203108793,0.00026573037,0.00020732297,-0.492513299,0.622798681,-0.11110352,-2.17643857,1.95185173,1.68518519,-1.50518513,1.09320843,9.99999975e-05,0.0299999975,1.33299983,1.33299983,1.33299983
13.2,-0.493580818,0.6219486,-0.130051121,-2.14605546,1.91679108,1.68328822,-1.47859192,1.07914424,1.72091035e-07,0.0284722317,1.33291078,1.33298385,1.33292055,-0.0300150495,-0.0306412876,-0.299825788,0.426512539,-0.502224803,-0.0630576834,0.360726774,6.29081796e-07,3.68585643e-05,1.12247726e-05,7.42355815e-06,-3.850957e-06,4.94804181e-06,-0.492513359,0.622798741,-0.128281951,-2.14938116,1.91673589,1.6821779,-1.47882831,1.09320843,0.000100000005,0.0300000012,1.33299983,1.33299983,1.33299983
13.2666667,-0.495707452,0.619923413,-0.149010539,-2.11960459,1.88456702,1.6764611,-1.45645165,1.07914424,6.654289e-07,0.0284722373,1.33291507,1.33297992,1.33293784,-0.0325549468,-0.0309835151,-0.267637938,0.361964434,-0.465900362,-0.142228156,0.302682877,6.0827565e-06,0.000370039197,-0.000192712308,-0.00656921882,-0.000304451736,2.11759907e-05,-0.492513329,0.622798741,-0.143205196,-2.12592268,1.88384831,1.67405236,-1.45591831,1.09320843,9.99999975e-05,0.0299999993,1.33299983,1.33299983,1.33299983
13.3333333,-0.497885853,0.617994189,-0.165303156,-2.09816909,1.85504949,1.66379249,-1.43859971,1.07914424,8.22341292e-07,0.028468268,1.33291483,1.33297753,1.3329401,-0.0318261608,-0.0274664778,-0.219509408,0.276743025,-0.419774503,-0.238576442,0.231962368,1.8406904e-06,0.000177194481,-5.94499725e-05,-2.46682612e-06,-1.52444118e-05,8.53065285e-06,-0.492513329,0.622798741,-0.155250832,-2.10721374,1.85378575,1.65977216,-1.43736207,1.09320843,9.99999975e-05,0.0299999975,1.33299983,1.33299983,1.33299983
13.4,-0.499737948,0.616485417,-0.178224593,-2.08299756,1.82872736,1.64352703,-1.42592549,1.07913005,3.58189169e-07,0.0284554828,1.33291483,1.33297718,1.3329401,-0.0183527675,-0.013301787,-0.177120656,0.178867534,-0.378537595,-0.394017518,0.145620853,-2.43391842e-05,7.97454704e-05,-0.000178561779,-1.5012658e-05,-2.12417544e-05,-4.62042954e-05,-0.492484927,0.623129547,-0.164145961,-2.09410048,1.82679784,1.63695538,-1.42431915,1.09321487,9.98440446e-05,0.0298358295,1.33299983,1.33299983,1.33299983
13.4666667,-0.500631094,0.617105484,-0.188827008,-2.07363868,1.80379438,1.60857713,-1.41984081,1.07901704,6.29291151e-07,0.0284417458,1.33291495,1.33297324,1.33293784,-0.0111559965,0.0348876044,-0.136539206,0.10599909,-0.369955897,-0.653218389,0.040806964,-8.26599717e-07,0.000164658821,-2.43831892e-07,2.22408125e-05,2.9165938e-05,6.93803304e-06,-0.492283165,0.625478089,-0.171541557,-2.08527946,1.80124676,1.59852254,-1.41827166,1.09326029,9.87368039e-05,0.0286702402,1.33299983,1.33299983,1.33299983
13.5333333,-0.501124561,0.621212125,-0.196116492,-2.06854534,1.77984071,1.55754232,-1.42014754,1.07901704,8.17142961e-07,0.0284284558,1.33290303,1.33295035,1.3329109,-0.0015105058,0.0849387571,-0.0816185251,0.046384193,-0.348328531,-0.861233413,-0.0409778059,-1.48949584e-06,0.000248593336,-1.99361239e-08,3.18101374e-05,4.83403855e-05,8.33303784e-06,-0.491945058,0.62941438,-0.177613333,-2.07997918,1.77697861,1.54727161,-1.41797233,1.09333646,9.68810127e-05,0.0267166477,1.33299983,1.33299983,1.33299983
13.6,-0.500584185,0.627923369,-0.199609518,-2.06744933,1.75729299,1.49592221,-1.42466593,1.07901716,1.90458786e-06,0.027047703,1.33287454,1.33292174,1.33288062,0.0188829564,0.111147128,-0.0240604933,-0.0144351618,-0.329197586,-0.972312033,-0.0861328766,-4.2953121e-05,0.000877436716,-0.0508560315,0.00020607328,0.00043555256,-3.63681465e-07,-0.491538674,0.634144485,-0.182206824,-2.07766461,1.75416827,1.48757088,-1.42181671,1.09342802,9.46509244e-05,0.0243690461,1.33299983,1.33299983,1.33299983
13.6666667,-0.498641819,0.635527015,-0.199251577,-2.07026482,1.73595762,1.42976213,-1.4311744,1.07890797,1.50235883e-06,0.0248735417,1.33284163,1.33289456,1.33284378,0.0390622132,0.112882107,0.0321566463,-0.0684104934,-0.312965691,-1.00354362,-0.110053435,-0.0365821905,0.000628918409,-0.0506354347,0.000181435607,0.00508817658,-4.68362123e-06,-0.491132408,0.638874769,-0.185167715,-2.0777986,1.73299074,1.42378855,-1.4282012,1.09351957,9.24208434e-05,0.022021452,1.33299983,1.33299983,1.33299983
13.7333333,-0.495611101,0.642605424,-0.195304826,-2.0760901,1.71569967,1.36368191,-1.43789613,1.07890558,1.89895434e-06,0.0230466053,1.33281207,1.33287346,1.33280909,0.0509229302,0.0959486142,0.0824093148,-0.104091518,-0.293772072,-0.971792936,-0.0952125192,-4.15851246e-05,0.000892126234,-0.0515844747,0.000201386865,0.00042658858,-2.47964635e-07,-0.490794241,0.642811,-0.186341494,-2.07984567,1.71362054,1.36029279,-1.43552089,1.09359562,9.05650304e-05,0.020067852,1.33299983,1.33299983,1.33299983
13.8,-0.492158145,0.64797473,-0.188337117,-2.08361053,1.69700682,1.30180979,-1.44351733,1.0789063,5.40096437e-07,0.0214364808,1.33279359,1.33286238,1.33278179,0.0520163849,0.061686229,0.121576719,-0.119214125,-0.26862815,-0.877638698,-0.0695616454,-0.000645103573,0.00317639927,-0.0498855785,-0.00317956996,-0.00312287477,-0.00312245172,-0.49059251,0.645159602,-0.185573846,-2.08326888,1.69623268,1.3014518,-1.44217181,1.09364116,8.94578043e-05,0.0189022645,1.33299983,1.33299983,1.33299983
13.8666667,-0.488981396,0.650456727,-0.179187432,-2.09158611,1.68032098,1.24848783,-1.44673431,1.07890642,-6.56236239e-08,0.0212520398,1.33279037,1.33286166,1.33277094,0.0429857709,0.00971020665,0.147950515,-0.118416645,-0.233401939,-0.714503169,-0.0239173882,9.96553808e-07,1.88505055e-05,-6.56327757e-08,-8.94069672e-08,1.43996294e-06,-3.00788815e-06,-0.4905954,0.645126522,-0.18271026,-2.08753252,1.68100202,1.25163376,-1.4465493,1.09364045,8.94733894e-05,0.01891868,1.33299983,1.33299983,1.33299983
13.9333333,-0.486664355,0.648969948,-0.168725744,-2.09894896,1.6655829,1.20820582,-1.44633448,1.07904637,-9.36093727e-07,0.0212589055,1.33279228,1.332865,1.3327744,0.0274273623,-0.0566598661,0.162390515,-0.100701548,-0.210628942,-0.486792266,0.038902808,2.40702411e-06,3.12556949e-06,6.51925802e-09,-2.08989368e-05,-3.35451186e-05,-6.62347884e-06,-0.490870982,0.641917944,-0.177596375,-2.09209967,1.66810286,1.21520698,-1.44704938,1.09357846,9.09860973e-05,0.0205111057,1.33299983,1.33299983,1.33299983
14,-0.485617459,0.64256537,-0.157302231,-2.10513425,1.65424621,1.1860069,-1.44074404,1.07904649,-7.52618973e-07,0.0215925276,1.33282161,1.33289516,1.3328073,0.0044619781,-0.13568151,0.176377803,-0.0826708078,-0.138075948,-0.174525276,0.129259273,4.88109436e-06,-0.000359937956,0.0501964875,-3.09169409e-05,-4.79220616e-05,9.84291546e-08,-0.491487592,0.634739995,-0.170077756,-2.09643412,1.65771079,1.19653964,-1.44206774,1.09343946,9.4370218e-05,0.0240735449,1.33299983,1.33299983,1.33299983
14.0666667,-0.486147314,0.630800426,-0.145214096,-2.10959506,1.64624512,1.18638492,-1.42871392,1.07904756,1.18253765e-05,0.0245493185,1.33302057,1.33298993,1.33299243,-0.0171870757,-0.216687247,0.182447255,-0.0441471115,-0.13696593,0.187976256,0.230586767,-4.05661594e-05,0.00101367792,0.0515275747,-0.00561673986,-0.00264877616,2.31715385e-05,-0.492513329,0.622798741,-0.159999996,-2.0999999,1.64999998,1.19999993,-1.42999995,1.09320843,9.99999975e-05,0.0299999993,1.33299983,1.33299983,1.33299983
14.1333333,-0.487991095,0.613289177,-0.132458135,-2.11235428,1.64083493,1.21162367,-1.40930665,1.07904756,-5.42833959e-07,0.0300694034,1.33300018,1.3330003,1.33300042,-0.0396707468,-0.307528764,0.198689565,-0.0411156267,-0.0456421264,0.54417932,0.336708248,2.93541234e-07,1.01423238e-05,0.0964921787,-1.97427344e-05,-2.62108624e-05,-1.19734777e-05,-0.494012028,0.605352104,-0.146355063,-2.1035912,1.64487183,1.22484565,-1.41068995,1.09287083,0.000108225351,0.038658794,1.33299983,1.33299983,1.33299983
14.2,-0.491619438,0.590011001,-0.118540294,-2.11526108,1.63887382,1.25635755,-1.38452017,1.07904756,-3.64462323e-07,0.0377805457,1.33300006,1.3330003,1.3330003,-0.0670158342,-0.388915986,0.218156382,-0.0483367406,-0.0149871828,0.77938956,0.403749794,3.38547579e-07,1.22653801e-05,0.130349979,-1.58846524e-05,-2.08417223e-05,-1.0264027e-05,-0.495948434,0.582809627,-0.128724664,-2.10823131,1.64192986,1.26567376,-1.38573968,1.09243464,0.000118853204,0.0498466939,1.33299983,1.33299983,1.33299983
14.2666667,-0.496769696,0.56183207,-0.102985092,-2.11875367,1.63861513,1.31414199,-1.35554922,1.07904756,-1.29492946e-07,0.0477455817,1.33300018,1.33299863,1.33300042,-0.0830143616,-0.453914225,0.24778685,-0.0578174405,0.00857920852,0.94408077,0.463015288,-1.87882542e-05,-0.000220231595,0.162321031,-2.20102302e-05,0.00680488814,6.60138539e-08,-0.498242408,0.556104779,-0.107838959,-2.11372805,1.64090264,1.31986165,-1.35618234,1.09191787,0.000131443405,0.0631003454,1.33299983,1.33299983,1.33299983
14.3333333,-0.502393663,0.530008137,-0.085074462,-2.1227901,1.63990092,1.38163173,-1.32295525,1.07904756,-6.97075393e-08,0.0597329438,1.33300018,1.33300006,1.33300042,-0.0813405514,-0.498515606,0.288396955,-0.0654473901,0.0335676074,1.07391942,0.511261225,4.4821536e-07,1.82681106e-05,0.189847574,1.96805104e-07,1.41296596e-07,4.64644927e-08,-0.500813663,0.526171267,-0.0844280794,-2.11988926,1.64151812,1.38478637,-1.32305169,1.09133863,0.000145555794,0.0779564083,1.33299983,1.33299983,1.33299983
14.4,-0.507428885,0.495913535,-0.0642136335,-2.12726641,1.64269161,1.45673215,-1.2876662,1.07892716,4.48399469e-08,0.0733858645,1.33300018,1.33300006,1.3330003,-0.0666401237,-0.522898018,0.335098475,-0.0718903691,0.0523497164,1.17114043,0.544062674,6.68405846e-07,2.38208158e-05,0.211714923,6.36464392e-08,7.28086889e-08,-5.18912202e-08,-0.50358212,0.493942678,-0.0592222288,-2.12652302,1.64350522,1.4578253,-1.28738046,1.09071493,0.000160750234,0.0939515233,1.33299983,1.33299983,1.33299983
14.4666667,-0.511249781,0.460781395,-0.0402604155,-2.13219881,1.64641345,1.53698242,-1.25067806,1.07892716,2.4531613e-07,0.0883189514,1.33300006,1.33299994,1.33300018,-0.0463832207,-0.530745506,0.380059898,-0.079889968,0.0624220036,1.22788811,0.56150943,6.99356178e-07,6.27366244e-05,0.227931798,-4.00308409e-07,-7.89461637e-07,-5.58884494e-08,-0.506467581,0.46035257,-0.0329515673,-2.13343716,1.64659214,1.53635573,-1.25020266,1.090065,0.00017658656,0.110622361,1.33299983,1.33299983,1.33299983
14.5333333,-0.513699889,0.425590903,-0.0136325397,-2.13771081,1.65061891,1.61955595,-1.21299589,1.07892716,3.04012076e-07,0.104136355,1.33299994,1.33299983,1.33300006,-0.0267242193,-0.525314391,0.414415449,-0.0891500041,0.0674502701,1.24158227,0.564179778,5.48473622e-07,8.74733887e-05,0.23814781,-3.54048325e-07,-8.64941512e-07,4.94324013e-08,-0.509389758,0.42633459,-0.00634622946,-2.14043927,1.65050709,1.61775494,-1.21255112,1.08940673,0.000192624604,0.127505556,1.33299983,1.33299983,1.33299983
14.6,-0.514957249,0.39117083,0.0146837076,-2.14377832,1.65505934,1.70166409,-1.17565775,1.07892716,2.3071803e-07,0.120420203,1.33299983,1.33299983,1.33299994,-0.0115234694,-0.507870376,0.430280447,-0.0959622487,0.0694618449,1.21524715,0.550544918,-4.07904508e-07,6.1766812e-05,0.242098615,5.32570266e-06,9.79636388e-06,-3.5870471e-08,-0.512268484,0.392822266,0.0198635943,-2.14733744,1.65497863,1.69940019,-1.17545938,1.08875823,0.000208424259,0.144137785,1.33299983,1.33299983,1.33299983
14.6666667,-0.515396714,0.35830465,0.0432683788,-2.1501143,1.65955293,1.78078151,-1.13980317,1.07892716,1.52913927e-07,0.136735708,1.33299983,1.33299899,1.33299983,-0.00285517075,-0.478689492,0.422665805,-0.0967022926,0.068841137,1.1529541,0.519520819,-1.42996851e-06,2.1225751e-05,0.239517808,1.18902099e-05,2.31220038e-05,-1.46159437e-07,-0.515023589,0.360749245,0.0449477471,-2.15393901,1.65973532,1.77866888,-1.13996053,1.08813763,0.000223545343,0.160055682,1.33299983,1.33299983,1.33299983
14.7333333,-0.515480161,0.327768773,0.070486024,-2.1562624,1.66392708,1.85458887,-1.10660446,1.07892716,1.51244805e-07,0.152628034,1.33299911,1.33299804,1.33299208,-0.00119415007,-0.437712193,0.390023917,-0.089871265,0.0655742809,1.05652201,0.471209019,-1.94309337e-06,7.03883052e-06,0.230032444,1.46276143e-05,2.86594586e-05,-8.21019057e-08,-0.517574787,0.331049144,0.0681760684,-2.1600523,1.66450524,1.85293794,-1.10708809,1.0875628,0.000237547676,0.174795896,1.33299983,1.33299983,1.33299983
14.8,-0.515645027,0.3003591,0.0947071314,-2.16173053,1.66801703,1.9208107,-1.07719517,1.07892716,3.58789123e-07,0.167615369,1.33298826,1.33298922,1.33297729,-0.00531418668,-0.384350032,0.333855003,-0.0757607147,0.0586705059,0.92497313,0.407142729,6.91258401e-06,0.000160833515,0.212786645,-0.000211081744,-0.000205503005,0.000509244855,-0.519842088,0.304655552,0.0888184011,-2.16548514,1.66901696,1.91958475,-1.07787538,1.08705211,0.000249991164,0.187895104,1.33299983,1.33299983,1.33299983
14.8666667,-0.51619041,0.276937872,0.114508159,-2.1660862,1.67154729,1.97703421,-1.05259907,1.07892716,5.68135135e-07,0.181194544,1.33298779,1.33298945,1.33296931,-0.0123240501,-0.317457974,0.25907129,-0.0562588722,0.0512787737,0.758468747,0.326700032,-1.25981751e-06,-2.34569343e-05,0.188999668,-5.28958408e-05,-3.84659143e-05,4.45870683e-08,-0.521745086,0.282502025,0.106144577,-2.17004514,1.67299902,1.97598684,-1.05335569,1.08662355,0.000260435656,0.198889956,1.33299983,1.33299983,1.33299983
14.9333333,-0.517201126,0.258452713,0.12879993,-2.16900468,1.67459965,2.02094913,-1.0338484,1.07892716,2.0615478e-07,0.192847222,1.33298206,1.3329891,1.33296931,-0.0192611404,-0.235627651,0.170021817,-0.0320353135,0.0411476679,0.554467797,0.233274102,-1.45461354e-06,2.65047856e-06,0.156643093,-0.00011608348,-8.58128624e-05,-4.8923539e-08,-0.523203671,0.265522182,0.119424425,-2.17354035,1.67617941,2.019521,-1.03456223,1.08629489,0.000268440926,0.207317069,1.33299983,1.33299983,1.33299983
15,-0.518570304,0.24592869,0.136814803,-2.17024469,1.67686284,2.04994464,-1.02182138,1.07892716,8.46662601e-07,0.202046558,1.33295345,1.33296227,1.33296072,-0.0229283366,-0.138256058,0.0721822456,-0.00561043015,0.0276777968,0.311819762,0.12507911,1.82152326e-06,-0.00182175776,0.116947688,-0.000253999751,-0.000222767121,-0.000272556499,-0.524137616,0.254649669,0.12792778,-2.17577839,1.67828691,2.04756522,-1.02252829,1.08608449,0.000273566839,0.212713122,1.33299983,1.33299983,1.33299983
15.0666667,-0.519994259,0.240419164,0.138109162,-2.16970563,1.67791259,2.06128383,-1.01752961,1.07852566,2.75761577e-05,0.208276272,1.33293998,1.33295345,1.3329469,-0.0208721198,-0.0250273757,-0.0302929468,0.0215114951,0.00447775563,0.0252889413,0.00501198089,-2.25584954e-05,0.000242136128,0.0734615475,6.46659173e-05,8.22192378e-05,1.12319831e-05,-0.524466753,0.250818014,0.130924493,-2.17656684,1.67904973,2.05749583,-1.01828742,1.08601034,0.000275373313,0.214614779,1.33299983,1.33299983,1.33299983
15.1333333,-0.51843226,0.241855636,0.129484981,-2.17215991,1.65462494,2.05380225,-1.02442873,1.08148456,0.00338595873,0.154187605,1.32289803,1.32315218,1.32360709,0.042024605,0.0529665276,-0.16006577,-0.0616119392,-0.289568752,-0.114621565,-0.180630952,-6.39836071e-06,-0.000134508999,-0.61391294,4.3884269e-05,9.01392195e-05,-1.55705493e-07,-0.524466753,0.250818014,0.130924493,-2.17656684,1.67904973,2.05749583,-1.01828742,1.20707667,0.0388568304,0.0897067562,1.33299983,1.33299983,1.33299983
15.2,-0.514414847,0.247355208,0.116589434,-2.17840242,1.63292348,2.04511523,-1.04559159,1.08196747,0.00368412351,0.0893541053,1.32266676,1.32294154,1.32338727,0.0681655928,0.106815681,-0.201910034,-0.106240265,-0.281588763,-0.124815993,-0.35930571,-8.18010085e-06,-0.000161638076,-0.857432425,5.30652469e-05,0.000108905137,-1.28522515e-07,-0.524466753,0.250818014,0.130924493,-2.17656684,1.67904973,2.05749583,-1.01828742,1.24242342,0.0414003208,0,1.33299983,1.33299983,1.33299983
15.2666667,-0.508846939,0.256146699,0.101214245,-2.1861043,1.6163404,2.03702974,-1.07584262,1.08202469,0.00300604966,0.0442606509,1.32262576,1.32290673,1.3233465,0.0880650058,0.154940784,-0.233533531,-0.110828131,-0.209135637,-0.103730492,-0.484899968,-7.38491326e-06,-7.13143963e-05,-0.493207186,2.31850427e-05,4.88043588e-05,2.61352398e-08,-0.524466753,0.250818014,0.130924493,-2.17656684,1.67904973,2.05749583,-1.01828742,1.24427474,0.0255741198,0,1.33299983,1.33299983,1.33299983
15.3333333,-0.503769815,0.268028378,0.0880667865,-2.19350386,1.60196841,2.03013277,-1.1082468,1.08102596,0.00359253772,0.0206378084,1.32259881,1.32288444,1.32331729,0.0617344566,0.199807659,-0.154280186,-0.0970741138,-0.175095722,-0.0666359589,-0.492689639,1.15073453e-06,0.00042822113,-0.227655783,2.33116443e-05,4.81628231e-05,2.25554686e-08,-0.524466753,0.250818014,0.130924493,-2.17656684,1.67904973,2.05749583,-1.01828742,1.17512679,0.0413708016,0,1.33299983,1.33299983,1.33299983
15.4,-0.501099586,0.282780111,0.0818079636,-2.19965553,1.59240735,2.02578592,-1.14454818,1.07780731,0.0113541065,0.00975534413,1.32256925,1.32285702,1.32328677,0.0229639951,0.237569645,-0.0454559028,-0.0747683942,-0.096514672,-0.0377633981,-0.536861539,-1.0129952e-07,0.0799418911,-0.101060845,2.11567749e-05,1.88548001e-05,-7.71251507e-09,-0.524466753,0.250818014,0.130924493,-2.17656684,1.67904973,2.05749583,-1.01828742,1.12665772,0.0562868863,0,1.33299983,1.33299983,1.33299983
15.4666667,-0.49939391,0.299973696,0.0786855295,-2.20339799,1.58657479,2.02339363,-1.18394017,1.06422663,0.0278720967,0.00449005375,1.32559514,1.32582378,1.32611692,0.0273180585,0.267993569,-0.047471948,-0.0300882924,-0.052887518,-0.0456174985,-0.566016853,-0.132425353,1.95257599e-07,-0.0524712279,0.113595016,0.111180998,0.10587541,-0.524466753,0.250818014,0.130924493,-2.17656684,1.67904973,2.05749583,-1.01828742,1.05384827,0.0845832825,0,1.33299983,1.33299983,1.33299983
15.5333333,-0.49659431,0.318930745,0.0733136684,-2.20359111,1.58653831,2.01776338,-1.22644842,1.07381499,0.0248630848,1.98288808e-06,1.33299971,1.33300006,1.33300006,0.0524450466,0.292830914,-0.105531551,0.0375953652,-0.0165376719,-0.129005447,-0.612339199,-0.00010141448,-0.000105974555,-0.00758860819,0.000123940234,0.000124514147,0.000135363312,-0.524466753,0.250818014,0.130924493,-2.17656684,1.67904973,2.05749583,-1.01828742,1.19528198,0.107574098,0,1.33299983,1.33299983,1.33299983
15.6,-0.493332654,0.338996828,0.0668346956,-2.19983745,1.58399034,2.00882387,-1.26702309,1.06867075,0.0266834218,6.03857325e-06,1.33300018,1.33300006,1.33300006,0.0459844694,0.301186949,-0.0904311612,0.0817301348,-0.032395076,-0.14930959,-0.555724084,-2.26141128e-05,0.000187987695,0.00249761599,-0.000385317544,-0.000411841786,-0.000354650983,-0.524466753,0.250818014,0.130924493,-2.17656684,1.67904973,2.05749583,-1.01828742,1.07654083,0.102457419,0,1.33299983,1.33299983,1.33299983
15.6666667,-0.491236031,0.358931214,0.0630876347,-2.19348097,1.57661533,2.00199008,-1.29850852,1.07199895,0.02576809,5.35817026e-06,1.33300006,1.33300018,1.33300006,0.0224657785,0.29086411,-0.0347166248,0.115468934,-0.114463679,-0.0968540013,-0.430472255,-6.97637006e-07,-1.45009735e-05,-0.000102286715,1.46248713e-05,1.45333452e-05,1.46014654e-05,-0.524466753,0.250818014,0.130924493,-2.17656684,1.67904973,2.05749583,-1.01828742,1.15192616,0.117565542,0,1.33299983,1.33299983,1.33299983
15.7333333,-0.490651906,0.377914518,0.0630420819,-2.18487668,1.56717145,1.99822116,-1.32474792,1.07179248,0.025970621,6.04314801e-06,1.33299959,1.33300042,1.33299899,0.00152632454,0.273648381,0.0172103718,0.145433128,-0.138952062,-0.0545676984,-0.359355092,-2.44542243e-05,-0.000382275379,0.000131005829,0.00501337694,-0.0065367003,0.00646127574,-0.524466753,0.250818014,0.130924493,-2.17656684,1.67904973,2.05749583,-1.01828742,1.13379896,0.13437219,0,1.33299983,1.33299983,1.33299983
15.8,-0.490082055,0.395121902,0.062892817,-2.17562556,1.56103933,1.99082792,-1.35617363,1.05171907,0.0330144763,1.05800609e-05,1.33300018,1.33300018,1.33300018,0.0143883489,0.243177831,-0.0191652682,0.137868583,-0.0817643031,-0.142915249,-0.447289884,-0.252030551,0.0944032148,-1.62181095e-08,-3.9875672e-06,-2.94239067e-06,-5.23969993e-06,-0.524466753,0.250818014,0.130924493,-2.17656684,1.67904973,2.05749583,-1.01828742,1.03116977,0.13991192,0,1.33299983,1.33299983,1.33299983
15.8666667,-0.489125878,0.410563409,0.0615138449,-2.16707301,1.55707133,1.98030698,-1.38792562,1.05016208,0.0338940173,1.78517694e-05,1.33300006,1.33299994,1.33300006,0.0154306525,0.219653592,-0.0251730699,0.126664668,-0.0485572219,-0.175058618,-0.484966189,-1.81755604e-06,2.16044136e-05,2.58442014e-08,-1.5151275e-05,-1.8153376e-05,-1.16559786e-05,-0.524466753,0.250818014,0.130924493,-2.17656684,1.67904973,2.05749583,-1.01828742,1.08704376,0.152528629,0,1.33299983,1.33299983,1.33299983
15.9333333,-0.490379155,0.422212929,0.0656574145,-2.16484904,1.57250893,1.98875821,-1.41828144,1.04748201,0.0345358588,0.000603486493,1.33299971,1.33299971,1.33300018,-0.0287516918,0.133954823,0.0833405331,-0.0326149948,0.27088207,0.163404286,-0.433279991,-3.91229987e-05,6.94806222e-05,2.55298801e-07,-8.93755205e-05,-8.88257055e-05,-0.000128196232,-0.524466753,0.250818014,0.130924493,-2.17656684,1.67904973,2.05749583,-1.01828742,1.05814409,0.138837934,0,1.33299983,1.33299983,1.33299983
16,-0.492572099,0.427883595,0.0715678558,-2.17239928,1.59631002,1.99709451,-1.45664406,1.0362587,0.0375298224,0.000652935123,1.33300161,1.3330003,1.33299947,-0.0345692895,0.0457922369,0.0880921707,-0.166391104,0.393384963,0.103975564,-0.604811013,-0.0852363333,0.000599545776,1.59896445e-07,-0.0061441455,-0.00028987095,-0.000347269408,-0.524466753,0.250818014,0.130924493,-2.17656684,1.67904973,2.05749583,-1.01828742,1.01074564,0.137149423,0,1.33299983,1.33299983,1.33299983
16.0666667,-0.494071394,0.42771858,0.0748280436,-2.18728447,1.62307143,2.00265741,-1.49690783,1.04865599,0.0344030745,0.00071127119,1.3330003,1.33300066,1.33300018,-0.0135220559,-0.0401372164,0.0196135975,-0.258490175,0.40959242,0.0538012907,-0.633162916,0.0508682132,0.000169403851,9.94768925e-08,-5.19151799e-05,-9.1954018e-05,-4.18970303e-05,-0.524466753,0.250818014,0.130924493,-2.17656684,1.67904973,2.05749583,-1.01828742,1.13015842,0.149966866,0,1.33299983,1.33299983,1.33299983
16.1333333,-0.494425863,0.4237023,0.0746121258,-2.20472026,1.65141404,2.00934196,-1.53580844,1.05876291,0.0303945169,0.00076982897,1.33299994,1.33299947,1.33299983,0.000531042635,-0.0779412016,-0.020467462,-0.259744018,0.406237006,0.0964375809,-0.550244093,0.109475315,-0.00145329535,-4.5413617e-07,0.00059385685,0.000994338654,0.00025777283,-0.524466753,0.250818014,0.130924493,-2.17656684,1.67904973,2.05749583,-1.01828742,1.12888396,0.110533714,0,1.33299983,1.33299983,1.33299983
16.2,-0.494660914,0.418728769,0.0742248669,-2.22037053,1.6818316,2.01661277,-1.57439494,1.0761441,0.0240427796,0.000951032736,1.33299983,1.33299971,1.33299994,-0.00707006594,-0.0753042698,0.00446769781,-0.218054891,0.429621309,0.11466191,-0.558617413,5.43318383e-05,0.0779917836,-3.61935236e-07,0.000606429181,0.000968050794,0.000263803027,-0.524466753,0.250818014,0.130924493,-2.17656684,1.67904973,2.05749583,-1.01828742,1.24616504,0.125956342,0,1.33299983,1.33299983,1.33299983
16.2666667,-0.496080041,0.413612604,0.0769618526,-2.23604679,1.71127582,2.02495813,-1.61330879,1.0760895,0.0241774675,0.000982344616,1.33299959,1.33299851,1.33299971,-0.0318913348,-0.0804614127,0.0678396598,-0.245060012,0.45148617,0.135211289,-0.583452702,-1.05116669e-05,1.61008211e-06,4.53728717e-08,-1.4089961e-05,-8.5192587e-06,-1.84562232e-05,-0.524466753,0.250818014,0.130924493,-2.17656684,1.67904973,2.05749583,-1.01828742,1.24616504,0.13056092,0,1.33299983,1.33299983,1.33299983
16.3333333,-0.499074876,0.40935567,0.084093526,-2.2513361,1.74501979,2.03692269,-1.65449071,1.07610357,0.0241705272,0.000993779162,1.33299613,1.33299494,1.33299863,-0.0522251502,-0.0561812073,0.128247797,-0.218927056,0.508713186,0.190692306,-0.606280208,-6.82351674e-06,-0.000587197137,-7.09214873e-08,1.16901792e-05,2.43145187e-05,1.39178883e-06,-0.524466753,0.250818014,0.130924493,-2.17656684,1.67904973,2.05749583,-1.01828742,1.24616504,0.133128718,0,1.33299983,1.33299983,1.33299983
16.4,-0.503153682,0.405835599,0.0942833722,-2.26604581,1.78014457,2.04913902,-1.69634974,1.07610333,0.0242624711,9.01752912e-07,1.33298683,1.33299029,1.33298528,-0.066634737,-0.0539738983,0.167336717,-0.221840858,0.541169882,0.183040261,-0.624717236,-6.70042937e-08,0.0161712244,0.000352759147,-0.000212811254,-0.000480378163,1.00716497e-05,-0.524466753,0.250818014,0.130924493,-2.17656684,1.67904973,2.05749583,-1.01828742,1.24616504,0.142969877,0,1.33299983,1.33299983,1.33299983
16.4666667,-0.507528603,0.402644336,0.105541162,-2.27997875,1.81758404,2.06112051,-1.7395556,1.07610452,0.0243779831,2.0208679e-06,1.33295929,1.33296287,1.33295774,-0.063051559,-0.0477539413,0.163871706,-0.203429595,0.561068058,0.164391175,-0.645643473,-7.45582292e-06,-7.69699691e-05,-3.47893729e-05,2.94639613e-05,5.44470386e-05,4.59878356e-06,-0.524466753,0.250818014,0.130924493,-2.17656684,1.67904973,2.05749583,-1.01828742,1.24616504,0.155013204,0,1.33299983,1.33299983,1.33299983
16.5333333,-0.510727882,0.399389118,0.114033431,-2.29278064,1.85263658,2.07287383,-1.77943861,1.07610512,0.024515342,3.12590316e-07,1.33293247,1.33293808,1.33293009,-0.0374313854,-0.054334417,0.100527622,-0.188176841,0.506683469,0.158019096,-0.570571184,5.80076448e-06,0.000125650608,-7.39792595e-05,4.67540522e-05,-0.00510645844,6.37734775e-06,-0.524466753,0.250818014,0.130924493,-2.17656684,1.67904973,2.05749583,-1.01828742,1.24616504,0.164798409,0,1.33299983,1.33299983,1.33299983
16.6,-0.512019038,0.394923568,0.117520802,-2.30543542,1.88391316,2.08396125,-1.81311321,1.07614267,0.0243170615,0.0336394943,1.33290315,1.33288383,1.33289313,-0.00869667809,-0.078734912,0.0228085816,-0.186630622,0.442002684,0.139358118,-0.476387352,-8.5051397e-06,-0.000321939995,0.441406846,2.19279318e-05,4.27470659e-05,4.77302819e-09,-0.524466753,0.250818014,0.130924493,-2.17656684,1.67904973,2.05749583,-1.01828742,1.24616504,0.144846752,0.0777411312,1.33299983,1.33299983,1.33299983
16.6666667,-0.51244539,0.388023525,0.118338227,-2.31710911,1.91512883,2.08920264,-1.84519219,1.07614529,0.0244808532,0.0883590281,1.33267176,1.33268011,1.33267546,-0.0111142304,-0.122510366,0.0186409038,-0.162982181,0.44132027,0.0753453001,-0.456979096,-9.27425936e-06,0.000115285322,0.655757248,2.51644578e-05,5.04142808e-05,-3.44771252e-08,-0.524466753,0.250818014,0.130924493,-2.17656684,1.67904973,2.05749583,-1.01828742,1.24616504,0.156538174,0.15672034,1.33299983,1.33299983,1.33299983
16.7333333,-0.514648795,0.380858004,0.123813048,-2.32575512,1.949754,2.09574866,-1.87960637,1.07398319,0.0252649672,0.154163301,1.33259499,1.33260787,1.3326031,-0.0645750836,-0.0867572352,0.168857843,-0.0872980282,0.5354864,0.125743061,-0.516995072,1.27898238e-06,-4.69909646e-05,0.996329606,1.64922967e-05,3.3019227e-05,-8.03556759e-08,-0.524466753,0.250818014,0.130924493,-2.17656684,1.67904973,2.05749583,-1.01828742,1.14143765,0.159916386,0.29255569,1.33299983,1.33299983,1.33299983
16.8,-0.521393597,0.376171201,0.141379073,-2.33032203,1.98595524,2.10848689,-1.91373837,1.07417274,0.0253536906,0.220330879,1.33226061,1.3322866,1.33228052,-0.117521249,-0.0706120133,0.301349014,-0.0793320239,0.561489344,0.185831472,-0.542542398,8.0786238e-05,0.00117130647,0.98510015,-0.000392457936,-0.000791264698,7.04079866e-07,-0.524466753,0.250818014,0.130924493,-2.17656684,1.67904973,2.05749583,-1.01828742,1.16465271,0.168782249,0.393383682,1.33299983,1.33299983,1.33299983
16.8666667,-0.530633092,0.371726453,0.165036783,-2.33393478,2.02328324,2.12486339,-1.94756031,1.07486117,0.0253221747,0.286191583,1.33133066,1.33136487,1.33137095,-0.143769875,-0.0717822313,0.36758247,-0.0456624292,0.614007175,0.217012092,-0.543202698,-0.0303173903,-0.000435457274,1.00000095,-0.000196798152,0.000126731858,-0.000438429066,-0.524466753,0.250818014,0.130924493,-2.17656684,1.67904973,2.05749583,-1.01828742,1.24616504,0.175985768,0.438817829,1.33299983,1.33299983,1.33299983
16.9333333,-0.539168358,0.364872396,0.185253873,-2.3389492,2.0480628,2.14445949,-1.97331774,1.07497323,0.0251623988,0.30161041,1.32901025,1.32904065,1.32900941,-0.0971720368,-0.16762273,0.192044884,-0.123373888,0.293841451,0.225224122,-0.316381693,-0.000120979414,-0.00189488311,0.189205006,0.000641921477,0.00128243421,-1.08475797e-06,-0.524466753,0.250818014,0.130924493,-2.17656684,1.67904973,2.05749583,-1.01828742,1.24616504,0.181838617,0.337238282,1.33299983,1.33299983,1.33299983
17,-0.545402408,0.354715288,0.19791013,-2.35024357,2.07650185,2.15666962,-2.00623584,1.07335865,0.025803199,0.325180441,1.33260155,1.33259344,1.33265674,-0.0896629989,-0.161743447,0.172824919,-0.202639893,0.468362629,0.11573685,-0.524824023,6.89676381e-06,-7.86734745e-07,0.331046581,0.0678270981,0.066552639,0.0686039999,-0.524466753,0.250818014,0.130924493,-2.17656684,1.67904973,2.05749583,-1.01828742,1.13772881,0.186594054,0.371154606,1.33299983,1.33299983,1.33299983
17.0666667,-0.549736559,0.344846815,0.205966607,-2.36440635,2.1080215,2.16369748,-2.04644752,1.05020511,0.0341285132,0.331386477,1.33207893,1.33209825,1.33205891,-0.0383279361,-0.138012618,0.0654268041,-0.210534021,0.500623405,0.0516814627,-0.588879704,-0.28259927,0.104662888,0.154539883,2.78576626e-05,5.57440799e-05,-1.22236088e-09,-0.524466753,0.250818014,0.130924493,-2.17656684,1.67904973,2.05749583,-1.01828742,1.02977896,0.188148409,0.360502273,1.33299983,1.33299983,1.33299983
17.1333333,-0.552482545,0.337278277,0.211708248,-2.37809062,2.14497876,2.16513419,-2.08981514,1.01815271,0.0381296091,0.370750189,1.33183134,1.33181393,1.33187413,-0.0501358472,-0.117339827,0.0947500914,-0.226792514,0.439868629,-0.00337001914,-0.564175367,-0.263169378,0.07755588,0.743258357,-0.0757213682,-0.0777169093,-0.0754158571,-0.524466753,0.250818014,0.130924493,-2.17656684,1.67904973,2.05749583,-1.01828742,0.948468685,0.191720769,0.458128512,1.33299983,1.33299983,1.33299983
17.2,-0.556725621,0.330000609,0.220922247,-2.39030147,2.18367195,2.16589689,-2.13056326,1.01381135,0.0376633555,0.404073298,1.33181036,1.331774,1.33187199,-0.0822357014,-0.113317177,0.178255722,-0.158559084,0.592488587,0.0266081989,-0.586371839,-0.0681613609,-0.0830726326,0.498333871,-0.000171487685,-0.000406284351,3.18314414e-05,-0.524466753,0.250818014,0.130924493,-2.17656684,1.67904973,2.05749583,-1.01828742,1.00795507,0.192862436,0.503969729,1.33299983,1.33299983,1.33299983
17.2666667,-0.561965764,0.323272407,0.232861817,-2.3978653,2.22253084,2.17217135,-2.17012811,0.992467999,0.0377520435,0.447049379,1.33111298,1.33108485,1.33121264,-0.0872882605,-0.100713775,0.197034478,-0.0924987048,0.558643579,0.0979999527,-0.530538023,-0.222059637,-0.000171027146,0.767576277,0.000492784195,0.000419328921,0.00586715806,-0.524466753,0.250818014,0.130924493,-2.17656684,1.67904973,2.05749583,-1.01828742,0.959546983,0.195550904,0.574695766,1.33299983,1.33299983,1.33299983
17.3333333,-0.56716013,0.317064822,0.244733155,-2.40292478,2.25673461,2.18033576,-2.20786643,0.958402276,0.0382406041,0.492037714,1.33052433,1.33048117,1.33066392,-0.0868757889,-0.0973719209,0.190051824,-0.0825182348,0.476064861,0.0881258026,-0.518562853,-0.36957708,-3.17981467e-05,0.602416337,-8.47409246e-05,-0.000162536278,-1.65520469e-05,-0.524466753,0.250818014,0.130924493,-2.17656684,1.67904973,2.05749583,-1.01828742,0.885006189,0.197735295,0.595155776,1.33299983,1.33299983,1.33299983
17.4,-0.572264731,0.311274499,0.256245703,-2.4084847,2.28962803,2.18761921,-2.24736881,0.914679706,0.0401100032,0.530294836,1.33002949,1.32998443,1.33017063,-0.0800287649,-0.0849095434,0.177275926,-0.0961087719,0.480693132,0.0887454972,-0.592919528,-0.637088656,0.000184908509,0.446665227,-0.000243256334,-0.000458790455,-3.19115352e-05,-0.524466753,0.250818014,0.130924493,-2.17656684,1.67904973,2.05749583,-1.01828742,0.829210281,0.199510112,0.648784459,1.33299983,1.33299983,1.33299983
17.4666667,-0.576896489,0.305503964,0.266133249,-2.41614437,2.32041955,2.19120216,-2.28623128,0.866581261,0.034646593,0.552016377,1.33001983,1.32996857,1.33015251,-0.0660187826,-0.0873043686,0.136216119,-0.145684287,0.475973547,0.0144695854,-0.606488705,-0.64234513,-0.111929797,0.14777936,-0.000379144214,-0.000725671183,-4.5615714e-05,-0.524466753,0.250818014,0.130924493,-2.17656684,1.67904973,2.05749583,-1.01828742,0.789478421,0.187810108,0.692357779,1.33299983,1.33299983,1.33299983
17.5333333,-0.581918061,0.298995763,0.275679082,-2.42790818,2.35192418,2.19033527,-2.32519889,0.840165079,0.0382173359,0.549663007,1.32965708,1.32960165,1.3297838,-0.0810815841,-0.100596376,0.151465401,-0.199425995,0.524355471,-0.0734825209,-0.61007905,-0.233993918,0.00130030885,0.000666314736,-0.00198092405,-0.00162853859,-0.00278120022,-0.524466753,0.250818014,0.130924493,-2.17656684,1.67904973,2.05749583,-1.01828742,0.805039883,0.191445902,0.666809082,1.33299983,1.33299983,1.33299983
17.6,-0.585929096,0.293803513,0.283832103,-2.44080234,2.38864541,2.18278408,-2.36586452,0.823244929,0.0356437676,0.558376908,1.32906973,1.32898378,1.32917285,-0.0497732684,-0.067509003,0.106302634,-0.191911027,0.55967766,-0.154548064,-0.607943177,-0.288012117,-0.085096769,0.194018498,-0.000279213302,-0.00054743886,-2.01021321e-05,-0.524466753,0.250818014,0.130924493,-2.17656684,1.67904973,2.05749583,-1.01828742,0.784831226,0.194399983,0.707002759,1.33299983,1.33299983,1.33299983
17.6666667,-0.586964726,0.291024685,0.287085414,-2.45396113,2.4238143,2.16902709,-2.40212584,0.796605885,0.0329093784,0.56476593,1.33005166,1.32989705,1.32994604,-0.00171086704,-0.0246945191,0.0298347492,-0.20492816,0.533229768,-0.271389902,-0.533029854,-0.406458408,-0.0863971785,0.108718894,0.0736032128,0.0731797665,0.0681189895,-0.524466753,0.250818014,0.130924493,-2.17656684,1.67904973,2.05749583,-1.01828742,0.749682069,0.178104475,0.695490479,1.33299983,1.33299983,1.33299983
17.7333333,-0.583893716,0.2922135,0.284325898,-2.46745157,2.45934176,2.14493465,-2.43422294,0.7693156,0.0272584558,0.579430163,1.33278596,1.33278465,1.33278584,0.0578383543,0.0310817771,-0.0602101795,-0.214537278,0.523681164,-0.457181364,-0.414007068,-0.17304422,-0.217328653,0.270139098,-0.0003445521,-0.000706390943,-1.27167441e-05,-0.524466753,0.250818014,0.130924493,-2.17656684,1.67904973,2.05749583,-1.01828742,0.71449095,0.178114206,0.730306387,1.33299983,1.33299983,1.33299983
17.8,-0.578108072,0.296472967,0.277775764,-2.47971058,2.49347234,2.11338282,-2.45885348,0.759459019,0.00973363407,0.605993927,1.33229852,1.33229268,1.33230281,0.0799007267,0.0722069666,-0.0829365551,-0.172685236,0.45538342,-0.481342763,-0.298142076,-0.09243121,-0.215650022,0.415402055,-0.000248033088,-0.000523780007,1.02445483e-05,-0.524466753,0.250818014,0.130924493,-2.17656684,1.67904973,2.05749583,-1.01828742,0.690990329,0.142022878,0.755767107,1.33299983,1.33299983,1.33299983
17.8666667,-0.572614908,0.299758792,0.270183921,-2.49410415,2.51771569,2.08168507,-2.47583365,0.756000698,0.0126865106,0.596047699,1.3319869,1.33196068,1.33199263,0.064157784,0.0575245507,-0.0727988333,-0.224763557,0.389292538,-0.502249479,-0.280578911,-0.0447190925,1.01141632e-06,-0.0741304457,-7.9982332e-05,0.00053557998,0.000731107779,-0.524466753,0.250818014,0.130924493,-2.17656684,1.67904973,2.05749583,-1.01828742,0.666803956,0.120659769,0.625601232,1.33299983,1.33299983,1.33299983
17.9333333,-0.567324936,0.303745329,0.262924552,-2.51140952,2.54290485,2.0461638,-2.49509287,0.755108535,0.0143175386,0.558910728,1.33207524,1.33204472,1.33207333,0.0644792989,0.0788191631,-0.0671861172,-0.25440374,0.403763413,-0.538243353,-0.277970463,0.0379670449,0.080786325,-0.405046046,-5.77984611e-05,-0.000134391361,1.63214281e-07,-0.524466753,0.250818014,0.130924493,-2.17656684,1.67904973,2.05749583,-1.01828742,0.647152483,0.112336084,0.55081141,1.33299983,1.33299983,1.33299983
18,-0.562596738,0.309686303,0.257816702,-2.52812529,2.57073188,2.00919795,-2.51465464,0.755890667,0.0162030235,0.555510879,1.33221948,1.33215916,1.33220196,0.0612361915,0.0975986794,-0.0537756756,-0.245901883,0.424308121,-0.599507689,-0.280826718,3.06503061e-05,0.000287777279,0.0590600334,0.000799133268,-0.000236101099,0.00115038536,-0.524466753,0.250818014,0.130924493,-2.17656684,1.67904973,2.05749583,-1.01828742,0.681939721,0.120566517,0.59374243,1.33299983,1.33299983,1.33299983
18.0666667,-0.557755828,0.318003535,0.253833205,-2.54197884,2.60135698,1.97059727,-2.53422761,0.755010128,0.0113764172,0.567575991,1.33186257,1.33177483,1.33183658,0.0632510781,0.137657225,-0.0331686884,-0.172956407,0.458655983,-0.572844207,-0.252461046,0.027765464,-0.000205016229,0.313054502,5.23981871e-05,0.000127924141,-0.000294121681,-0.524466753,0.250818014,0.130924493,-2.17656684,1.67904973,2.05749583,-1.01828742,0.659450293,0.0780905634,0.631934404,1.33299983,1.33299983,1.33299983
18.1333333,-0.552728832,0.327153057,0.249490634,-2.55360079,2.62666535,1.93426311,-2.55085325,0.754874885,0.0127485609,0.560001314,1.33134878,1.3312813,1.33137071,0.0658103973,0.14590995,-0.0420970283,-0.161147416,0.379104167,-0.554060578,-0.220765516,0.0381055959,-0.0687577873,-0.060088113,-1.87925762e-05,-5.48602547e-05,5.73927537e-08,-0.524466753,0.250818014,0.130924493,-2.17656684,1.67904973,2.05749583,-1.01828742,0.641177654,0.0879215524,0.58556211,1.33299983,1.33299983,1.33299983
18.2,-0.54805845,0.336975366,0.245830327,-2.56459355,2.6497519,1.89768553,-2.56632066,0.754810393,0.0133174239,0.56221205,1.33090341,1.33084428,1.33097053,0.0622943491,0.152978972,-0.0379575789,-0.161192521,0.351037294,-0.575619519,-0.228765756,-9.15085548e-06,0.000770700746,0.112337857,4.92128311e-05,0.00010843866,-1.8812716e-07,-0.524466753,0.250818014,0.130924493,-2.17656684,1.67904973,2.05749583,-1.01828742,0.626331091,0.0947882682,0.603495717,1.33299983,1.33299983,1.33299983
18.2666667,-0.543466032,0.347830057,0.242501393,-2.57518172,2.67126656,1.86035264,-2.5815177,0.754701734,0.0135373538,0.559675455,1.33044314,1.3303932,1.33053041,0.058352828,0.168658525,-0.0271077789,-0.153759778,0.327132434,-0.586223066,-0.213091284,9.32954426e-05,-0.0316823721,-8.00006092e-07,0.000400408637,0.00037011088,0.000420108845,-0.524466753,0.250818014,0.130924493,-2.17656684,1.67904973,2.05749583,-1.01828742,0.616685271,0.100698024,0.592206359,1.33299983,1.33299983,1.33299983
18.3333333,-0.539400458,0.359305739,0.240201086,-2.58568287,2.69207644,1.82255125,-2.59610796,0.754516184,0.0146355256,0.560460746,1.32972503,1.32970142,1.32985377,0.0446208157,0.179309085,0.00205108826,-0.147003815,0.325057209,-0.583995521,-0.211839542,-1.05016661e-05,-0.000420175027,0.0772194043,0.000117275398,0.00025461131,-1.6472768e-07,-0.524466753,0.250818014,0.130924493,-2.17656684,1.67904973,2.05749583,-1.01828742,0.606431067,0.110406965,0.599833727,1.33299983,1.33299983,1.33299983
18.4,-0.535539806,0.372027189,0.238690093,-2.59565735,2.7126565,1.78421366,-2.61089349,0.754190683,0.013295671,0.553374171,1.3291012,1.32910192,1.32933259,0.0414291732,0.199438572,0.0151892332,-0.136402145,0.324157268,-0.604186296,-0.196067452,-0.000551528763,-0.0263684578,-0.0530277975,-0.00271548214,-0.00260325009,-0.00272456603,-0.524466753,0.250818014,0.130924493,-2.17656684,1.67904973,2.05749583,-1.01828742,0.59809947,0.100159407,0.579847395,1.33299983,1.33299983,1.33299983
18.4666667,-0.531509161,0.386265665,0.237335056,-2.60504293,2.73311663,1.744133,-2.62566423,0.754254878,0.0128923543,0.538932383,1.3284595,1.32853067,1.32875705,0.0499600098,0.223988205,0.00582864974,-0.126917586,0.319025248,-0.642653823,-0.208119184,-4.49684012e-05,-0.021035675,-0.112324417,0.000460806536,0.00100784481,-9.28645022e-07,-0.524466753,0.250818014,0.130924493,-2.17656684,1.67904973,2.05749583,-1.01828742,0.592083812,0.0804915652,0.555553854,1.33299983,1.33299983,1.33299983
18.5333333,-0.527659476,0.401725799,0.236745104,-2.61257029,2.75294518,1.70370591,-2.6389606,0.752276301,0.0121128112,0.534688175,1.32797337,1.32805693,1.3283031,0.0494815297,0.237078488,0.00954605266,-0.0992015228,0.301099539,-0.638238966,-0.135885328,0.11338044,-0.11931324,-1.29081309e-06,0.000688202039,0.00072301412,0.00062085985,-0.524466753,0.250818014,0.130924493,-2.17656684,1.67904973,2.05749583,-1.01828742,0.586442351,0.0847590566,0.561270237,1.33299983,1.33299983,1.33299983
18.6,-0.523642182,0.417878598,0.23581028,-2.61901164,2.77043962,1.66387522,-2.65060258,0.750836611,0.0101431543,0.517640233,1.32760525,1.32769573,1.32794404,0.0461212955,0.248194173,0.0178955272,-0.0788669363,0.273013085,-0.594679534,-0.148698598,-3.00949614e-06,-0.0205479525,-0.15550828,0.000221827417,0.000480232411,-5.07105142e-07,-0.524466753,0.250818014,0.130924493,-2.17656684,1.67904973,2.05749583,-1.01828742,0.581858695,0.0779311508,0.52716738,1.33299983,1.33299983,1.33299983
18.6666667,-0.52057296,0.433951169,0.236516714,-2.6246016,2.78813601,1.62544143,-2.65921903,0.750821531,0.00917637628,0.51483357,1.32734716,1.32744277,1.32770705,0.0335416608,0.238054603,0.0338384137,-0.0754337609,0.265485078,-0.574189305,-0.112917483,9.10079762e-05,-0.000361815561,-8.65198672e-07,0.000353069801,0.000278757478,0.000406681269,-0.524466753,0.250818014,0.130924493,-2.17656684,1.67904973,2.05749583,-1.01828742,0.578134477,0.0691841096,0.540687621,1.33299983,1.33299983,1.33299983
18.7333333,-0.519159019,0.448231012,0.239535823,-2.62915826,2.80601549,1.59294438,-2.66217804,0.750697851,0.0093703419,0.539642513,1.3284471,1.32852602,1.32840824,0.00450601242,0.198520064,0.0706618056,-0.0727975368,0.261728346,-0.481683999,-0.0220152475,0.0477184542,0.077640526,0.379194528,0.0735190287,0.0710479096,0.0639192313,-0.524466753,0.250818014,0.130924493,-2.17656684,1.67904973,2.05749583,-1.01828742,0.575108528,0.0811320022,0.603122175,1.33299983,1.33299983,1.33299983
18.8,-0.522974253,0.463353693,0.241384223,-2.62946916,2.80649877,1.56493604,-2.6645937,0.750436544,0.00987923611,0.569499612,1.32822824,1.32832313,1.32821774,-0.109828383,0.247205958,0.0815396458,0.0260043424,-0.000210259052,-0.443839937,-0.0392743014,-4.50760126e-07,-0.136201188,0.262924343,-4.29933425e-05,-0.000145524042,1.8411316e-05,-0.524466753,0.250818014,0.130924493,-2.17656684,1.67904973,2.05749583,-1.01828742,0.572649956,0.0997747332,0.655257165,1.33299983,1.33299983,1.33299983
18.8666667,-0.533109307,0.479200691,0.248479411,-2.62654376,2.80649161,1.54082406,-2.66275191,0.750096679,0.00597267272,0.594515324,1.32740033,1.32743025,1.32734442,-0.187392026,0.226165801,0.153753445,0.0581306778,0.000148385763,-0.350742221,0.0372557938,0.0338342637,-0.0985679775,0.414828271,0.00187010039,0.00151201815,0.00125830399,-0.524466753,0.250818014,0.130924493,-2.17656684,1.67904973,2.05749583,-1.01828742,0.570652306,0.0902831107,0.695555687,1.33299983,1.33299983,1.33299983
18.9333333,-0.545059681,0.492407352,0.25795123,-2.62459254,2.80649447,1.52536976,-2.65775824,0.748142183,0.000849268865,0.598282278,1.32636821,1.32638109,1.32634699,-0.201158121,0.192433894,0.178313717,0.0205773022,0.00108170812,-0.25293079,0.0656955764,1.6475562e-05,7.90338963e-05,0.0521927699,-8.65162583e-05,-0.000172878965,1.97556801e-07,-0.524466753,0.250818014,0.130924493,-2.17656684,1.67904973,2.05749583,-1.01828742,0.569029272,0.0734312534,0.644448817,1.33299983,1.33299983,1.33299983
19,-0.558507383,0.505379975,0.269260108,-2.62367749,2.80649233,1.51090586,-2.65301895,0.748205304,0.00192614342,0.596608758,1.32636333,1.32637584,1.32633543,-0.215114594,0.201199651,0.196550414,0.0194642041,0.000325913774,-0.232312992,0.0600774698,0.000264503877,-0.000638353173,0.00273686554,0.00106369669,-0.00504862331,0.000842258451,-0.524466753,0.250818014,0.130924493,-2.17656684,1.67904973,2.05749583,-1.01828742,0.567710578,0.0735223442,0.63652575,1.33299983,1.33299983,1.33299983
19.0666667,-0.572798669,0.518860221,0.281258374,-2.62234521,2.80649996,1.49638331,-2.64805865,0.74809289,0.000715043163,0.608187258,1.32619846,1.32615554,1.32616854,-0.227140561,0.210857213,0.203042805,0.0375578515,-0.00118330098,-0.227469668,0.0614112765,3.19432438e-05,-0.0746581703,0.158762798,-0.000129031483,-0.000264424598,-1.93914166e-05,-0.524466753,0.250818014,0.130924493,-2.17656684,1.67904973,2.05749583,-1.01828742,0.566639125,0.0617028847,0.670913756,1.33299983,1.33299983,1.33299983
19.1333333,-0.587690473,0.53166151,0.293738127,-2.62071586,2.80649996,1.48594952,-2.6381228,0.748274028,0.00184735889,0.610633075,1.32614589,1.32605994,1.32609022,-0.236505136,0.191238374,0.202712491,0.0406455584,-0.00272579119,-0.148887575,0.153596491,-0.000312259421,-0.0022729747,0.025499355,-0.00334927649,-0.00336432317,-0.00330653414,-0.524466753,0.250818014,0.130924493,-2.17656684,1.67904973,2.05749583,-1.01828742,0.56576854,0.080185771,0.663848519,1.33299983,1.33299983,1.33299983
19.2,-0.603112161,0.543903947,0.306783736,-2.61892843,2.80649447,1.47668576,-2.62767386,0.748067915,-9.17928719e-06,0.615411758,1.32629013,1.32619333,1.32623208,-0.229861736,0.190232769,0.204937339,0.0368746147,0.000347574241,-0.122325219,0.140483215,0.0286118798,0.0012359242,0.080095537,-0.000300139887,-0.000642530853,-2.53685284e-05,-0.524466753,0.250818014,0.130924493,-2.17656684,1.67904973,2.05749583,-1.01828742,0.565061212,0.0568040386,0.676200509,1.33299983,1.33299983,1.33299983
19.2666667,-0.616194129,0.55749625,0.31804356,-2.61725783,2.80648851,1.46332765,-2.62333465,0.748020589,-1.70576859e-05,0.619038999,1.32658243,1.32650042,1.3265506,-0.171727523,0.220471054,0.154602006,0.0310089961,0.00160533004,-0.207510799,0.0318359844,0.0004235222,-0.00289968983,-4.51505184e-06,0.00172943179,0.00146528101,0.00191803719,-0.524466753,0.250818014,0.130924493,-2.17656684,1.67904973,2.05749583,-1.01828742,0.564486504,0.0485554673,0.714633286,1.33299983,1.33299983,1.33299983
19.3333333,-0.61516577,0.564272285,0.315613687,-2.61488295,2.80444932,1.45746589,-2.60853958,0.75585711,-2.19736285e-06,0.599663317,1.32654989,1.3264519,1.32647741,0.101353116,0.00326859276,-0.136126131,0.0604414791,-0.0856722742,0.0682282075,0.333175302,1.4572739e-05,-0.000229384081,-0.334391803,-7.83988507e-05,-0.000162781216,1.80327334e-07,-0.613549829,0.558892488,0.314724177,-2.61442161,2.80189037,1.46604466,-2.60915923,0.755400717,0,0.604028404,1.33299983,1.33299983,1.33299983
19.4,-0.607165992,0.562284708,0.30289343,-2.60890746,2.79289627,1.46941257,-2.57572579,0.761256456,-7.42018074e-06,0.574803293,1.32662594,1.32653165,1.32655132,0.132134289,-0.029926084,-0.237511545,0.1213433,-0.256796539,0.244465485,0.654511988,0.128879562,0.000324049412,-0.464947641,-3.80654819e-05,-8.41018045e-05,1.59139745e-07,-0.606257975,0.562742472,0.305482864,-2.60653067,2.78897548,1.47357309,-2.56991458,0.775751829,0,0.563067257,1.33299983,1.33299983,1.33299983
19.4666667,-0.597882509,0.563131332,0.284801662,-2.59880996,2.77191544,1.48440433,-2.52004814,0.776441097,-4.73985074e-06,0.53888756,1.32667041,1.32657754,1.32658899,0.148232967,0.0663054958,-0.288063496,0.195310175,-0.358896971,0.22829482,0.998266041,0.258140475,0.000941937789,-0.627915382,-3.30269686e-05,-7.61029369e-05,7.23230187e-08,-0.59528017,0.568538606,0.291395068,-2.59450984,2.76906466,1.4849807,-2.51052594,0.806390524,6.14908549e-06,0.502261579,1.33299983,1.33299983,1.33299983
19.5333333,-0.586573064,0.570869446,0.264035553,-2.58326006,2.74677539,1.49771917,-2.44334841,0.800594032,-4.60299225e-06,0.493270993,1.32666719,1.32657349,1.32657492,0.190301567,0.14786008,-0.339719951,0.259362787,-0.408716768,0.195105046,1.27037764,0.395170867,0.00427452568,-0.820306063,-2.78362131e-05,-7.4783442e-05,9.14442353e-08,-0.581577957,0.575773299,0.273536026,-2.57928538,2.7434783,1.4993341,-2.43591619,0.844632983,2.09629943e-05,0.427717388,1.33299983,1.33299983,1.33299983
19.6,-0.572650909,0.582413435,0.242273197,-2.56281734,2.71836352,1.51356447,-2.35427976,0.833408892,1.75472615e-05,0.435629874,1.32668042,1.32658195,1.32657039,0.239995167,0.183351353,-0.324199468,0.323677391,-0.488458842,0.267240644,1.37163115,0.559604347,0.00118416268,-0.887386799,0.000346988905,0.000719957403,-7.64848664e-07,-0.566112816,0.583938777,0.252981126,-2.5617826,2.71353602,1.5157001,-2.35100937,0.887795329,3.72936847e-05,0.345540673,1.33299983,1.33299983,1.33299983
19.6666667,-0.555358827,0.594130576,0.220968649,-2.53947663,2.68689513,1.53232408,-2.26160407,0.872644782,2.77945674e-05,0.372524679,1.32891357,1.32879984,1.32876396,0.269586623,0.151744142,-0.319200099,0.313694149,-0.562371194,0.284827709,1.38733006,0.614936411,-0.00095627096,-1.0000006,0.000136417337,7.87981553e-05,0.000166937127,-0.549846411,0.59252733,0.230805755,-2.54292703,2.68055892,1.53314602,-2.26072955,0.93319428,5.39277316e-05,0.261837512,1.33299983,1.33299983,1.33299983
19.7333333,-0.537461579,0.603183985,0.200461999,-2.51869082,2.6507566,1.55166256,-2.16986156,0.914780915,4.24164391e-05,0.306695521,1.33011758,1.33002067,1.32994533,0.263860255,0.109986424,-0.291466713,0.261070609,-0.588825226,0.259156764,1.35170078,0.646856248,9.53696726e-05,-0.997284651,4.97066649e-05,8.7448163e-05,-3.14437784e-07,-0.533740222,0.601031244,0.208085179,-2.52364397,2.64586663,1.55073881,-2.17000031,0.978145838,6.96517091e-05,0.182713807,1.33299983,1.33299983,1.33299983
19.8,-0.520256639,0.609612525,0.182719514,-2.50288224,2.61195683,1.56730366,-2.08214808,0.957678854,7.76427987e-05,0.240242139,1.33005655,1.32995963,1.32988346,0.252258867,0.0910901278,-0.243723541,0.226861268,-0.565789998,0.228546292,1.26624548,0.626984775,0.00026098403,-0.996315718,5.27419616e-05,0.000100787031,-1.38592441e-07,-0.518755913,0.608942866,0.185894817,-2.50485969,2.61077976,1.56754553,-2.08374596,1.01996648,8.32521982e-05,0.114275634,1.33299983,1.33299983,1.33299983
19.8666667,-0.504536748,0.615579844,0.165439487,-2.48741794,2.57970524,1.5799365,-2.00230813,0.99728334,0.000386591535,0.174432963,1.33299494,1.33299458,1.33299601,0.161798641,0.0665728599,-0.305180937,0.228300408,-0.430495083,0.138841271,1.12249184,0.556011438,0.0813492164,-0.997155428,7.99621921e-05,0.000165275531,-1.57218892e-07,-0.505854964,0.615754426,0.165309981,-2.48749924,2.57661843,1.5826329,-2.0068903,1.05597246,9.35157514e-05,0.0626289845,1.33299983,1.33299983,1.33299983
19.9333333,-0.497331858,0.620238125,0.147731662,-2.47134781,2.54697275,1.59138739,-1.93655157,1.03215313,0.000629340822,0.110726878,1.33299983,1.33300042,1.33300018,0.10139747,0.0721474364,-0.253574073,0.235260636,-0.489507288,0.175771162,0.840535164,0.478625715,-0.000156212525,-0.842181623,1.07683263e-06,2.51631536e-06,8.57908162e-08,-0.495998979,0.620958388,0.147406012,-2.47248864,2.54470301,1.59506822,-1.94435692,1.08348012,9.92289642e-05,0.0338798575,1.33299983,1.33299983,1.33299983
20,-0.491219521,0.624425352,0.132262796,-2.45763993,2.51631904,1.6015662,-1.89099789,1.06076717,-3.01986461e-07,0.0684424415,1.3330003,1.332991,1.33300054,0.0760728642,0.0448842645,-0.209739834,0.173872218,-0.439728409,0.133541867,0.548897624,0.381018877,4.58496361e-05,-0.436299503,2.00539648e-06,0.000242941111,1.91567551e-07,-0.489842325,0.624208987,0.132893533,-2.46057558,2.51575541,1.6043067,-1.89942133,1.10066307,9.99999975e-05,0.0299999975,1.33299983,1.33299983,1.33299983
20.0666667,-0.486820996,0.626280129,0.119275518,-2.44771528,2.48717761,1.61028624,-1.86033249,1.08016753,1.19488462e-07,0.0478167459,1.33300042,1.33300018,1.33300054,0.0594759472,0.015440722,-0.183024153,0.125436291,-0.430856794,0.128582284,0.342260838,-0.0371240079,-1.07050255e-06,-0.210485041,-2.21207301e-06,-3.00840384e-06,1.39460781e-08,-0.4860228,0.62622571,0.120140873,-2.45105386,2.48700643,1.61212862,-1.86472285,1.11132324,9.99999975e-05,0.0299999993,1.33299983,1.33299983,1.33299983
20.1333333,-0.484192491,0.626580536,0.107927062,-2.43961692,2.45907521,1.61757731,-1.83614683,1.07993662,2.641913e-07,0.0384274535,1.33300006,1.33299994,1.3330003,0.0199469738,-0.0013931588,-0.15705356,0.111670241,-0.43656683,0.100797787,0.355718046,-1.73644366e-07,0.0011675097,-0.100214653,2.17871548e-06,5.10041718e-06,4.82013434e-08,-0.483966142,0.627311587,0.108533375,-2.44321656,2.45789623,1.61897421,-1.83741879,1.11706328,0.000100000005,0.0300000012,1.33299983,1.33299983,1.33299983
20.2,-0.483581811,0.626433611,0.0979062393,-2.43294764,2.42983651,1.62337232,-1.81443453,1.07993567,-1.14834347e-06,0.0303172991,1.33300161,1.33300149,1.33300173,-0.000914955686,-0.00161567517,-0.141599581,0.0840935931,-0.405155301,0.0676578358,0.284994692,-3.39816324e-07,-0.00140122499,-0.29042694,5.72561112e-06,1.19196775e-05,-1.27838575e-07,-0.483351767,0.627635956,0.0977635682,-2.43647051,2.42840815,1.62493861,-1.81604922,1.11877787,9.99999975e-05,0.0299999975,1.33299983,1.33299983,1.33299983
20.2666667,-0.484032273,0.626455128,0.0882570222,-2.42781878,2.40027738,1.6280303,-1.79712367,1.07993615,5.45104015e-08,0.0275179204,1.33299994,1.33299911,1.33299983,-0.00914340187,0.0018260472,-0.147337914,0.0717182234,-0.474664778,0.0786340833,0.230188102,0.000177290436,-0.000292557961,0.00689614238,0.000374645169,0.000389123685,0.000338731887,-0.483859301,0.627368033,0.0875239521,-2.43022299,2.39852548,1.63011706,-1.7991544,1.11736155,0.000100000005,0.0300000012,1.33299983,1.33299983,1.33299983
20.3333333,-0.484805614,0.626656711,0.0785541758,-2.42322803,2.36879563,1.63343978,-1.7835772,1.07993615,-4.75809045e-08,0.027484769,1.33299983,1.33297884,1.33299983,-0.01488607,0.00363769638,-0.144215211,0.0681589469,-0.467139304,0.0813049003,0.183051512,2.63704874e-06,-4.30512155e-05,-1.13039277e-07,3.51515628e-05,4.44514735e-05,2.45477422e-05,-0.48516804,0.626676917,0.0775070116,-2.42388105,2.36823153,1.6346041,-1.78527427,1.11370873,9.99999902e-05,0.0299999975,1.33299983,1.33299983,1.33299983
20.4,-0.486085087,0.626879573,0.0688781962,-2.4183712,2.33770204,1.63852119,-1.77185667,1.07989359,-1.30358174e-07,0.0274633747,1.33298099,1.33294833,1.33297861,-0.0231247153,0.0022653637,-0.147796065,0.0799659416,-0.467910856,0.0706894025,0.173991024,-1.30038632e-06,-0.000106374879,-9.10804374e-08,2.80948589e-05,4.69516672e-05,9.75324656e-06,-0.486957639,0.625732064,0.0674052611,-2.41685128,2.33750916,1.63849545,-1.7729491,1.1087141,0.000100000005,0.0300000012,1.33299983,1.33299983,1.33299983
20.4666667,-0.487796336,0.626904011,0.0586830378,-2.4121778,2.30629253,1.64277279,-1.75989366,1.07981622,-1.49148406e-07,0.0274568684,1.33295047,1.33291948,1.33294809,-0.0271866024,-0.00206071883,-0.159299195,0.108056411,-0.474762797,0.058106754,0.188109472,-1.16303563e-05,0.000149385218,1.44016667e-07,1.36500166e-05,-0.00705537573,-6.42304949e-05,-0.488907486,0.624702573,0.0569111891,-2.40854144,2.30634141,1.64188552,-1.76071906,1.1032722,9.99999975e-05,0.0299999993,1.33299983,1.33299983,1.33299983
20.5333333,-0.489572495,0.626614749,0.0475311652,-2.4036088,2.2744472,1.64625394,-1.74642551,1.07973754,3.94847547e-07,0.0278890561,1.3329252,1.33289373,1.33292079,-0.0251803957,-0.00670408458,-0.175712422,0.150367185,-0.477555811,0.0474604256,0.218964383,0.00057611987,-0.00300234905,0.0513694212,0.00346528017,0.00366130238,0.00315973745,-0.490697056,0.62375772,0.0457172841,-2.39835787,2.27471185,1.64486945,-1.74712408,1.09827757,9.99999975e-05,0.0299999993,1.33299983,1.33299983,1.33299983
20.6,-0.490996838,0.626093209,0.0351449177,-2.39181018,2.24212217,1.64913106,-1.73028147,1.07969475,-2.69992704e-08,0.028106967,1.33289564,1.33288336,1.33289003,-0.016781779,-0.00874023419,-0.196007818,0.204075351,-0.488234907,0.0398996323,0.268500835,-6.48850164e-06,-1.53631172e-05,1.07334927e-07,-1.28907268e-05,4.99509042e-06,-2.63408001e-05,-0.492005855,0.623066664,0.0335160568,-2.38570857,2.24260402,1.64754272,-1.73070443,1.09462476,0.000100000005,0.0299999993,1.33299983,1.33299983,1.33299983
20.6666667,-0.491674393,0.625588536,0.0213511959,-2.37618589,2.20934129,1.65150535,-1.71008849,1.0796876,7.83065843e-08,0.0281342715,1.33288431,1.33288336,1.33288741,-0.00270964042,-0.00617391663,-0.218354851,0.264591128,-0.495409459,0.033326719,0.340267569,-5.57857129e-06,2.24346222e-05,5.22995833e-08,-2.29030848e-05,-1.24791404e-05,-2.93451012e-05,-0.492513329,0.622798741,0.0199999996,-2.36999989,2.21000004,1.64999998,-1.70999992,1.09320843,9.99999975e-05,0.0299999993,1.33299983,1.33299983,1.33299983
20.7333333,-0.491582483,0.625442326,0.00630402705,-2.35616493,2.17545342,1.6543014,-1.68486786,1.07966638,2.91470087e-07,0.028174296,1.33288467,1.33288467,1.33288777,0.00548841432,0.00120955287,-0.233857214,0.335920036,-0.524854124,0.0575678982,0.411241949,-3.28049064e-05,0.000112422233,1.81084033e-07,-7.03703772e-05,-6.57271594e-05,-0.000104913204,-0.492513359,0.622798741,0.00446537742,-2.34995437,2.17597246,1.65379548,-1.68491304,1.09320843,0.000100000005,0.0299999993,1.33299983,1.33299983,1.33299983
20.8,-0.490942031,0.625740826,-0.00991876703,-2.3314774,2.1394012,1.65919602,-1.65596998,1.07965231,1.23819618e-07,0.0281956065,1.33288467,1.33288467,1.33288777,0.0130801061,0.005368229,-0.253862739,0.400621384,-0.555021763,0.0901956633,0.449668288,-7.61269803e-07,4.40249423e-05,4.61877789e-08,-1.82597832e-05,-2.01405055e-05,-1.50214219e-05,-0.492513329,0.622798741,-0.0131715517,-2.32545638,2.1400013,1.659729,-1.65692353,1.09320843,9.99999975e-05,0.0299999993,1.33299983,1.33299983,1.33299983
20.8666667,-0.490037054,0.626071215,-0.0275169257,-2.30307531,2.10175586,1.66578352,-1.62538695,1.07965231,-4.74716195e-08,0.0282064993,1.33288467,1.33288467,1.33288777,0.0129548069,0.00199757307,-0.27491951,0.446843028,-0.572425365,0.106812477,0.464721739,2.09336895e-06,-1.23073733e-05,1.02365448e-07,-9.92734567e-06,-1.52989087e-05,-3.82148573e-06,-0.492513359,0.622798741,-0.0322882943,-2.2976563,2.10268211,1.6667639,-1.6269387,1.09320843,9.99999975e-05,0.0299999993,1.33299983,1.33299983,1.33299983
20.9333333,-0.48940587,0.626020074,-0.0465024225,-2.27216554,2.06336689,1.67277825,-1.5942086,1.07965231,4.85596274e-07,0.0282072108,1.33288467,1.3328892,1.33288777,0.0055442201,-0.00552620832,-0.295257777,0.476137191,-0.576942742,0.10316617,0.468429953,3.61077218e-06,0.0017769665,-5.4751581e-09,-1.01240439e-05,5.84333138e-05,2.6217167e-06,-0.492513329,0.622798741,-0.0522623584,-2.26770449,2.06461191,1.67386365,-1.59586549,1.09320843,0.000100000005,0.0300000012,1.33299983,1.33299983,1.33299983
21,-0.48941651,0.625462115,-0.0667393431,-2.23979568,2.02513051,1.67895448,-1.56313372,1.07965231,1.89827745e-08,0.0282008424,1.33288467,1.33288968,1.33288777,-0.00553008355,-0.0129278004,-0.312250853,0.490412593,-0.570042014,0.0829215273,0.461778671,6.07274569e-06,3.55789671e-05,1.23982318e-08,-2.40963709e-06,4.60033552e-05,1.05028303e-05,-0.492513299,0.622798681,-0.0724712461,-2.2367506,2.02638578,1.67999125,-1.5646106,1.09320831,9.99999902e-05,0.0299999975,1.33299983,1.33299983,1.33299983
21.0666667,-0.490180522,0.624469578,-0.087888591,-2.20701456,1.98749006,1.68329823,-1.53292096,1.07965231,-1.06338689e-07,0.0281913821,1.33288562,1.33289015,1.33290863,-0.016366737,-0.0186924972,-0.321755797,0.4876858,-0.559309483,0.0484315231,0.442128271,6.74922831e-06,3.19854807e-05,-5.47152013e-09,-2.72328907e-06,5.15279607e-05,1.20984332e-05,-0.492513359,0.6227988,-0.0922924727,-2.20594525,1.98860061,1.68411088,-1.53408158,1.09320843,0.000100000005,0.0300000012,1.33299983,1.33299983,1.33299983
21.1333333,-0.491599083,0.623137414,-0.109257355,-2.17510104,1.95113122,1.6849879,-1.50453496,1.07965231,-6.59625421e-09,0.028182447,1.33289337,1.33289361,1.33293331,-0.0250282902,-0.0230515786,-0.318723649,0.46416223,-0.533029914,0.00257638143,0.408213854,0.000153680478,1.0360025e-05,0.00572303683,-0.00615955237,1.7039034e-05,0.000280066626,-0.492513299,0.622798681,-0.11110352,-2.17643857,1.95185173,1.68518519,-1.50518513,1.09320843,9.99999975e-05,0.0299999975,1.33299983,1.33299983,1.33299983
21.2,-0.493513495,0.621572077,-0.129968032,-2.14546299,1.91669333,1.6830833,-1.47881126,1.07965231,7.85635805e-08,0.028177239,1.33289802,1.33289492,1.33294129,-0.0312434267,-0.0254550651,-0.30148831,0.419555217,-0.500271022,-0.0597565398,0.362244189,2.9439243e-06,2.38069406e-05,-3.72310751e-08,1.78837272e-05,1.29531745e-05,1.4249109e-05,-0.492513359,0.622798741,-0.128281951,-2.14938116,1.91673589,1.6821779,-1.47882831,1.09320843,0.000100000005,0.0300000012,1.33299983,1.33299983,1.33299983
21.2666667,-0.495729774,0.619910955,-0.149043888,-2.11948204,1.88452899,1.67643762,-1.45652926,1.07965231,5.02538683e-07,0.0281740483,1.33290219,1.33289659,1.33295417,-0.0338371769,-0.0255218688,-0.269506544,0.355108708,-0.467116266,-0.14015457,0.305289984,4.45162641e-06,0.000139652286,3.36312951e-08,-1.09109096e-05,-2.50122685e-05,3.18119419e-06,-0.492513329,0.622798741,-0.143205196,-2.12592268,1.88384831,1.67405236,-1.45591831,1.09320843,9.99999975e-05,0.0299999993,1.33299983,1.33299983,1.33299983
21.3333333,-0.497974157,0.618302822,-0.165443778,-2.09847498,1.85492098,1.66389835,-1.43853223,1.07965231,5.54379767e-07,0.028173713,1.33290219,1.33289659,1.33295417,-0.0325408578,-0.0234584901,-0.220723957,0.271044225,-0.420748293,-0.236732736,0.233673051,2.64565369e-06,0.000164314304,-3.70509952e-08,-8.88491923e-06,-1.80851712e-05,-2.80240783e-07,-0.492513329,0.622798741,-0.155250832,-2.10721374,1.85378575,1.65977216,-1.43736207,1.09320843,9.99999975e-05,0.0299999975,1.33299983,1.33299983,1.33299983
21.4,-0.499853939,0.616989553,-0.178418189,-2.08360362,1.82854891,1.64373565,-1.42576683,1.07963824,2.15853831e-07,0.0281777959,1.33290255,1.33289683,1.33295453,-0.0184403248,-0.011443424,-0.177593157,0.175835371,-0.380236,-0.393207639,0.146719754,-0.000127741179,2.14771135e-05,-0.00542890094,-0.000237610104,-0.000245986099,-0.000215539971,-0.492484927,0.623129547,-0.164145961,-2.09410048,1.82679784,1.63695538,-1.42431915,1.09321487,9.98440446e-05,0.0298358295,1.33299983,1.33299983,1.33299983
21.4666667,-0.500735462,0.61765331,-0.189012215,-2.0743525,1.80359149,1.60881782,-1.41962886,1.07960272,3.15827805e-07,0.0281758644,1.33290279,1.33289707,1.33295429,-0.01084664,0.0343954116,-0.135834128,0.105750635,-0.369177312,-0.653181672,0.0403908379,-1.00290663e-07,4.65985177e-05,-3.56594683e-08,1.59130432e-05,2.52930113e-05,3.11422627e-06,-0.492283165,0.625478089,-0.171541557,-2.08527946,1.80124676,1.59852254,-1.41827166,1.09326029,9.87368039e-05,0.0286702402,1.33299983,1.33299983,1.33299983
21.5333333,-0.501195788,0.62166059,-0.196238443,-2.06917596,1.77970147,1.55774486,-1.41996872,1.07956696,3.99895583e-07,0.0281676836,1.33288348,1.33288836,1.33292627,-0.000885231711,0.0825388134,-0.0804595798,0.0489463098,-0.347236156,-0.862297297,-0.0414434634,-1.24608982e-06,9.48526649e-05,-3.89991328e-08,3.22117412e-05,5.29665267e-05,7.12423935e-06,-0.491945058,0.62941438,-0.177613333,-2.07997918,1.77697861,1.54727161,-1.41797233,1.09333646,9.68810127e-05,0.0267166477,1.33299983,1.33299983,1.33299983
21.6,-0.500609398,0.628167331,-0.199648529,-2.06784487,1.75723565,1.49603426,-1.42455196,1.07942843,1.27449243e-06,0.027057223,1.3328532,1.33285856,1.33289516,0.0196071845,0.107569426,-0.0228193421,-0.0101920078,-0.328205526,-0.973903537,-0.0869221464,-4.25803009e-05,0.000816884916,-0.0513106808,0.000207481906,0.00044098217,-2.57510692e-07,-0.491538674,0.634144485,-0.182206824,-2.07766461,1.75416827,1.48757088,-1.42181671,1.09342802,9.46509244e-05,0.0243690461,1.33299983,1.33299983,1.33299983
21.6666667,-0.498620242,0.635522008,-0.199212968,-2.07036138,1.73597872,1.42976987,-1.43111873,1.07942879,7.762481e-07,0.0250495374,1.33281696,1.33283067,1.3328613,0.0396717303,0.109232821,0.0331540667,-0.0637996048,-0.312620759,-1.00526321,-0.103355594,-0.000607421272,0.00286513683,-0.0507478006,-0.0033966857,-0.00352409598,-0.0031847842,-0.491132408,0.638874769,-0.185167715,-2.0777986,1.73299074,1.42378855,-1.4282012,1.09351957,9.24208434e-05,0.022021452,1.33299983,1.33299983,1.33299983
21.7333333,-0.495563358,0.642383575,-0.195211992,-2.07590652,1.71582365,1.36360395,-1.43795681,1.0794282,4.30730211e-07,0.0231960602,1.33278024,1.33279872,1.33282506,0.0512092076,0.0933162645,0.0827506706,-0.10012605,-0.293655306,-0.973091066,-0.0965612605,-3.85850435e-05,0.00087559619,-0.0553284138,0.000186318066,0.000395788578,-2.18627974e-07,-0.490794241,0.642811,-0.186341494,-2.07984567,1.71362054,1.36029279,-1.43552089,1.09359562,9.05650304e-05,0.020067852,1.33299983,1.33299983,1.33299983
21.8,-0.492102861,0.647625029,-0.188235968,-2.08322024,1.69715357,1.30167758,-1.44364107,1.07942867,-8.42612291e-09,0.0216267891,1.33276105,1.33277512,1.332798,0.0518901423,0.0604162589,0.121726796,-0.117739566,-0.264743268,-0.877280116,-0.0691304058,4.7435693e-05,-0.00047202548,-1.18408934e-07,-8.86742491e-05,-0.000265497016,5.5155484e-05,-0.49059251,0.645159602,-0.185573846,-2.08326888,1.69623268,1.3014518,-1.44217181,1.09364116,8.94578043e-05,0.0189022645,1.33299983,1.33299983,1.33299983
21.8666667,-0.488939017,0.650088906,-0.179112196,-2.0911274,1.68045843,1.24835134,-1.44688702,1.07942855,-7.85065026e-08,0.0213578325,1.33275485,1.3327688,1.33278441,0.0426460505,0.0102751935,0.147429213,-0.118524902,-0.233321935,-0.714139521,-0.0239339117,2.20208676e-06,9.04022272e-06,8.70204531e-08,2.94207939e-06,2.62975846e-06,6.66586857e-07,-0.4905954,0.645126522,-0.18271026,-2.08753252,1.68100202,1.25163376,-1.4465493,1.09364045,8.94733894e-05,0.01891868,1.33299983,1.33299983,1.33299983
21.9333333,-0.486650914,0.648686171,-0.168697417,-2.09853792,1.66570044,1.20810163,-1.44648302,1.07876623,-3.55998537e-07,0.0213340819,1.33275783,1.33277059,1.33278787,0.026888879,-0.0549487136,0.161787033,-0.102883868,-0.209757447,-0.485558063,0.0418235399,1.88546801e-06,0.00207926193,-1.17252057e-07,-2.63913826e-05,-4.50993539e-05,-7.65439472e-06,-0.490870982,0.641917944,-0.177596375,-2.09209967,1.66810286,1.21520698,-1.44704938,1.09357846,9.09860973e-05,0.0205111057,1.33299983,1.33299983,1.33299983
22,-0.485636771,0.6424312,-0.15732792,-2.10491133,1.65431035,1.18596232,-1.44079709,1.07887971,-1.98321672e-07,0.021439109,1.33278751,1.3327949,1.33281887,0.00408109231,-0.133135602,0.175603822,-0.0860291421,-0.138115048,-0.17347154,0.130218059,0.000607087684,-0.00185978319,0.0499975048,0.0031792915,0.00328419614,0.00298606255,-0.491487592,0.634739995,-0.170077756,-2.09643412,1.65771079,1.19653964,-1.44206774,1.09343946,9.4370218e-05,0.0240735449,1.33299983,1.33299983,1.33299983
22.0666667,-0.486185223,0.630843341,-0.145290136,-2.1095686,1.64616024,1.18638301,-1.42874014,1.07888067,-2.14304418e-06,0.0244481042,1.3329972,1.33300376,1.33299661,-0.0170685016,-0.214589432,0.182250321,-0.0481182821,-0.132455915,0.190836638,0.233497411,5.32412741e-07,-0.0845578834,0.0607347302,0.00235663238,-0.00595863815,0.00258393399,-0.492513329,0.622798741,-0.159999996,-2.0999999,1.64999998,1.19999993,-1.42999995,1.09320843,9.99999975e-05,0.0299999993,1.33299983,1.33299983,1.33299983
22.1333333,-0.488028884,0.613460302,-0.132537514,-2.11251855,1.64076817,1.21169126,-1.4092499,1.07888067,-5.35628601e-07,0.0300460793,1.3330003,1.3330003,1.33300042,-0.0396818258,-0.306062996,0.198890194,-0.0436092466,-0.0451617837,0.544843018,0.337561905,-1.48179424e-07,1.03393886e-05,0.0971959457,-2.00585237e-05,-2.63002366e-05,-1.22339807e-05,-0.494012028,0.605352104,-0.146355063,-2.1035912,1.64487183,1.22484565,-1.41068995,1.09287083,0.000108225351,0.038658794,1.33299983,1.33299983,1.33299983
22.2,-0.491652757,0.590244353,-0.118602045,-2.11554384,1.63882649,1.25644088,-1.38442791,1.07888067,-3.56434867e-07,0.0377963111,1.33300006,1.3330003,1.3330003,-0.0668698847,-0.388522416,0.218472645,-0.0493473485,-0.0149137145,0.779296577,0.404051214,-8.80345397e-08,1.2353461e-05,0.130831465,-1.63574387e-05,-2.10996859e-05,-1.08134618e-05,-0.495948434,0.582809627,-0.128724664,-2.10823131,1.64192986,1.26567376,-1.38573968,1.09243464,0.000118853204,0.0498466939,1.33299983,1.33299983,1.33299983
22.2666667,-0.496788085,0.562055111,-0.103022218,-2.11905217,1.63856757,1.31420875,-1.35544765,1.07888067,-1.6324897e-07,0.0477865897,1.33300006,1.33300018,1.33300042,-0.0827184021,-0.454550385,0.248163864,-0.0572381578,0.00794923399,0.943584979,0.462964326,2.72461875e-07,-4.20512015e-06,0.162288547,2.70099235e-07,4.14995611e-07,5.47888703e-08,-0.498242408,0.556104779,-0.107838959,-2.11372805,1.64090264,1.31986165,-1.35618234,1.09191787,0.000131443405,0.0631003454,1.33299983,1.33299983,1.33299983
22.3333333,-0.502390325,0.530160666,-0.0850803927,-2.1230154,1.63984954,1.38167286,-1.32287788,1.07877505,-6.73488287e-08,0.0597871803,1.33300006,1.33300018,1.33300042,-0.0810091943,-0.499898285,0.288919955,-0.0638891235,0.0336896628,1.07354152,0.511205435,5.2133646e-07,1.88426166e-05,0.189934939,2.42906708e-07,2.3659004e-07,-2.78953394e-08,-0.500813663,0.526171267,-0.0844280794,-2.11988926,1.64151812,1.38478637,-1.32305169,1.09133863,0.000145555794,0.0779564083,1.33299983,1.33299983,1.33299983
22.4,-0.5074054,0.495965958,-0.0641849115,-2.12737203,1.64265549,1.45674479,-1.28760946,1.07877505,4.39961916e-08,0.0734395757,1.33300006,1.33300006,1.3330003,-0.0663772821,-0.524444342,0.335579276,-0.0699081421,0.0526638702,1.17069793,0.543146312,2.37126642e-07,2.39445617e-05,0.211634845,5.48532171e-08,7.14514954e-08,1.29360615e-07,-0.50358212,0.493942678,-0.0592222288,-2.12652302,1.64350522,1.4578253,-1.28738046,1.09071493,0.000160750234,0.0939515233,1.33299983,1.33299983,1.33299983
22.4666667,-0.511213481,0.460738152,-0.0402047113,-2.13217115,1.64639759,1.53696692,-1.25067568,1.07877505,1.93315117e-07,0.0883625597,1.33300006,1.33299994,1.33300018,-0.0462718792,-0.532044291,0.380370945,-0.07799799,0.062734291,1.22748995,0.560852826,5.71667897e-07,5.15609936e-05,0.22772406,-1.6818467e-07,-3.88291483e-07,1.27422027e-07,-0.506467581,0.46035257,-0.0329515673,-2.13343716,1.64659214,1.53635573,-1.25020266,1.090065,0.00017658656,0.110622361,1.33299983,1.33299983,1.33299983
22.5333333,-0.513661385,0.425477684,-0.0135643603,-2.13757634,1.65062094,1.61952102,-1.21302843,1.07877505,2.14547114e-07,0.104163222,1.33299994,1.33299983,1.33300006,-0.0267653279,-0.526095212,0.414472669,-0.0878991336,0.0676789656,1.24133325,0.563753843,-8.90324827e-08,6.4346721e-05,0.237870291,-1.34000402e-07,-4.7065555e-07,4.42641976e-08,-0.509389758,0.42633459,-0.00634622946,-2.14043927,1.65050709,1.61775494,-1.21255112,1.08940673,0.000192624604,0.127505556,1.33299983,1.33299983,1.33299983
22.6,-0.514926076,0.391027749,0.014747058,-2.14358854,1.65507245,1.70161974,-1.1757108,1.07877505,1.6032422e-07,0.12042769,1.33299983,1.33299983,1.33299994,-0.0116822273,-0.508007288,0.430092156,-0.0955838561,0.0695810392,1.21521258,0.550360024,-9.54493089e-07,3.45760927e-05,0.241813749,5.34970604e-06,9.5725045e-06,-6.05432433e-08,-0.512268484,0.392822266,0.0198635943,-2.14733744,1.65497863,1.69940019,-1.17545938,1.08875823,0.000208424259,0.144137785,1.33299983,1.33299983,1.33299983
22.6666667,-0.515378535,0.358172745,0.043312937,-2.14992595,1.6595695,1.78074229,-1.13986981,1.0786624,2.57614317e-07,0.136725426,1.33299983,1.33299911,1.33299983,-0.00308313174,-0.478252232,0.422336221,-0.0971515104,0.0689946786,1.15321076,0.519793928,-1.6551794e-06,-0.000588292605,0.239340872,6.88830914e-06,1.22123747e-05,1.50379492e-07,-0.515023589,0.360749245,0.0449477471,-2.15393901,1.65973532,1.77866888,-1.13996053,1.08813763,0.000223545343,0.160055682,1.33299983,1.33299983,1.33299983
22.7333333,-0.51547718,0.327680767,0.0705043003,-2.1561265,1.66394818,1.85456693,-1.10665762,1.0786624,1.23735049e-07,0.152603194,1.33299923,1.33299816,1.33299375,-0.00142491923,-0.436868221,0.38960433,-0.0909279808,0.0656053051,1.05683517,0.471398532,-1.78660412e-06,-8.86935741e-05,0.229888543,1.75201276e-05,3.53269716e-05,2.93948688e-08,-0.517574787,0.331049144,0.0681760684,-2.1600523,1.66450524,1.85293794,-1.10708809,1.0875628,0.000237547676,0.174795896,1.33299983,1.33299983,1.33299983
22.8,-0.515655994,0.300333023,0.0946974605,-2.16167331,1.66803908,1.92081165,-1.07723165,1.0786624,2.19159097e-06,0.167582855,1.33298945,1.33299363,1.33298218,-0.0055106678,-0.383387625,0.333473384,-0.0770314485,0.0588751175,0.925427735,0.407385975,1.99624264e-06,0.000175574722,0.212823346,-0.000126166793,-0.000123924881,-0.00673121959,-0.519842088,0.304655552,0.0888184011,-2.16548514,1.66901696,1.91958475,-1.07787538,1.08705211,0.000249991164,0.187895104,1.33299983,1.33299983,1.33299983
22.8666667,-0.516213179,0.276971757,0.114473097,-2.16611552,1.67157435,1.97705996,-1.05261302,1.0786624,1.4905745e-05,0.181160122,1.3329885,1.33299327,1.33297622,-0.0124790287,-0.316652179,0.258717716,-0.0573294684,0.0511347093,0.758688211,0.327135921,-8.92662911e-07,0.000153804256,0.189015269,-2.25476833e-05,-1.22398342e-05,-6.80156518e-08,-0.521745086,0.282502025,0.106144577,-2.17004514,1.67299902,1.97598684,-1.05335569,1.08662355,0.000260435656,0.198889956,1.33299983,1.33299983,1.33299983
22.9333333,-0.517231047,0.25852713,0.128747001,-2.16909194,1.67461491,2.02099037,-1.03383934,1.07847464,2.69129905e-05,0.192817971,1.33298326,1.33299291,1.33297622,-0.0193416122,-0.235220611,0.169860706,-0.0327604525,0.0411278568,0.554553092,0.233952969,-1.48377057e-06,2.06362747e-05,0.156756729,-0.000101949176,-7.47032173e-05,1.67492544e-08,-0.523203671,0.265522182,0.119424425,-2.17354035,1.67617941,2.019521,-1.03456223,1.08629489,0.000268440926,0.207317069,1.33299983,1.33299983,1.33299983
23,-0.518602073,0.246017262,0.136757091,-2.17036486,1.67687559,2.04997897,-1.02178884,1.07847464,4.09390414e-05,0.202024713,1.33295465,1.33296657,1.33297157,-0.0228613857,-0.138213873,0.0720642582,-0.00582007458,0.0266175549,0.311049432,0.125791952,4.28169296e-05,0.000554617553,0.116526894,-0.000672359951,-0.000626020948,-0.00374964718,-0.524137616,0.254649669,0.12792778,-2.17577839,1.67828691,2.04756522,-1.02252829,1.08608449,0.000273566839,0.212713122,1.33299983,1.33299983,1.33299983
23.0666667,-0.520019531,0.240498498,0.138061717,-2.1698277,1.6779362,2.06131482,-1.01743007,1.07847464,6.95131093e-05,0.208257467,1.33294082,1.33295906,1.33296227,-0.0207810123,-0.0252861418,-0.0300326813,0.0215714443,0.00513001159,0.0252357852,0.00269619492,-2.50110179e-06,0.000278186082,0.0695025325,1.20595505e-05,2.46703712e-05,-1.38825271e-08,-0.524466753,0.250818014,0.130924493,-2.17656684,1.67904973,2.05749583,-1.01828742,1.08601034,0.000275373313,0.214614779,1.33299983,1.33299983,1.33299983
23.1333333,-0.518784821,0.241936848,0.130352452,-2.17276478,1.65826082,2.05191755,-1.02934861,1.08272874,0.0054442035,0.154204845,1.32352436,1.32382667,1.32434857,0.0333937444,0.053572841,-0.136711359,-0.074351944,-0.223334029,-0.141233072,-0.276176959,-4.58137401e-06,-0.000181371812,-0.614555836,3.41995619e-05,9.39716119e-05,-5.82658686e-08,-0.524466753,0.250818014,0.130924493,-2.17656684,1.67904973,2.05749583,-1.01828742,1.24616504,0.0615150668,0.0897067562,1.33299983,1.33299983,1.33299983
23.2,-0.51529032,0.247860312,0.119045012,-2.17940569,1.64180267,2.04219079,-1.05686009,1.08273578,0.00626598345,0.0894056782,1.32345474,1.32375789,1.32427895,0.0623033717,0.116455875,-0.182003736,-0.108559214,-0.209825739,-0.141517922,-0.447139442,2.88194497e-06,-0.000155313523,-0.857030392,5.06780925e-05,0.000103867613,-1.87021215e-07,-0.524466753,0.250818014,0.130924493,-2.17656684,1.67904973,2.05749583,-1.01828742,1.24616504,0.0738421902,0,1.33299983,1.33299983,1.33299983
23.2666667,-0.510112047,0.257285893,0.104974978,-2.18754125,1.62923872,2.03245258,-1.09264994,1.0812341,0.00833936129,0.0443313681,1.32341778,1.32372427,1.32423925,0.0825232044,0.163738117,-0.214861289,-0.120903924,-0.149355516,-0.127880052,-0.564637005,1.02902559e-05,0.00702417735,-0.493969232,-7.76072557e-05,-0.000169899839,1.4345278e-07,-0.524466753,0.250818014,0.130924493,-2.17656684,1.67904973,2.05749583,-1.01828742,1.18865633,0.0724550486,0,1.33299983,1.33299983,1.33299983
23.3333333,-0.505052686,0.270361811,0.0924723074,-2.19539165,1.62675261,2.02121329,-1.13979077,1.08069086,0.00648533087,0.0211168043,1.3233887,1.32369828,1.32420874,0.0666621178,0.225826368,-0.156079456,-0.10284172,0.00324980915,-0.149262935,-0.732649803,2.2514123e-06,-3.36772064e-05,-0.233746886,1.05218787e-05,2.34210893e-05,-3.87371983e-08,-0.524466753,0.250818014,0.130924493,-2.17656684,1.67904973,2.05749583,-1.01828742,1.15138137,0.0389999971,0,1.33299983,1.33299983,1.33299983
23.4,-0.500747144,0.288159698,0.083036676,-2.19992423,1.62860143,2.01141572,-1.19083071,1.07641447,0.0136758862,0.0100595858,1.32338321,1.32369781,1.32420611,0.0617710501,0.298616499,-0.127733812,-0.037052758,0.0494067371,-0.138171405,-0.763580739,-0.0270927455,0.0895088464,-0.10761039,2.86909017e-06,5.3785152e-06,1.12730049e-07,-0.524466753,0.250818014,0.130924493,-2.17656684,1.67904973,2.05749583,-1.01828742,1.11127675,0.0522655062,0,1.33299983,1.33299983,1.33299983
23.4666667,-0.496524274,0.310269713,0.0745594129,-2.20015574,1.63100648,2.00207686,-1.24084651,1.07907295,0.0145854158,0.00463097682,1.32338548,1.32370079,1.32420921,0.0629888028,0.354370415,-0.123160146,0.0301285908,0.0417308137,-0.142131984,-0.730452597,4.28974727e-06,-0.0260511599,-0.0576136112,-0.000104542269,-0.000221362367,1.56083843e-07,-0.524466753,0.250818014,0.130924493,-2.17656684,1.67904973,2.05749583,-1.01828742,1.22791386,0.0453545675,0,1.33299983,1.33299983,1.33299983
23.5333333,-0.492987603,0.33513388,0.0680734068,-2.19718337,1.6351639,1.99214089,-1.29101729,1.07898533,0.0135560939,6.50384982e-06,1.32967436,1.32995319,1.33015931,0.0476703867,0.383860558,-0.0827764496,0.0756203979,0.0747579336,-0.17014575,-0.72977525,-1.20725799e-05,1.76291214e-05,0.000130975124,0.142425552,0.140832588,0.133534327,-0.524466753,0.250818014,0.130924493,-2.17656684,1.67904973,2.05749583,-1.01828742,1.21968639,0.0238503609,0,1.33299983,1.33299983,1.33299983
23.6,-0.489775538,0.361374706,0.0623609386,-2.19040942,1.63676631,1.98032212,-1.33756399,1.07847214,0.0152022438,2.68200711e-06,1.33300006,1.33300006,1.33299994,0.0495796911,0.392458081,-0.0905961096,0.130533993,0.0305550676,-0.204035938,-0.663608551,4.74820263e-06,2.34466643e-06,-1.96596375e-08,-2.35844982e-06,-2.65216545e-06,-2.0880675e-06,-0.524466753,0.250818014,0.130924493,-2.17656684,1.67904973,2.05749583,-1.01828742,1.17869103,0.0582286045,0,1.33299983,1.33299983,1.33299983
23.6666667,-0.486739069,0.387019217,0.0566637553,-2.18072462,1.63386869,1.96886444,-1.3760035,1.07892704,0.0137052629,2.00277691e-06,1.33299994,1.33299994,1.33300006,0.0436582081,0.371367037,-0.0841789022,0.165538281,-0.0533616953,-0.178577602,-0.518927813,-8.40921894e-06,1.64984958e-05,2.50639569e-05,-6.49231015e-06,-1.0987249e-05,-2.33873993e-06,-0.524466753,0.250818014,0.130924493,-2.17656684,1.67904973,2.05749583,-1.01828742,1.2141974,0.0274410099,0,1.33299983,1.33299983,1.33299983
23.7333333,-0.484808773,0.410676032,0.0532454476,-2.16907454,1.62687683,1.95959175,-1.40624702,1.07822347,0.0137124928,3.1378986e-06,1.33299983,1.33299971,1.33299983,0.0202714056,0.335811466,-0.0320167243,0.188905075,-0.111889012,-0.133605942,-0.401360333,-2.94043093e-06,-1.51345448e-05,-8.23950104e-05,1.273422e-05,1.41168412e-05,1.1362612e-05,-0.524466753,0.250818014,0.130924493,-2.17656684,1.67904973,2.05749583,-1.01828742,1.16177571,0.031666033,0,1.33299983,1.33299983,1.33299983
23.8,-0.4857274,0.428575039,0.0568102859,-2.162112,1.64277947,1.96511519,-1.43725765,1.06485856,0.0186126977,0.000692471804,1.33300018,1.33300018,1.33300018,-0.0247701947,0.210623682,0.0749477223,0.0399025232,0.265998989,0.100258477,-0.441534728,-0.17303431,0.101368472,9.22009349e-08,-3.39596045e-05,-3.35998302e-05,-3.32096497e-05,-0.524466753,0.250818014,0.130924493,-2.17656684,1.67904973,2.05749583,-1.01828742,1.049317,0.031527482,0,1.33299983,1.33299983,1.33299983
23.8666667,-0.488325506,0.437700212,0.0635433942,-2.16485262,1.65405095,1.97711563,-1.45740056,1.07132792,0.0250426233,0.000647827401,1.3328011,1.33270693,1.33270431,-0.0470166616,0.0760394484,0.114616528,-0.0967863724,0.172466099,0.193651482,-0.297252238,2.69733573e-06,-1.38750765e-05,2.89292075e-08,-2.49376171e-05,-4.06270265e-05,-1.37819152e-05,-0.524466753,0.250818014,0.130924493,-2.17656684,1.67904973,2.05749583,-1.01828742,1.09759641,0.0644662604,0,1.33299983,1.33299983,1.33299983
23.9333333,-0.491611451,0.43860206,0.071057111,-2.17636561,1.67020071,1.99002612,-1.48314631,1.07249832,0.0244829264,0.000688008731,1.33282948,1.33273101,1.33273315,-0.0496983863,-0.0358040147,0.106888317,-0.222295657,0.266417623,0.181114599,-0.400549382,-3.43421925e-06,9.48893721e-05,1.06170774e-07,-5.49272227e-05,-8.00697599e-05,-3.28383176e-05,-0.524466753,0.250818014,0.130924493,-2.17656684,1.67904973,2.05749583,-1.01828742,1.12332761,0.0511041097,0,1.33299983,1.33299983,1.33299983
24,-0.494249761,0.432936341,0.0758248642,-2.19454074,1.68533027,2.00488639,-1.50647533,1.0747577,0.0237725191,0.000724826765,1.33285642,1.33275485,1.33275735,-0.032400094,-0.123593159,0.0468664207,-0.302474856,0.239446998,0.210567772,-0.341814518,-8.57003397e-06,7.82583156e-05,9.17934813e-08,-4.61742165e-05,-6.25843822e-05,-3.21941916e-05,-0.524466753,0.250818014,0.130924493,-2.17656684,1.67904973,2.05749583,-1.01828742,1.18707669,0.0638569742,0,1.33299983,1.33299983,1.33299983
24.0666667,-0.496710986,0.422827959,0.0794988796,-2.21690249,1.70494211,2.01845336,-1.53402388,1.07575285,0.0236071702,0.000758938084,1.33286333,1.33275557,1.33275878,-0.041713044,-0.172793791,0.0647991598,-0.351326019,0.322194636,0.199809834,-0.426482946,-9.4766001e-06,5.36638618e-05,2.06928235e-08,-3.6101861e-05,-4.47231578e-05,-2.80971144e-05,-0.524466753,0.250818014,0.130924493,-2.17656684,1.67904973,2.05749583,-1.01828742,1.22159076,0.0785127282,0,1.33299983,1.33299983,1.33299983
24.1333333,-0.499869555,0.410386056,0.0846048594,-2.24182773,1.72739661,2.03296399,-1.56452692,1.07595563,0.0236138832,0.000784279779,1.3328625,1.33275402,1.33275843,-0.0522522405,-0.197266638,0.0876598954,-0.381873041,0.365788966,0.218749091,-0.466706514,-1.09002285e-05,2.46637064e-05,-1.09139364e-08,-2.18123587e-05,-2.25070653e-05,-1.99701062e-05,-0.524466753,0.250818014,0.130924493,-2.17656684,1.67904973,2.05749583,-1.01828742,1.24616504,0.0899947435,0,1.33299983,1.33299983,1.33299983
24.2,-0.50472033,0.397457749,0.0939633399,-2.26611829,1.74861908,2.05522561,-1.58774114,1.07613122,0.0234043133,0.000794219784,1.33279574,1.33267224,1.3326726,-0.085422419,-0.193544537,0.173850879,-0.345177233,0.340828925,0.36108008,-0.324779361,-1.14867944e-05,0.000541151327,-3.47172318e-08,-1.16179581e-06,6.70508598e-06,-7.86290911e-06,-0.524466753,0.250818014,0.130924493,-2.17656684,1.67904973,2.05749583,-1.01828742,1.24616504,0.073479794,0,1.33299983,1.33299983,1.33299983
24.2666667,-0.512525022,0.384489983,0.110992156,-2.2863915,1.77426136,2.08115911,-1.60639763,1.0759995,0.0236629192,0.0273473691,1.330845,1.33086646,1.33088851,-0.14725922,-0.207253352,0.331221014,-0.233638883,0.405370682,0.376841635,-0.210446581,4.00543213e-05,4.93334082e-05,0.352514356,-0.1065474,-0.105336078,-0.103990167,-0.524466753,0.250818014,0.130924493,-2.17656684,1.67904973,2.05749583,-1.01828742,1.24616504,0.0929858834,0.0712961257,1.33299983,1.33299983,1.33299983
24.3333333,-0.522819757,0.371873617,0.134406239,-2.30037546,1.79893506,2.11221361,-1.62450242,1.07603407,0.0239323042,0.0149045317,1.32759345,1.32771683,1.32766652,-0.154357255,-0.181296021,0.352080613,-0.19631663,0.392029017,0.467656195,-0.291207492,-6.88122964e-06,-2.94228084e-05,-0.155597299,1.06541265e-05,2.68877484e-05,-1.99361239e-08,-0.524466753,0.250818014,0.130924493,-2.17656684,1.67904973,2.05749583,-1.01828742,1.24616504,0.114401206,0,1.33299983,1.33299983,1.33299983
24.4,-0.532243729,0.362276912,0.156725094,-2.31161332,1.83003342,2.14313412,-1.65074432,1.07674634,0.0231726952,0.0081065679,1.32757342,1.32769954,1.32766283,-0.129585832,-0.120229848,0.314693868,-0.150704965,0.474699736,0.442881882,-0.412096053,7.25339078e-06,0.000232749153,-0.0694644526,2.10705912e-05,0.00216279668,3.81696736e-08,-0.524466753,0.250818014,0.130924493,-2.17656684,1.67904973,2.05749583,-1.01828742,1.24616504,0.073081255,0,1.33299983,1.33299983,1.33299983
24.4666667,-0.539777756,0.355892509,0.175442576,-2.32114506,1.85532606,2.17488766,-1.67259848,1.07676756,0.0233647041,0.00468069734,1.32729149,1.32742083,1.32739127,-0.0991086662,-0.0834961832,0.25225538,-0.137110502,0.386839926,0.451952547,-0.327215165,0.00063140085,-0.00237350632,-4.97326255e-06,0.00304566603,0.00302434247,0.00296521652,-0.524466753,0.250818014,0.130924493,-2.17656684,1.67904973,2.05749583,-1.01828742,1.24616504,0.0982287005,0,1.33299983,1.33299983,1.33299983
24.5333333,-0.544311404,0.350245267,0.18742907,-2.32954049,1.88709199,2.19610071,-1.70287657,1.07671583,0.0235601496,0.00343612302,1.33091307,1.33098972,1.33163905,-0.0550776161,-0.102076426,0.138327777,-0.13106592,0.449384928,0.253896594,-0.44187358,0.000625768327,-0.00338389375,-4.96953726e-06,0.00304015982,0.00318290549,0.053036131,-0.524466753,0.250818014,0.130924493,-2.17656684,1.67904973,2.05749583,-1.01828742,1.24616504,0.115164563,0.000567123294,1.33299983,1.33299983,1.33299983
24.6,-0.547820866,0.339714944,0.194246292,-2.33721685,1.91193008,2.21443868,-1.72048879,1.07670522,0.0235701632,0.0644650459,1.33039486,1.33045065,1.33202052,-0.0518125407,-0.176132441,0.0902759805,-0.0907322317,0.328073293,0.308227211,-0.206121743,-9.24763481e-06,-9.0193018e-05,0.973676562,2.76188948e-05,5.77039027e-05,-5.3041731e-08,-0.524466753,0.250818014,0.130924493,-2.17656684,1.67904973,2.05749583,-1.01828742,1.24616504,0.117425963,0.165681198,1.33299983,1.33299983,1.33299983
24.6666667,-0.552659035,0.330219209,0.204603732,-2.34007931,1.92943096,2.24073434,-1.73079813,1.07628489,0.0239517558,0.098258093,1.33054578,1.33059072,1.3321178,-0.0918954909,-0.109076239,0.217574418,-0.0116467178,0.244879231,0.440835685,-0.154911697,5.68487303e-06,-0.000151784683,0.391755044,0.00533731701,0.00783127174,4.98694135e-08,-0.524466753,0.250818014,0.130924493,-2.17656684,1.67904973,2.05749583,-1.01828742,1.21705604,0.134258777,0.142827988,1.33299983,1.33299983,1.33299983
24.7333333,-0.559422493,0.323902905,0.221001729,-2.34154797,1.95069909,2.26707053,-1.74834979,1.07070947,0.0265885666,0.139629006,1.3315289,1.33137417,1.33266819,-0.108069502,-0.0886465833,0.260598868,-0.0459437035,0.345603496,0.375214726,-0.310950011,1.42798344e-05,0.000185018056,0.483294874,-5.98804181e-05,-0.000123384205,1.22585334e-07,-0.524466753,0.250818014,0.130924493,-2.17656684,1.67904973,2.05749583,-1.01828742,1.09591222,0.14793545,0.192082942,1.33299983,1.33299983,1.33299983
24.8,-0.566501021,0.319444627,0.23917006,-2.34607148,1.98811114,2.28559613,-1.78624213,1.0680021,0.0276424773,0.172336668,1.33299994,1.3330003,1.33300006,-0.108419538,-0.0571605042,0.283729136,-0.0696943328,0.630497754,0.230725318,-0.622885466,1.86638972e-05,0.0200326741,0.377764434,-0.00033448395,-0.000697631913,6.81055099e-07,-0.524466753,0.250818014,0.130924493,-2.17656684,1.67904973,2.05749583,-1.01828742,1.08949733,0.154570833,0.212070793,1.33299983,1.33299983,1.33299983
24.8666667,-0.573936522,0.317082405,0.259525388,-2.34702468,2.02707124,2.30628371,-1.82099354,1.06894469,0.0274973791,0.223193154,1.33276927,1.33269095,1.33270597,-0.11002107,-0.0323593169,0.301458269,-0.00162516232,0.548052073,0.315576226,-0.500147641,1.24949438e-05,0.00106086582,0.633224607,-0.000315684825,-0.000671941089,5.38304448e-07,-0.524466753,0.250818014,0.130924493,-2.17656684,1.67904973,2.05749583,-1.01828742,1.1297636,0.164438978,0.291948944,1.33299983,1.33299983,1.33299983
24.9333333,-0.579947412,0.316060811,0.277313203,-2.34600377,2.06199455,2.32895207,-1.85535026,1.04681075,0.0347057581,0.259746432,1.33264649,1.33258307,1.33259523,-0.0725673363,-0.0105022397,0.229167864,0.0108117908,0.532674193,0.298617005,-0.522810161,-0.300467879,0.109341808,0.44857204,-0.000164890836,-0.000120806799,-0.000340039667,-0.524466753,0.250818014,0.130924493,-2.17656684,1.67904973,2.05749583,-1.01828742,1.0233072,0.149033934,0.309407949,1.33299983,1.33299983,1.33299983
25,-0.582461178,0.316242874,0.288133562,-2.34478903,2.09996676,2.34455824,-1.89605141,1.01096559,0.0377291813,0.300542861,1.33296835,1.33296883,1.33296776,-0.0150542129,0.00755455205,0.113592185,0.0113114947,0.569581091,0.17247963,-0.609883308,-0.387556791,0.000450911466,0.49813962,-0.00495435344,-0.00539473072,-2.29338184e-08,-0.524466753,0.250818014,0.130924493,-2.17656684,1.67904973,2.05749583,-1.01828742,0.936811328,0.159940258,0.355707467,1.33299983,1.33299983,1.33299983
25.0666667,-0.583460033,0.3138372,0.292829603,-2.34990859,2.13820148,2.34838915,-1.94249308,0.964614928,0.038373325,0.351453364,1.33286905,1.33287024,1.33287323,-0.0174610503,-0.0658641607,0.0459367298,-0.120750427,0.542172015,-0.00243789982,-0.633661032,-0.625400066,0.000716462731,0.84760654,-0.000239172135,-0.000492307707,3.97500116e-07,-0.524466753,0.250818014,0.130924493,-2.17656684,1.67904973,2.05749583,-1.01828742,0.866533458,0.167119354,0.454232693,1.33299983,1.33299983,1.33299983
25.1333333,-0.585555375,0.308671176,0.297296554,-2.35742259,2.17482805,2.34952998,-1.98392475,0.941346407,0.0393970348,0.404056102,1.33294451,1.3329618,1.33296967,-0.0465790704,-0.081825681,0.100091919,-0.0985680521,0.613260746,0.0127200503,-0.646767855,-0.212478086,-0.128472611,0.48921901,-0.00743718445,-0.0116168037,3.90037894e-06,-0.524466753,0.250818014,0.130924493,-2.17656684,1.67904973,2.05749583,-1.01828742,0.891102791,0.17463465,0.48700279,1.33299983,1.33299983,1.33299983
25.2,-0.589171171,0.301872641,0.3035101,-2.36631751,2.21308374,2.3520596,-2.02789569,0.921709895,0.0403064005,0.446564853,1.33209109,1.33210158,1.33229673,-0.0600487478,-0.113887839,0.0916124582,-0.143839166,0.542034566,0.02741508,-0.629994214,-0.271423638,6.73979521e-05,0.560562611,-9.66305379e-05,-0.000225792755,2.3440225e-07,-0.524466753,0.250818014,0.130924493,-2.17656684,1.67904973,2.05749583,-1.01828742,0.874148548,0.180740848,0.52155292,1.33299983,1.33299983,1.33299983
25.2666667,-0.594542384,0.295697331,0.313685596,-2.37413597,2.25141692,2.35605454,-2.07256341,0.899158239,0.0411225557,0.492700756,1.33196545,1.33197737,1.33218718,-0.0981654972,-0.100920498,0.181422517,-0.125314638,0.594456792,0.0305134524,-0.672045767,-0.25396657,4.06494364e-05,0.348341912,-8.05188902e-05,-0.000157904113,-1.29002146e-05,-0.524466753,0.250818014,0.130924493,-2.17656684,1.67904973,2.05749583,-1.01828742,0.852395058,0.185702115,0.588982105,1.33299983,1.33299983,1.33299983
25.3333333,-0.600421906,0.289820135,0.324920058,-2.38187337,2.29092789,2.36103868,-2.12031603,0.866465449,0.0431348421,0.510879874,1.33157527,1.33158553,1.33180785,-0.0964449123,-0.0953411162,0.176684573,-0.126141936,0.591015935,0.0346182287,-0.686065018,-0.408841401,0.00196550786,0.252633482,-0.000246060546,-0.000511284219,-1.19712204e-05,-0.524466753,0.250818014,0.130924493,-2.17656684,1.67904973,2.05749583,-1.01828742,0.797945201,0.189733163,0.592737854,1.33299983,1.33299983,1.33299983
25.4,-0.606829047,0.28351742,0.336373031,-2.39033985,2.32807851,2.36519623,-2.16564059,0.832776308,0.0428784415,0.520346045,1.33105159,1.33106506,1.33128953,-0.11163412,-0.0940662324,0.202791765,-0.126607686,0.575037658,0.0327549055,-0.658730924,-0.266987622,-0.0969064832,0.164147317,-0.000105757499,-0.000206910772,-1.85583485e-05,-0.524466753,0.250818014,0.130924493,-2.17656684,1.67904973,2.05749583,-1.01828742,0.753704786,0.189109921,0.589734256,1.33299983,1.33299983,1.33299983
25.4666667,-0.615076184,0.27636081,0.35055697,-2.39918447,2.3657074,2.36956358,-2.20919657,0.823526323,0.040784616,0.526605189,1.33065093,1.33067262,1.33091128,-0.135581926,-0.104286619,0.239385068,-0.119789176,0.583916903,0.086199224,-0.646668673,-0.144730806,-0.0878986493,0.1247949,-5.67040406e-05,-0.000136128394,1.59547199e-05,-0.524466753,0.250818014,0.130924493,-2.17656684,1.67904973,2.05749583,-1.01828742,0.791211367,0.179440677,0.605449915,1.33299983,1.33299983,1.33299983
25.5333333,-0.625374198,0.26860553,0.367932975,-2.40756273,2.40166998,2.37767148,-2.24946785,0.822081029,0.0404711328,0.524068832,1.3306005,1.33062828,1.33088923,-0.172519341,-0.120398253,0.291619927,-0.12479604,0.556606591,0.126976937,-0.609432578,-0.0502947047,0.00194926094,-0.0724635422,-0.00247005653,-0.00234664837,-0.00249054655,-0.524466753,0.250818014,0.130924493,-2.17656684,1.67904973,2.05749583,-1.01828742,0.822657347,0.1765306,0.577343524,1.33299983,1.33299983,1.33299983
25.6,-0.634260476,0.261948615,0.383440107,-2.41573048,2.44349217,2.3828361,-2.29170251,0.812209308,0.0383217111,0.534283519,1.33065403,1.3306824,1.33095205,-0.108322881,-0.0720631629,0.207618952,-0.103769287,0.648411334,0.0543920957,-0.611635983,-0.100981906,-0.0887470394,0.253387749,-0.000249143224,-0.000551742036,1.86183024e-05,-0.524466753,0.250818014,0.130924493,-2.17656684,1.67904973,2.05749583,-1.01828742,0.798112512,0.182281286,0.634312034,1.33299983,1.33299983,1.33299983
25.6666667,-0.642380655,0.255847096,0.397013724,-2.42497587,2.47881913,2.38459516,-2.32963371,0.802131712,0.0367826335,0.509240687,1.33035696,1.33040416,1.33067703,-0.122835472,-0.0955222994,0.198806599,-0.157998756,0.53185451,0.00585631561,-0.555401623,-0.1384473,-0.0799189433,-0.284328699,9.91253182e-06,2.33924366e-05,-4.59840521e-08,-0.524466753,0.250818014,0.130924493,-2.17656684,1.67904973,2.05749583,-1.01828742,0.753840685,0.186953738,0.515353084,1.33299983,1.33299983,1.33299983
25.7333333,-0.649862468,0.249475956,0.408674121,-2.4380548,2.51644778,2.37920165,-2.36869788,0.789497912,0.0344072059,0.492874742,1.33043945,1.33048856,1.33076167,-0.0977747664,-0.0882214829,0.152793691,-0.216547027,0.602860689,-0.135304809,-0.602656186,-0.105937123,-0.0826234296,-0.144395605,-0.000246700482,-0.000530074933,4.88013029e-07,-0.524466753,0.250818014,0.130924493,-2.17656684,1.67904973,2.05749583,-1.01828742,0.717869818,0.190750092,0.51168865,1.33299983,1.33299983,1.33299983
25.8,-0.656544209,0.243714258,0.418980598,-2.45439434,2.55616832,2.36773586,-2.40954351,0.773581624,0.0312092043,0.436244845,1.33023322,1.33028734,1.33058155,-0.0905171111,-0.0692684203,0.153778836,-0.242859378,0.650901198,-0.225932673,-0.602793753,-0.101936191,-0.175618216,-0.710842073,-2.91514443e-05,-5.56362211e-05,1.05705112e-07,-0.524466753,0.250818014,0.130924493,-2.17656684,1.67904973,2.05749583,-1.01828742,0.688643515,0.168076396,0.389323473,1.33299983,1.33299983,1.33299983
25.8666667,-0.661959231,0.239520848,0.4285191,-2.46907544,2.60081124,2.35248899,-2.45192385,0.76720202,0.0291793123,0.437363893,1.33300042,1.33300078,1.33300066,-0.0836194679,-0.061802987,0.146040946,-0.200483486,0.629248202,-0.210300758,-0.579238892,-1.21667981e-05,-0.00012307195,0.114217922,6.41487786e-05,9.12995456e-05,-2.09542122e-07,-0.524466753,0.250818014,0.130924493,-2.17656684,1.67904973,2.05749583,-1.01828742,0.664897144,0.151073709,0.471121013,1.33299983,1.33299983,1.33299983
25.9333333,-0.669061959,0.236382559,0.441717774,-2.48458791,2.64038277,2.3366065,-2.48664474,0.790002286,0.0339633338,0.377632022,1.33259892,1.33257318,1.33254445,-0.0816974789,-0.0154228993,0.185325965,-0.224713415,0.670328081,-0.267814219,-0.618695617,0.27106306,-4.56825364e-05,-0.717677414,1.49564585e-05,3.18249804e-05,4.0163286e-09,-0.524466753,0.250818014,0.130924493,-2.17656684,1.67904973,2.05749583,-1.01828742,0.823728919,0.133266896,0.316882849,1.33299983,1.33299983,1.33299983
26,-0.6728912,0.234648585,0.450155765,-2.49900675,2.68290997,2.31539273,-2.52203202,0.806689203,0.0373191722,0.386353612,1.33300066,1.33300042,1.33300078,-0.0608498529,-0.0348133966,0.119497195,-0.217890128,0.570914805,-0.318861723,-0.463341624,0.187024355,-0.000155832153,0.203724235,4.72481624e-05,0.000109128814,-9.91840352e-08,-0.524466753,0.250818014,0.130924493,-2.17656684,1.67904973,2.05749583,-1.01828742,0.837437034,0.141843989,0.422687709,1.33299983,1.33299983,1.33299983
26.0666667,-0.676926434,0.232082352,0.45794192,-2.51141739,2.72161031,2.29590559,-2.55322886,0.814456165,0.0386631377,0.425804317,1.33286512,1.3328675,1.33287418,-0.0708022043,-0.0342138149,0.139324322,-0.161137372,0.558578908,-0.265476435,-0.444527805,0.0722906291,0.000123700593,0.473887831,-6.3181622e-05,-0.000108161708,1.43190846e-07,-0.524466753,0.250818014,0.130924493,-2.17656684,1.67904973,2.05749583,-1.01828742,0.846878052,0.154098421,0.50169909,1.33299983,1.33299983,1.33299983
26.1333333,-0.68121177,0.230057701,0.466528803,-2.52155805,2.75653577,2.28148937,-2.58523679,0.812109113,0.0385620669,0.440734982,1.33281207,1.33281386,1.3328408,-0.0728730708,-0.0303190798,0.144188762,-0.150948465,0.514591813,-0.22337462,-0.453658789,-1.48401887e-06,-6.98021613e-05,0.189312786,2.06336845e-05,4.6798843e-05,2.18860805e-08,-0.524466753,0.250818014,0.130924493,-2.17656684,1.67904973,2.05749583,-1.01828742,0.793462753,0.153782398,0.482446849,1.33299983,1.33299983,1.33299983
26.2,-0.68652606,0.228161722,0.477115899,-2.53173089,2.79092264,2.26789713,-2.61828089,0.812379837,0.0387687795,0.439467669,1.33259892,1.33260489,1.3326354,-0.0913741216,-0.0294145718,0.180281937,-0.155009449,0.53125006,-0.222825721,-0.498904824,-0.0005507975,0.00240504625,4.91738319e-06,-0.00268423604,-0.00262578996,-0.00264528091,-0.524466753,0.250818014,0.130924493,-2.17656684,1.67904973,2.05749583,-1.01828742,0.790157437,0.157088265,0.46431464,1.33299983,1.33299983,1.33299983
26.2666667,-0.688656509,0.227265328,0.480936408,-2.53906298,2.80649877,2.25464535,-2.64025283,0.814358532,0.0389273874,0.436383247,1.32917356,1.32921505,1.32929385,0.0466746539,0.00570391398,-0.0969318151,-0.0557056591,-0.00104033132,-0.229557276,-0.166797116,0.0338894688,-0.00171520631,-0.0582530797,0.000604651577,0.00123404968,-1.0675285e-06,-0.524466753,0.250818014,0.130924493,-2.17656684,1.67904973,2.05749583,-1.01828742,0.811903238,0.127843365,0.459225297,1.33299983,1.33299983,1.33299983
26.3333333,-0.686088383,0.226043478,0.473636478,-2.54824638,2.80649877,2.24052787,-2.65422869,0.809238255,0.0379209742,0.389937431,1.32822716,1.32833385,1.32843959,0.053997647,-0.033746589,-0.159190476,-0.167074099,0.00449432153,-0.303164393,-0.187075421,-0.0336676463,-0.0852672681,-0.517897248,0.0533247329,0.0529742017,0.0523549765,-0.524466753,0.250818014,0.130924493,-2.17656684,1.67904973,2.05749583,-1.01828742,0.765045583,0.127991259,0.348660588,1.33299983,1.33299983,1.33299983
26.4,-0.684642971,0.223620042,0.466651261,-2.56093073,2.80649877,2.22288346,-2.66840792,0.795439482,0.0353426076,0.331953764,1.32819617,1.32830691,1.32840836,0.0266715437,-0.0310094357,-0.11411801,-0.193418175,0.00263465708,-0.291756898,-0.188171506,-0.163368285,-0.0777166784,-0.649322629,8.5523061e-05,0.000188015576,-1.61322532e-07,-0.524466753,0.250818014,0.130924493,-2.17656684,1.67904973,2.05749583,-1.01828742,0.726973772,0.142843083,0.273857892,1.33299983,1.33299983,1.33299983
26.4666667,-0.684969187,0.223084927,0.464048833,-2.56728601,2.80649805,2.21060228,-2.67649627,0.777460814,0.0319205076,0.347575307,1.32745135,1.32768345,1.32775152,-0.0307823811,0.00551241403,0.0178219117,-0.0506087281,0.00357069657,-0.125978336,-0.104078516,-0.212822452,-0.0814452544,0.298684657,4.32765592e-06,-6.21418803e-06,-1.83499651e-08,-0.524466753,0.250818014,0.130924493,-2.17656684,1.67904973,2.05749583,-1.01828742,0.696040511,0.154910192,0.387729943,1.33299983,1.33299983,1.33299983
26.5333333,-0.687050939,0.22383137,0.465105325,-2.56831956,2.80648422,2.20469213,-2.68310523,0.76887399,0.0298265126,0.39316076,1.32753384,1.32773077,1.32782745,-0.047671251,0.00258478546,0.0353096053,-0.0069456757,0.000871035154,-0.0580028445,-0.113055445,-0.0645154864,5.5024866e-05,0.641218662,-1.05196377e-05,-3.84383602e-05,2.04017852e-08,-0.524466753,0.250818014,0.130924493,-2.17656684,1.67904973,2.05749583,-1.01828742,0.67090714,0.164714709,0.480250955,1.33299983,1.33299983,1.33299983
26.6,-0.692110658,0.225084871,0.472076237,-2.56873131,2.80649877,2.20474029,-2.68438768,0.766194999,0.0288547929,0.349163473,1.32710874,1.32720852,1.32722986,-0.0435992777,0.0443260036,0.0651520789,0.0152200498,0.00200397242,0.00918915402,-0.0057206233,-9.80926416e-07,-0.0266778246,-0.523480594,-2.13611056e-05,-5.59904729e-05,3.43861757e-08,-0.524466753,0.250818014,0.130924493,-2.17656684,1.67904973,2.05749583,-1.01828742,0.65048635,0.113960981,0.305486828,1.33299983,1.33299983,1.33299983
26.6666667,-0.696607292,0.228425682,0.479793966,-2.56615496,2.806499,2.20918036,-2.68358445,0.765986562,0.0289643127,0.303012908,1.32710111,1.32720137,1.32721889,-0.069451116,0.0492861383,0.117508754,0.0579476804,-0.000118314223,0.0841067135,0.0269526131,1.57042014e-05,0.000194188498,-0.48794046,-6.0018534e-05,-0.000141436583,1.05930667e-07,-0.524466753,0.250818014,0.130924493,-2.17656684,1.67904973,2.05749583,-1.01828742,0.633894384,0.131443471,0.260564059,1.33299983,1.33299983,1.33299983
26.7333333,-0.703454494,0.230013922,0.490397871,-2.56472611,2.80647922,2.21394491,-2.67107058,0.764327586,0.0284494441,0.236974284,1.32706308,1.32716513,1.32717717,-0.118423581,0.00567531399,0.173211634,-0.00218675006,-0.003648696,0.0910253599,0.239310712,0.0584713295,0.0857721418,-1.00000024,0.000369102927,0.000664670486,6.92712783e-05,-0.524466753,0.250818014,0.130924493,-2.17656684,1.67904973,2.05749583,-1.01828742,0.620413482,0.1192922,0.126991212,1.33299983,1.33299983,1.33299983
26.8,-0.707002342,0.230639115,0.494039565,-2.56422806,2.806499,2.21510792,-2.66315293,0.763092518,0.0284163691,0.248032898,1.33152485,1.33154404,1.3314445,-0.0301180612,0.0112444079,0.0169175547,0.011243999,5.55616862e-06,0.0153843155,0.0987861976,3.61271304e-06,-0.000419405289,0.183171332,0.0641657487,0.0596913546,0.0552620925,-0.524466753,0.250818014,0.130924493,-2.17656684,1.67904973,2.05749583,-1.01828742,0.609460235,0.135775089,0.268400759,1.33299983,1.33299983,1.33299983
26.8666667,-0.706570923,0.232343048,0.491864055,-2.5624063,2.80646563,2.2155652,-2.65975189,0.766272068,0.0291975606,0.270105839,1.3330003,1.33300018,1.33299994,0.0275483988,0.0364111103,-0.0573460087,0.0363651663,-0.000418789685,-0.00988591276,0.0282881148,1.4824258e-05,0.000232012244,0.247764722,-8.10297643e-05,-0.000168677594,1.40595375e-07,-0.524466753,0.250818014,0.130924493,-2.17656684,1.67904973,2.05749583,-1.01828742,0.745949328,0.138248548,0.297441632,1.33299983,1.33299983,1.33299983
26.9333333,-0.701826572,0.234924614,0.482846975,-2.56232142,2.80647659,2.20576668,-2.66663456,0.765883327,0.0290246177,0.281797796,1.33300042,1.33300042,1.33300018,0.0900486484,0.0441262648,-0.162857234,-0.0188658554,-0.00030557625,-0.196007773,-0.126400948,1.43123216e-05,-0.000734117639,0.124865264,-7.28004743e-05,-0.000151526707,1.55644557e-07,-0.524466753,0.250818014,0.130924493,-2.17656684,1.67904973,2.05749583,-1.01828742,0.711458087,0.132273987,0.295878053,1.33299983,1.33299983,1.33299983
27,-0.697411478,0.238193169,0.475468218,-2.56311727,2.80648494,2.19525719,-2.6684072,0.770859718,0.0299443323,0.330134779,1.33248329,1.33249056,1.3325181,0.0487565659,0.0340303071,-0.0934671015,-0.0185798276,-0.00059632468,-0.127939895,-0.0241319146,0.0671648681,0.0876857787,0.549910545,-0.000275156577,-0.000550832716,5.04194759e-07,-0.524466753,0.250818014,0.130924493,-2.17656684,1.67904973,2.05749583,-1.01828742,0.775694788,0.146322802,0.40562129,1.33299983,1.33299983,1.33299983
27.0666667,-0.695696354,0.241134569,0.473228306,-2.56424403,2.80649996,2.18959594,-2.64836526,0.833959162,0.0429729894,0.321699291,1.33253169,1.33254123,1.33256614,0.00652356399,0.0392758474,0.00102719315,-0.009588168,0.00249491725,-0.0338396244,0.332050025,1.00000167,0.229007661,-0.107451431,-8.95303674e-06,-1.78848277e-05,5.18048182e-09,-0.524466753,0.250818014,0.130924493,-2.17656684,1.67904973,2.05749583,-1.01828742,0.95693934,0.134131178,0.31742537,1.33299983,1.33299983,1.33299983
27.1333333,-0.692765892,0.244034931,0.468782187,-2.5646801,2.80648303,2.18653393,-2.63663363,0.853167772,0.0441582389,0.335292339,1.33300018,1.33300018,1.3330003,0.0461064316,0.0447757021,-0.0685765669,-0.00686081033,-0.000276452629,-0.066104427,0.179447353,2.02719457e-05,-0.0897738263,0.150845945,-0.000113412614,-0.000234883584,1.98873749e-07,-0.524466753,0.250818014,0.130924493,-2.17656684,1.67904973,2.05749583,-1.01828742,0.882887483,0.147831768,0.36049825,1.33299983,1.33299983,1.33299983
27.2,-0.688582897,0.248573691,0.463782132,-2.56950688,2.80649805,2.17396355,-2.62530589,0.869060397,0.0430831909,0.276881754,1.3330003,1.33299959,1.33299994,0.091787301,0.083154954,-0.11918547,-0.0955510885,-0.0041557909,-0.275605083,0.152616531,0.211256921,-0.00125442445,-0.7705549,0.000405544124,0.000857990119,-6.90954039e-07,-0.524466753,0.250818014,0.130924493,-2.17656684,1.67904973,2.05749583,-1.01828742,0.922945499,0.144733757,0.208187759,1.33299983,1.33299983,1.33299983
27.2666667,-0.682395041,0.255120009,0.456315339,-2.57657504,2.80648708,2.15297651,-2.62026787,0.907830298,0.0403607003,0.210546106,1.33298516,1.33298802,1.33298564,0.0878113583,0.107892193,-0.0971716568,-0.100060031,0.000369302899,-0.268052161,0.0444631726,0.564870358,-0.0777446255,-0.996584237,1.85864337e-05,3.68605106e-05,-4.00759745e-08,-0.524466753,0.250818014,0.130924493,-2.17656684,1.67904973,2.05749583,-1.01828742,0.992823243,0.123263344,0.084435463,1.33299983,1.33299983,1.33299983
27.3333333,-0.678669631,0.262243241,0.453400731,-2.5796783,2.80649042,2.14624524,-2.61168432,0.973469973,0.0377409495,0.14416714,1.33258486,1.33141279,1.33132434,0.0210377108,0.0903181061,0.00164022215,-0.00360702886,1.66753307e-05,0.00526033854,0.162538856,0.999631524,-0.085249804,-0.992728949,1.40825869e-05,2.41858652e-05,-2.0605512e-08,-0.524466753,0.250818014,0.130924493,-2.17656684,1.67904973,2.05749583,-1.01828742,1.13237274,0.139001653,0.0079151839,1.33299983,1.33299983,1.33299983
27.4,-0.678281665,0.266645402,0.453381836,-2.5792985,2.806499,2.14210892,-2.60115337,0.99529779,0.0375325121,0.145828709,1.33208799,1.33241236,1.33247447,-0.0283883829,0.0402600281,0.0398544073,0.0218162704,-4.46239792e-05,-0.0178058371,0.207740232,0.124737181,-0.000196152687,0.210329875,-7.27784936e-07,8.79436266e-06,1.6138074e-08,-0.524466753,0.250818014,0.130924493,-2.17656684,1.67904973,2.05749583,-1.01828742,1.0254271,0.135145709,0.171651483,1.33299983,1.33299983,1.33299983
27.4666667,-0.682311177,0.267653435,0.458516866,-2.57810211,2.80649638,2.14709044,-2.58938718,1.00880337,0.0367731526,0.144837275,1.33182311,1.33215284,1.33221006,-0.0866178423,-0.00973785017,0.101759896,0.00786683988,-0.000309627037,0.0858235136,0.167857677,0.179150715,0.000298218045,2.36439519e-07,-0.000164507015,-0.000213753316,-0.000144080579,-0.524466753,0.250818014,0.130924493,-2.17656684,1.67904973,2.05749583,-1.01828742,1.04539084,0.0899361596,0.151062578,1.33299983,1.33299983,1.33299983
27.5333333,-0.687168241,0.264835417,0.461051911,-2.58005381,2.80649066,2.14571428,-2.58585143,0.998278916,0.0370802246,0.19479239,1.33247578,1.33290219,1.33299839,-0.0853940174,-0.0616564974,0.0455289334,-0.0528539531,0.00203897292,-0.0242998432,0.0488181412,-0.133420005,1.42016506e-05,0.67258817,-8.836083e-06,-1.48170511e-05,1.61962816e-08,-0.524466753,0.250818014,0.130924493,-2.17656684,1.67904973,2.05749583,-1.01828742,0.962671518,0.111923322,0.265557081,1.33299983,1.33299983,1.33299983
27.6,-0.695303738,0.258945048,0.467000842,-2.5896697,2.80649924,2.13611722,-2.59278679,0.958911717,0.0379603393,0.17313394,1.33246446,1.33289158,1.33299005,-0.11680609,-0.0983116701,0.0657150447,-0.188077092,0.000280919281,-0.213175222,-0.0946457312,-0.542052031,4.35637776e-06,-0.270905018,2.64306436e-07,-1.75288733e-07,-3.34148353e-09,-0.524466753,0.250818014,0.130924493,-2.17656684,1.67904973,2.05749583,-1.01828742,0.88754487,0.115836769,0.147509009,1.33299983,1.33299983,1.33299983
27.6666667,-0.705273151,0.2517066,0.474959165,-2.60302877,2.80647635,2.12846804,-2.59653521,0.908005536,0.0404787622,0.111918524,1.33074927,1.33114231,1.3312434,-0.15885292,-0.1138485,0.127649322,-0.215959772,0.00447951071,-0.131902158,-0.031247586,-0.701254129,0.00117469579,-0.748942614,-0.00038210582,-0.000793984567,6.87447027e-07,-0.524466753,0.250818014,0.130924493,-2.17656684,1.67904973,2.05749583,-1.01828742,0.826504469,0.132967561,0.0351339877,1.33299983,1.33299983,1.33299983
27.7333333,-0.714205801,0.245012,0.480800867,-2.61110353,2.80649734,2.12903714,-2.59541798,0.853876591,0.0441673771,0.115828723,1.3308115,1.33119476,1.33130419,-0.148865789,-0.0922442004,0.125451967,-0.0874423683,0.000695016817,0.0475827008,0.0328818075,-0.66147393,0.0813556388,0.0991663113,4.48230712e-05,6.80170488e-05,-8.34043021e-08,-0.524466753,0.250818014,0.130924493,-2.17656684,1.67904973,2.05749583,-1.01828742,0.776909113,0.146886319,0.12597245,1.33299983,1.33299983,1.33299983
27.8,-0.7206617,0.240941897,0.483890176,-2.61391997,2.80649376,2.12338662,-2.60302782,0.815757632,0.0395015329,0.178729147,1.33299983,1.33299994,1.33300018,-0.0786157623,-0.0334958658,0.0397567637,-0.00838418771,-0.000216101296,-0.0982232839,-0.144688576,-0.314060509,-0.0807318091,0.860974848,-8.30994541e-05,-0.000174062472,1.66019618e-07,-0.524466753,0.250818014,0.130924493,-2.17656684,1.67904973,2.05749583,-1.01828742,0.736612916,0.136527687,0.267573029,1.33299983,1.33299983,1.33299983
27.8666667,-0.72371769,0.240874738,0.484770417,-2.61285067,2.8064959,2.10837531,-2.60302901,0.844208717,0.0446875282,0.24497962,1.33300066,1.3330003,1.33300066,-0.0061961622,0.0341407955,-0.0243685804,0.0541930608,-0.000116548777,-0.221287355,-0.0557539165,0.424098432,9.47056469e-06,0.976712823,-3.35458981e-06,-6.62916955e-06,3.08336894e-08,-0.524466753,0.250818014,0.130924493,-2.17656684,1.67904973,2.05749583,-1.01828742,0.890494585,0.105793759,0.34886691,1.33299983,1.33299983,1.33299983
27.9333333,-0.720412016,0.246240839,0.479359865,-2.60609055,2.80649567,2.09622908,-2.61096859,0.843875349,0.0447449721,0.311207771,1.3330003,1.33300042,1.33300066,0.0731595531,0.105573624,-0.0983564258,0.122025177,0.00646572793,-0.200886607,-0.111967288,-0.0433540642,0.00430704746,0.982356429,-0.000452038075,-0.000906110916,7.6314609e-07,-0.524466753,0.250818014,0.130924493,-2.17656684,1.67904973,2.05749583,-1.01828742,0.828901172,0.124807611,0.448674768,1.33299983,1.33299983,1.33299983
28,-0.71759063,0.252046615,0.476322442,-2.60386968,2.80649447,2.08615708,-2.62213898,0.830599904,0.0426250659,0.299569398,1.33300018,1.33299983,1.33300042,0.0546086766,0.077981554,-0.0786283687,-0.0249287821,0.00438772514,-0.218250409,-0.152673706,-0.120575666,-0.0962210894,-0.244910687,5.97205071e-05,0.000104307488,-9.86428859e-08,-0.524466753,0.250818014,0.130924493,-2.17656684,1.67904973,2.05749583,-1.01828742,0.778856456,0.140256375,0.279831171,1.33299983,1.33299983,1.33299983
28.0666667,-0.717225373,0.255583882,0.475170821,-2.60514283,2.8064971,2.07329178,-2.62837052,0.856331885,0.0440804623,0.333651274,1.33295655,1.33297026,1.33298445,-0.0126815923,0.0621725954,0.0214605648,0.0149876,0.00446018483,-0.133769289,-0.15210402,0.329704702,-0.079200007,0.500295639,-0.000356431992,-0.00072807062,6.42787199e-07,-0.524466753,0.250818014,0.130924493,-2.17656684,1.67904973,2.05749583,-1.01828742,0.931401372,0.152808487,0.392583221,1.33299983,1.33299983,1.33299983
28.1333333,-0.720449388,0.260683596,0.482139289,-2.60211754,2.80649877,2.07809567,-2.63304353,0.857963741,0.0440961793,0.293529004,1.32948542,1.32933557,1.32924831,-0.0570022278,0.0803322494,0.114936292,0.0554861613,-7.28781015e-05,0.0741569474,-0.0268845186,-6.7811925e-09,-1.55234011e-05,-0.472881764,6.65178231e-06,1.06886519e-05,-1.9739673e-08,-0.524466753,0.250818014,0.130924493,-2.17656684,1.67904973,2.05749583,-1.01828742,0.862137914,0.163007081,0.252376854,1.33299983,1.33299983,1.33299983
28.2,-0.726008475,0.265543401,0.491868973,-2.60068321,2.8064959,2.07802248,-2.64075756,0.864348948,0.0430893227,0.244250208,1.32945895,1.32930934,1.32921267,-0.0939814374,0.0661230683,0.149741128,0.01049094,-0.00013061217,-0.0155410599,-0.13109915,0.0638989508,7.82065617e-05,-0.544710338,-2.39554793e-05,-5.32721751e-05,3.54775693e-08,-0.524466753,0.250818014,0.130924493,-2.17656684,1.67904973,2.05749583,-1.01828742,0.896175027,0.112573519,0.19237937,1.33299983,1.33299983,1.33299983
28.2666667,-0.733766437,0.269206673,0.503365159,-2.60144472,2.80649376,2.07427979,-2.65521049,0.85512805,0.0434828773,0.178243846,1.32939982,1.3292551,1.32914817,-0.127724603,0.0464743562,0.180935174,-0.0216883514,0.00247753132,-0.0352771431,-0.19794865,-0.120231636,-0.000144168298,-0.994196951,5.28840465e-05,0.000104085717,-1.08615495e-07,-0.524466753,0.250818014,0.130924493,-2.17656684,1.67904973,2.05749583,-1.01828742,0.833516479,0.0949662924,0.0715911537,1.33299983,1.33299983,1.33299983
28.3333333,-0.739163041,0.272099853,0.508708775,-2.60499001,2.80649829,2.06193089,-2.671278,0.831717074,0.0424407534,0.196833417,1.33066905,1.33057415,1.33053756,-0.0538598448,0.0440852307,0.032494247,-0.0639738142,0.00422800705,-0.212785944,-0.221811041,-0.222884536,-0.0708131343,0.261100024,-0.00032512215,-0.000702144986,5.76867023e-07,-0.524466753,0.250818014,0.130924493,-2.17656684,1.67904973,2.05749583,-1.01828742,0.782606483,0.0987952426,0.22338821,1.33299983,1.33299983,1.33299983
28.4,-0.741066039,0.274223834,0.507247567,-2.61043572,2.8065002,2.04658651,-2.68676734,0.842850506,0.0446831658,0.18831569,1.33066177,1.33057022,1.33053124,-0.0203108154,0.0245439392,-0.0383225232,-0.0960273966,-0.000103786457,-0.238181695,-0.247645035,0.15225777,-1.69443665e-05,-0.115256205,2.70272722e-06,1.24071521e-05,-3.81623977e-08,-0.524466753,0.250818014,0.130924493,-2.17656684,1.67904973,2.05749583,-1.01828742,0.863864958,0.119121313,0.177906543,1.33299983,1.33299983,1.33299983
28.4666667,-0.74154532,0.274469405,0.501843393,-2.61912894,2.80649757,2.02786183,-2.70532393,0.840506077,0.0440951958,0.169676319,1.3306545,1.33056295,1.33052468,-0.00479048956,-0.00797210727,-0.0924528763,-0.152394786,-6.19795173e-05,-0.301854372,-0.253481567,6.71080124e-06,9.99840559e-05,-0.211386085,-3.52792631e-05,-7.03680125e-05,3.11920303e-08,-0.524466753,0.250818014,0.130924493,-2.17656684,1.67904973,2.05749583,-1.01828742,0.821433425,0.0769163445,0.148938075,1.33299983,1.33299983,1.33299983
28.5333333,-0.742681146,0.274367094,0.49813661,-2.63017726,2.80649877,2.00892162,-2.72504187,0.820565283,0.0396533534,0.109757647,1.33063769,1.33054686,1.33050907,-0.0201916844,0.00559370266,-0.0425461121,-0.175513133,0.00400736416,-0.302139103,-0.281385332,-0.301114291,-0.0805870891,-0.718007565,-0.00040435046,-0.000860365108,7.1406248e-07,-0.524466753,0.250818014,0.130924493,-2.17656684,1.67904973,2.05749583,-1.01828742,0.772788882,0.0705118179,0.036295101,1.33299983,1.33299983,1.33299983
28.6,-0.743830502,0.27577734,0.495977342,-2.64075875,2.80649972,1.99116623,-2.7327323,0.789857686,0.0331761092,0.145126641,1.33058083,1.33046663,1.33043301,-0.0113566471,0.032511957,-0.0328381956,-0.135966867,-1.9799576e-05,-0.250281841,-0.0858347118,-0.444666207,-0.0995690376,0.489429981,-1.66553946e-05,-3.29768372e-05,5.21540642e-08,-0.524466753,0.250818014,0.130924493,-2.17656684,1.67904973,2.05749583,-1.01828742,0.733265281,0.0568731949,0.194710165,1.33299983,1.33299983,1.33299983
28.6666667,-0.74136734,0.281041145,0.490335345,-2.64477515,2.80649996,1.96737206,-2.73941684,0.788740277,0.0327900276,0.199113816,1.3330003,1.33300006,1.3330003,0.0562256277,0.113246381,-0.0825872421,-0.00565336552,0.00155921746,-0.318742424,-0.142699942,0.0610256679,-0.000325773028,0.609575689,8.015614e-05,0.000197722926,-9.01409294e-08,-0.524466753,0.250818014,0.130924493,-2.17656684,1.67904973,2.05749583,-1.01828742,0.797132015,0.0528597496,0.263665646,1.33299983,1.33299983,1.33299983
28.7333333,-0.741047263,0.287475765,0.489922136,-2.64025903,2.80649948,1.95690501,-2.74158525,0.806293428,0.0366174877,0.264353186,1.33255732,1.33251941,1.33255601,-0.0401707701,0.0768798143,0.0559867248,0.0960882232,0.00195202907,-0.105718449,-0.0330603607,0.230995387,0.0788988993,0.986408949,-0.000411007321,-0.000890532043,7.73870852e-07,-0.524466753,0.250818014,0.130924493,-2.17656684,1.67904973,2.05749583,-1.01828742,0.82985568,0.0817987323,0.379448742,1.33299983,1.33299983,1.33299983
28.8,-0.744899094,0.290611356,0.494135469,-2.63184977,2.80649996,1.95946133,-2.7313478,0.822389066,0.0398457386,0.330359608,1.33201516,1.33191538,1.33192647,-0.0747735575,0.0219309703,0.0730335638,0.128540784,-0.00344576943,0.0427199714,0.16902715,0.141180351,0.0760442466,0.989235878,0.000318160688,0.000654686533,-6.1863102e-07,-0.524466753,0.250818014,0.130924493,-2.17656684,1.67904973,2.05749583,-1.01828742,0.835193574,0.0625857785,0.473522484,1.33299983,1.33299983,1.33299983
28.8666667,-0.751556456,0.291085452,0.502793491,-2.62320828,2.80649972,1.97956932,-2.71819901,0.836128116,0.0431237519,0.318157732,1.32706261,1.32690012,1.32674253,-0.10990718,-0.0069414177,0.135920346,0.105103411,-0.00211104518,0.261635542,0.189424708,0.166037098,0.0777764246,-0.246721074,0.00038237276,0.000820933958,-7.47226295e-07,-0.524466753,0.250818014,0.130924493,-2.17656684,1.67904973,2.05749583,-1.01828742,0.853994906,0.089701131,0.30001992,1.33299983,1.33299983,1.33299983
28.9333333,-0.759034634,0.290611595,0.512349665,-2.61530209,2.80649972,2.00185013,-2.70705748,0.834484696,0.0431943312,0.300351024,1.32701659,1.3268435,1.32668769,-0.113888398,-0.0101384716,0.145077705,0.120054871,-4.11168658e-05,0.331375927,0.171958387,-0.0475826748,-6.88352739e-05,-0.153395534,2.72929028e-05,4.89807571e-05,1.11758709e-08,-0.524466753,0.250818014,0.130924493,-2.17656684,1.67904973,2.05749583,-1.01828742,0.804651082,0.111732349,0.29056263,1.33299983,1.33299983,1.33299983
29,-0.765137076,0.290003628,0.519327819,-2.60730886,2.8064878,2.01714325,-2.70098376,0.821790338,0.0391330123,0.33874163,1.32850718,1.32837713,1.32822335,-0.0765334815,-0.0056448481,0.0915616006,0.083802551,0.00253733713,0.232233077,-0.00354163977,-0.268808097,0.000202135649,0.190243095,-5.37234591e-05,-0.000132307992,1.49415573e-05,-0.524466753,0.250818014,0.130924493,-2.17656684,1.67904973,2.05749583,-1.01828742,0.767405093,0.129632726,0.401302516,1.33299983,1.33299983,1.33299983
29.0666667,-0.763690472,0.291506439,0.51573199,-2.60615301,2.80649519,2.01139927,-2.69749928,0.804696739,0.0368479341,0.397124797,1.3329916,1.33298302,1.33251977,0.07257054,0.0448313467,-0.110128596,-0.0080627948,0.00394104468,-0.196322978,0.039440982,-0.162096575,-0.08707726,0.734322011,-0.00041161268,-0.000885271467,7.47269951e-07,-0.524466753,0.250818014,0.130924493,-2.17656684,1.67904973,2.05749583,-1.01828742,0.744426191,0.144176766,0.491278708,1.33299983,1.33299983,1.33299983
29.1333333,-0.752029181,0.298126996,0.500487387,-2.60912228,2.80649877,1.98710775,-2.6981318,0.785650194,0.0330060348,0.419703603,1.33300054,1.33299994,1.33256543,0.234822646,0.135020092,-0.29705745,-0.0648776591,0.000156179376,-0.497049689,-0.00469764788,-0.223886505,-0.085672617,0.237560019,-0.000137227849,-0.000225128635,2.81841494e-07,-0.524466753,0.250818014,0.130924493,-2.17656684,1.67904973,2.05749583,-1.01828742,0.718776166,0.128730953,0.461146921,1.33299983,1.33299983,1.33299983
29.2,-0.73542285,0.308161855,0.479727507,-2.61146736,2.80649948,1.95548427,-2.69709253,0.767137587,0.0283701625,0.462585777,1.33242917,1.3324281,1.33295071,0.234640226,0.147499174,-0.287636638,-0.0439089239,-0.000415602059,-0.504227519,0.0338226594,3.21890693e-05,0.000459712464,0.50664103,-0.000164733035,-0.000337563688,3.27825546e-07,-0.524466753,0.250818014,0.130924493,-2.17656684,1.67904973,2.05749583,-1.01828742,0.68937993,0.0895639658,0.53990227,1.33299983,1.33299983,1.33299983
29.2666667,-0.720588624,0.320044309,0.464297324,-2.6122601,2.8065002,1.93352437,-2.69003749,0.766371131,0.0286825392,0.429869562,1.33078694,1.33048475,1.33095729,0.213213727,0.192263633,-0.214649305,0.00529960683,-0.000149598985,-0.337685317,0.121754602,5.83007932e-06,3.37287784e-05,-0.34671706,-2.0360807e-05,-8.158118e-05,3.29455361e-08,-0.524466753,0.250818014,0.130924493,-2.17656684,1.67904973,2.05749583,-1.01828742,0.665495455,0.111620903,0.409295708,1.33299983,1.33299983,1.33299983
29.3333333,-0.708934307,0.331933856,0.452881932,-2.60999846,2.80649447,1.92272127,-2.67844176,0.766886413,0.0286994353,0.416442573,1.33103621,1.33071506,1.33115411,0.111203149,0.0947596803,-0.142971188,-0.0483683012,0.0034296806,-0.28443712,0.248880714,0.0457666628,-3.53669748e-07,-0.0649515167,0.136095941,0.136148214,0.132310688,-0.524466753,0.250818014,0.130924493,-2.17656684,1.67904973,2.05749583,-1.01828742,0.720407963,0.114818245,0.427625716,1.33299983,1.33299983,1.33299983
29.4,-0.704278231,0.337069064,0.446682692,-2.61225867,2.80649924,1.90833497,-2.67579174,0.766670525,0.028731754,0.445547193,1.33209038,1.33218026,1.3321954,0.0348874182,0.0513488688,-0.0574169084,-0.0423948653,-0.000316571357,-0.21199289,0.0114541333,2.54454062e-05,-0.00219790661,0.444477528,-9.97070456e-05,-0.000199421658,2.05822289e-07,-0.524466753,0.250818014,0.130924493,-2.17656684,1.67904973,2.05749583,-1.01828742,0.690705717,0.110626236,0.512666285,1.33299983,1.33299983,1.33299983
29.4666667,-0.702127993,0.342505157,0.444980592,-2.61530137,2.80649114,1.89916134,-2.67527509,0.766879082,0.0289627016,0.388282448,1.33080244,1.33087075,1.3309449,0.0395513438,0.0973476097,-0.0424392223,-0.0428827293,0.00534017943,-0.190474644,0.0254719518,1.19416509e-05,0.000114717637,-0.668766737,-5.3615775e-05,-9.6345233e-05,1.1298107e-07,-0.524466753,0.250818014,0.130924493,-2.17656684,1.67904973,2.05749583,-1.01828742,0.698706925,0.119927779,0.331824273,1.33299983,1.33299983,1.33299983
29.5333333,-0.699932814,0.348649263,0.441962451,-2.61946321,2.80648971,1.88665485,-2.67852592,0.766600907,0.0289262999,0.322262555,1.33081365,1.33087969,1.33095706,0.0236817598,0.0859710723,-0.0413898751,-0.0750046372,0.00158876833,-0.197817162,-0.0434167422,8.26011092e-06,5.63628964e-05,-0.900863051,-2.84056714e-05,-4.91077735e-05,6.88742148e-08,-0.524466753,0.250818014,0.130924493,-2.17656684,1.67904973,2.05749583,-1.01828742,0.6750471,0.117246807,0.237147048,1.33299983,1.33299983,1.33299983
29.6,-0.697498739,0.353740454,0.435619831,-2.62480259,2.80649233,1.86570489,-2.68641019,0.766130447,0.0285373759,0.331898928,1.33299851,1.33299935,1.33299828,0.0263046119,0.0643390641,-0.0832764357,-0.0862116143,0.000240065448,-0.314822286,-0.126301169,1.5452033e-06,-4.08224878e-05,0.205738246,-0.000483491225,0.00152049353,-0.000731205451,-0.524466753,0.250818014,0.130924493,-2.17656684,1.67904973,2.05749583,-1.01828742,0.653850079,0.0861727521,0.357902378,1.33299983,1.33299983,1.33299983
29.6666667,-0.697636724,0.357421696,0.432745934,-2.62536359,2.80649948,1.85423493,-2.69281578,0.764793217,0.0279442798,0.380702168,1.33218932,1.33220708,1.33216417,-0.0481221937,0.0523648486,0.0463974699,0.0170543995,2.20763322e-05,-0.115882069,-0.118908599,-0.0434295982,-0.29873544,0.39033854,2.51613092e-05,2.81441025e-05,-3.0035153e-08,-0.524466753,0.250818014,0.130924493,-2.17656684,1.67904973,2.05749583,-1.01828742,0.636627436,0.108865544,0.456016093,1.33299983,1.33299983,1.33299983
29.7333333,-0.698410928,0.362044245,0.432128876,-2.62608504,2.80649304,1.84347451,-2.6951673,0.764453769,0.0282696635,0.411688715,1.33225715,1.33227396,1.33223295,0.00114731782,0.0789716616,-0.0260990355,-0.0211693514,0.00161971385,-0.221633866,-0.0209400021,-1.63000077e-05,0.0291361697,0.36949414,0.000317480415,0.00620597694,-1.32655259e-07,-0.524466753,0.250818014,0.130924493,-2.17656684,1.67904973,2.05749583,-1.01828742,0.622634053,0.120808974,0.469877899,1.33299983,1.33299983,1.33299983
29.8,-0.697113812,0.368436038,0.428613126,-2.62783885,2.80649209,1.82383657,-2.70590377,0.762324631,0.0279318113,0.453255683,1.33234406,1.33236039,1.33231866,0.0195989795,0.0990312472,-0.0499753356,-0.022490209,0.00105175935,-0.295881778,-0.154965132,0.0359902829,0.00562663469,0.535594106,1.44676887e-05,-2.1094922e-05,-2.31084414e-08,-0.524466753,0.250818014,0.130924493,-2.17656684,1.67904973,2.05749583,-1.01828742,0.611264467,0.137007475,0.527071476,1.33299983,1.33299983,1.33299983
29.8666667,-0.697307765,0.373904735,0.426908761,-2.62920022,2.80649805,1.80583787,-2.72081614,0.760486305,0.027535595,0.503520906,1.33179533,1.33184433,1.33190286,-0.0315635465,0.0659191906,0.0164736137,-0.0209431462,0.000592770288,-0.255616903,-0.219579056,-1.74268498e-05,-0.0311982445,0.613948405,9.64991632e-05,0.000210959348,-2.20024958e-07,-0.524466753,0.250818014,0.130924493,-2.17656684,1.67904973,2.05749583,-1.01828742,0.602026641,0.150168747,0.593465984,1.33299983,1.33299983,1.33299983
29.9333333,-0.699306607,0.376170456,0.426742554,-2.63210464,2.80649829,1.79736006,-2.73329115,0.760495365,0.027863862,0.486629665,1.33017135,1.3301928,1.33028197,-0.0373633802,0.00636033015,-0.0151885934,-0.0577793904,0.00163816591,-0.164936125,-0.147929221,1.22625643e-05,-0.000283004949,-0.16752325,0.0069158636,0.000238069406,1.57218892e-07,-0.524466753,0.250818014,0.130924493,-2.17656684,1.67904973,2.05749583,-1.01828742,0.594520926,0.160862297,0.490285993,1.33299983,1.33299983,1.33299983
30,-0.705052197,0.377615958,0.432356,-2.63228822,2.80649185,1.79839516,-2.73451114,0.760860741,0.0277572479,0.469357967,1.32984173,1.32973289,1.32976854,-0.108272173,0.0143042943,0.108514622,-0.00398893747,0.00220104726,0.0109471744,0.00693166349,1.80998759e-05,5.02532348e-05,-0.133687586,-5.30026155e-05,-0.000113736547,1.11816917e-07,-0.524466753,0.250818014,0.130924493,-2.17656684,1.67904973,2.05749583,-1.01828742,0.623996735,0.160134137,0.482400417,1.33299983,1.33299983,1.33299983
30.0666667,-0.710783839,0.378916472,0.437517911,-2.63501906,2.80648518,1.80091572,-2.74102092,0.761403024,0.0278563537,0.403648913,1.3287971,1.32875943,1.32886457,-0.0733929202,0.0207689498,0.0496554561,-0.0613569878,-0.000153884801,-0.0181244165,-0.091209963,-2.56523344e-06,-8.61529261e-05,-0.993357062,3.3947159e-05,6.50356087e-05,-8.18545232e-08,-0.524466753,0.250818014,0.130924493,-2.17656684,1.67904973,2.05749583,-1.01828742,0.646135747,0.130732849,0.307233244,1.33299983,1.33299983,1.33299983
30.1333333,-0.716304958,0.380979121,0.442536473,-2.6380229,2.80649924,1.80349481,-2.74776721,0.762692869,0.0281035677,0.336996287,1.32877946,1.3287437,1.32884419,-0.09071251,0.0296349395,0.0779546052,-0.0415194035,0.000148232095,0.00403086096,-0.0795964301,-3.16981022e-05,-0.00110385648,-0.997409403,-0.000848861178,-0.00127737084,-0.000994692324,-0.524466753,0.250818014,0.130924493,-2.17656684,1.67904973,2.05749583,-1.01828742,0.720838189,0.118295103,0.164909929,1.33299983,1.33299983,1.33299983
30.2,-0.723007262,0.383649647,0.449562013,-2.64076591,2.80648589,1.8033675,-2.75988674,0.762178957,0.0281162206,0.270385563,1.32875967,1.32872188,1.32882273,-0.10102468,0.0478761531,0.108392306,-0.0317014456,0.000594678451,0.0121034309,-0.175874025,-2.26190241e-06,-4.78062429e-05,-0.999163985,1.34018192e-05,3.07382143e-05,-9.34232958e-09,-0.524466753,0.250818014,0.130924493,-2.17656684,1.67904973,2.05749583,-1.01828742,0.691055298,0.134964958,0.168852359,1.33299983,1.33299983,1.33299983
30.2666667,-0.729310274,0.387241691,0.456194788,-2.64278078,2.80648279,1.80154967,-2.7702868,0.761948705,0.0282298289,0.22111088,1.32875657,1.32871866,1.32882023,-0.0862451792,0.0580218993,0.086750932,-0.0220471807,-0.000238144654,-0.0265298262,-0.129671186,7.07996151e-06,7.84447475e-05,-0.508084774,-2.89514501e-05,-5.85205853e-05,5.78947947e-08,-0.524466753,0.250818014,0.130924493,-2.17656684,1.67904973,2.05749583,-1.01828742,0.666856706,0.148509219,0.172236174,1.33299983,1.33299983,1.33299983
30.3333333,-0.737904608,0.388191521,0.464547664,-2.64343476,2.80648708,1.80707049,-2.77357507,0.76178515,0.0283337347,0.207303017,1.32779944,1.32773566,1.32789326,-0.170017719,-0.0226070173,0.169369787,-0.0162186492,-0.000110413603,0.0932737216,-0.0166504197,1.28801184e-06,-1.43441139e-05,-0.0996827483,-5.12358383e-07,4.08825144e-06,2.49565346e-08,-0.524466753,0.250818014,0.130924493,-2.17656684,1.67904973,2.05749583,-1.01828742,0.647195339,0.159513921,0.204141185,1.33299983,1.33299983,1.33299983
30.4,-0.751084685,0.384774894,0.476918459,-2.64288378,2.80648398,1.81508434,-2.77417397,0.761615515,0.0284098908,0.257404447,1.33050787,1.33046699,1.33057964,-0.221798688,-0.070172742,0.22139442,0.021579707,-0.000241452362,0.172682449,-0.0144762062,3.90641981e-06,-4.23751771e-07,0.689948797,0.0537080057,0.0553455986,0.053516645,-0.524466753,0.250818014,0.130924493,-2.17656684,1.67904973,2.05749583,-1.01828742,0.63122046,0.168455243,0.331085116,1.33299983,1.33299983,1.33299983
30.4666667,-0.764345348,0.380931795,0.489508927,-2.64156985,2.80649185,1.82250452,-2.78163123,0.760777652,0.027200615,0.317312211,1.33289909,1.33300102,1.33300114,-0.180402279,-0.0570801385,0.164315179,-0.0201407764,0.00903460383,0.0194062535,-0.138806581,-1.12039852e-05,0.14667739,0.797367513,8.7325112e-05,6.76199707e-05,-1.57719569e-07,-0.524466753,0.250818014,0.130924493,-2.17656684,1.67904973,2.05749583,-1.01828742,0.618240893,0.175720081,0.434227049,1.33299983,1.33299983,1.33299983
30.5333333,-0.773175716,0.378635406,0.496563256,-2.64300442,2.80649853,1.81685758,-2.79809403,0.760916054,0.0277463831,0.383385897,1.33300138,1.33300126,1.33300114,-0.102741256,-0.0183709525,0.0791058391,-0.00873683579,0.0040891692,-0.109213114,-0.266682655,-1.54413283e-05,-0.0900481567,0.996283889,-0.000186942081,-0.000429335516,3.72872819e-07,-0.524466753,0.250818014,0.130924493,-2.17656684,1.67904973,2.05749583,-1.01828742,0.607695043,0.180528268,0.518029869,1.33299983,1.33299983,1.33299983
30.6,-0.780036926,0.376643956,0.502937019,-2.64106417,2.80647254,1.82066131,-2.80522799,0.76060313,0.0278878994,0.381135583,1.33231533,1.33226156,1.33223152,-0.0936683491,-0.035943877,0.0883147418,0.0306752361,-0.001479208,0.108162008,-0.0753165185,1.40516349e-05,0.0256962627,-0.129346386,1.4922116e-06,2.26156844e-05,3.14321369e-09,-0.524466753,0.250818014,0.130924493,-2.17656684,1.67904973,2.05749583,-1.01828742,0.599126458,0.185529411,0.382661641,1.33299983,1.33299983,1.33299983
30.6666667,-0.788629413,0.371857047,0.511847734,-2.63902998,2.80647516,1.8364141,-2.80484986,0.761038899,0.0282696784,0.352261186,1.33219099,1.33209598,1.33207464,-0.150482103,-0.0943067819,0.158212915,0.0136107998,0.00322255376,0.269568145,0.0169274211,1.20242512e-05,0.000797659159,-0.35066396,-0.000254354905,-0.000547649572,5.30562829e-07,-0.524466753,0.250818014,0.130924493,-2.17656684,1.67904973,2.05749583,-1.01828742,0.623130262,0.189592823,0.321623236,1.33299983,1.33299983,1.33299983
30.7333333,-0.801521003,0.36476329,0.52658695,-2.63532758,2.80647993,1.86354303,-2.80086923,0.760906696,0.0282254219,0.319070786,1.3321923,1.33210099,1.33207202,-0.214353025,-0.118120439,0.245007306,0.0597871989,-0.000385599065,0.446294814,0.0697553605,-6.28888665e-06,-0.000241608825,-0.365183294,6.34289463e-05,0.000152169436,-1.74823072e-07,-0.524466753,0.250818014,0.130924493,-2.17656684,1.67904973,2.05749583,-1.01828742,0.611667633,0.192894354,0.288654894,1.33299983,1.33299983,1.33299983
30.8,-0.817047775,0.355321616,0.543591142,-2.63165665,2.80648136,1.89543104,-2.79640126,0.760823071,0.0279558375,0.258612841,1.33217943,1.33208823,1.33205843,-0.239368498,-0.15331167,0.256486803,0.0501713715,0.00145115936,0.484812081,0.0735998824,-6.01416104e-07,-0.00115731149,-0.718180776,3.8840808e-05,7.63289863e-05,-2.66591087e-08,-0.524466753,0.250818014,0.130924493,-2.17656684,1.67904973,2.05749583,-1.01828742,0.602354228,0.159065679,0.185542986,1.33299983,1.33299983,1.33299983
30.8666667,-0.833533704,0.344308764,0.561511219,-2.62935472,2.8064723,1.92985785,-2.79158759,0.760947287,0.0277227014,0.192388818,1.33211315,1.33202338,1.33199012,-0.251877397,-0.173306525,0.275281787,0.0191149507,-0.000271830475,0.514164925,0.0733307973,4.8115553e-06,-1.60574564e-06,-0.994590521,5.92484139e-06,5.51907578e-06,1.0477379e-09,-0.524466753,0.250818014,0.130924493,-2.17656684,1.67904973,2.05749583,-1.01828742,0.619207382,0.129248485,0.066036582,1.33299983,1.33299983,1.33299983
30.9333333,-0.848945498,0.33239764,0.577225745,-2.63027763,2.80647206,1.960742,-2.78681064,0.760818303,0.0278415624,0.200749874,1.3321116,1.33202279,1.33197486,-0.221883565,-0.182468697,0.223619372,-0.0263423175,-0.000380899059,0.452287525,0.0741729513,1.00921316e-05,5.97506878e-05,0.190677434,-1.6249076e-05,-3.98409902e-05,9.73814167e-08,-0.524466753,0.250818014,0.130924493,-2.17656684,1.67904973,2.05749583,-1.01828742,0.608480215,0.143864572,0.21887511,1.33299983,1.33299983,1.33299983
31,-0.863714933,0.32075873,0.594072104,-2.63357139,2.80648327,1.99264526,-2.78145599,0.781298816,0.0325642191,0.152095258,1.32858217,1.32844388,1.32832944,-0.215749472,-0.16855149,0.253366232,-0.0715562254,0.0038840014,0.411025673,0.0482352562,0.267193973,0.00086735934,-0.572236359,-0.000295945734,-0.000612763164,6.02856744e-07,-0.524466753,0.250818014,0.130924493,-2.17656684,1.67904973,2.05749583,-1.01828742,0.810696304,0.155740157,0.0931189433,1.33299983,1.33299983,1.33299983
31.0666667,-0.879697025,0.309319645,0.613959372,-2.64003992,2.80647326,2.01920009,-2.77949667,0.783605576,0.033199355,0.0874022767,1.32852364,1.32838857,1.32826984,-0.247597992,-0.172874898,0.308688402,-0.11110045,-0.000134281814,0.369210422,0.0397288203,4.92154868e-06,7.65779987e-05,-0.868442297,-2.41221569e-05,-5.30465331e-05,1.03726052e-07,-0.524466753,0.250818014,0.130924493,-2.17656684,1.67904973,2.05749583,-1.01828742,0.764065027,0.165389046,0,1.33299983,1.33299983,1.33299983
31.1333333,-0.893241882,0.297262549,0.627552867,-2.64424467,2.80648255,2.0392828,-2.77340341,0.794777632,0.0353536345,0.108421586,1.3323518,1.33220887,1.33209968,-0.224956036,-0.191905081,0.237442032,-0.0158391576,-0.00712005328,0.3741422,0.0977390781,0.122582398,0.0810817257,0.4493604,-0.00176678598,-0.00358660892,0.000117931515,-0.524466753,0.250818014,0.130924493,-2.17656684,1.67904973,2.05749583,-1.01828742,0.81168282,0.165095016,0.157860816,1.33299983,1.33299983,1.33299983
31.2,-0.90667665,0.286189735,0.643122613,-2.63859773,2.80649948,2.06752825,-2.76098752,0.852713227,0.0444856174,0.171638757,1.33250034,1.33195961,1.33188689,-0.215874031,-0.150337473,0.287864178,0.141291648,-0.00221648207,0.47442469,0.0932364017,0.640395463,-0.00219126791,0.997340977,0.000689375564,0.00147849298,-1.16712181e-06,-0.524466753,0.250818014,0.130924493,-2.17656684,1.67904973,2.05749583,-1.01828742,0.943862021,0.17298989,0.293482304,1.33299983,1.33299983,1.33299983
31.2666667,-0.920047879,0.276449978,0.661484659,-2.62609529,2.80649877,2.10479617,-2.75336933,0.858266115,0.0443671532,0.237616479,1.33186126,1.3313005,1.33123326,-0.192860648,-0.145014107,0.27170378,0.211149693,0.00234086113,0.571787238,0.16583392,1.08328168e-05,0.000184590928,0.992660344,-6.68009743e-05,-0.000132929126,1.10012479e-07,-0.524466753,0.250818014,0.130924493,-2.17656684,1.67904973,2.05749583,-1.01828742,0.87226218,0.179404467,0.403674781,1.33299983,1.33299983,1.33299983
31.3333333,-0.929943085,0.268715888,0.678224385,-2.611619,2.80649447,2.14813781,-2.74203634,0.862127066,0.0440319516,0.236411214,1.33096087,1.33041072,1.33033872,-0.116488241,-0.104394063,0.22106275,0.210080162,0.00046461029,0.591625333,0.17528747,0.0563949645,-0.017708201,-5.43426722e-07,0.000599083724,0.00101912208,0.000242846698,-0.524466753,0.250818014,0.130924493,-2.17656684,1.67904973,2.05749583,-1.01828742,0.896888733,0.174543232,0.243268669,1.33299983,1.33299983,1.33299983
31.4,-0.92927283,0.264534742,0.683337033,-2.59860325,2.80649424,2.18080854,-2.71447039,0.923209727,0.0398922265,0.234091863,1.33300042,1.33299983,1.33300066,0.0775448456,-0.0542931184,-0.0144718941,0.174263626,-0.000175753608,0.395900875,0.382036835,0.896758556,-0.0854299664,2.5331974e-07,-0.000154374662,-0.000200391209,-0.000113351503,-0.524466753,0.250818014,0.130924493,-2.17656684,1.67904973,2.05749583,-1.01828742,1.06775224,0.180666566,0.240199938,1.33299983,1.33299983,1.33299983
31.4666667,-0.922466695,0.261148959,0.680970252,-2.58566809,2.80649781,2.20516157,-2.69149446,0.938006461,0.0396405719,0.283854485,1.33217514,1.33217645,1.33217049,0.108377822,-0.0494293012,-0.0320489518,0.206883341,0.000369928894,0.374169469,0.361194819,0.0378390625,-9.51849215e-05,0.653687775,0.00763499457,-0.00527556334,-0.00725104194,-0.524466753,0.250818014,0.130924493,-2.17656684,1.67904973,2.05749583,-1.01828742,0.972922981,0.172797456,0.360382855,1.33299983,1.33299983,1.33299983
31.5333333,-0.913511038,0.258473247,0.677468896,-2.57234931,2.8065002,2.2338357,-2.67120433,0.924678028,0.0394759588,0.278538406,1.33112907,1.33104062,1.33104491,0.164125323,-0.0478748009,-0.109786578,0.19994694,0.000125095015,0.341772825,0.328632623,-0.133067876,-6.18281774e-07,-0.0883953869,0.0633551925,0.0643960088,0.0620351546,-0.524466753,0.250818014,0.130924493,-2.17656684,1.67904973,2.05749583,-1.01828742,0.895874202,0.120528206,0.284450591,1.33299983,1.33299983,1.33299983
31.6,-0.898484826,0.256816804,0.665697396,-2.55830503,2.80650067,2.26118088,-2.65280056,0.892139554,0.0411401875,0.321606994,1.3323251,1.33222449,1.33222258,0.213872075,-0.0492359102,-0.181750014,0.163045302,-0.00217896607,0.363753378,0.313882053,-0.463792771,0.00829028711,0.599935532,-0.00265754387,-0.00567668304,4.73856926e-06,-0.524466753,0.250818014,0.130924493,-2.17656684,1.67904973,2.05749583,-1.01828742,0.83327204,0.118693486,0.396336496,1.33299983,1.33299983,1.33299983
31.6666667,-0.879035771,0.255007863,0.646705806,-2.55002332,2.80649424,2.27432132,-2.64282846,0.851734877,0.0436539538,0.378682882,1.33284557,1.33277822,1.33300054,0.313819408,-0.0260940362,-0.319533557,0.0844207183,0.00397379138,0.0822105259,0.128887758,-0.506119907,0.00131492317,0.711529613,-0.00370393507,-0.000906685134,5.78774234e-07,-0.524466753,0.250818014,0.130924493,-2.17656684,1.67904973,2.05749583,-1.01828742,0.79693234,0.11310719,0.46730268,1.33299983,1.33299983,1.33299983
31.7333333,-0.854927182,0.254347652,0.621135771,-2.54458976,2.80649185,2.27468872,-2.62434626,0.816474259,0.0382382944,0.440283477,1.3329674,1.33292162,1.33294535,0.393343836,0.00449243467,-0.423100948,0.0770193785,9.98402829e-05,-0.0373990238,0.272540033,-0.426734895,-0.114757292,0.8247087,-0.00025061972,-0.000484263059,-3.32819764e-05,-0.524466753,0.250818014,0.130924493,-2.17656684,1.67904973,2.05749583,-1.01828742,0.752881765,0.0861710235,0.544903815,1.33299983,1.33299983,1.33299983
31.8,-0.832428932,0.256827503,0.601970553,-2.53918862,2.80649853,2.28156972,-2.60705614,0.78584826,0.032841973,0.398061603,1.33007634,1.32994235,1.33010113,0.321533531,0.0413961895,-0.260973543,0.0844948366,0.000518763671,0.0305601396,0.272454053,-0.336497843,-0.114506282,-0.577028275,-0.000295682345,-0.000560072542,5.83182555e-07,-0.524466753,0.250818014,0.130924493,-2.17656684,1.67904973,2.05749583,-1.01828742,0.717090726,0.108864143,0.358017266,1.33299983,1.33299983,1.33299983
31.8666667,-0.813900828,0.258993298,0.58839035,-2.53786612,2.80647588,2.28076291,-2.59986019,0.784396648,0.0327702872,0.331675023,1.33006728,1.32997489,1.3329531,0.248306736,0.0170028117,-0.177469924,-0.015330933,-0.000163503806,-0.0523381568,0.0730883554,-4.33037894e-06,-0.000200225506,-0.998772681,-1.51063432e-07,8.28355842e-05,0.0510802828,-0.524466753,0.250818014,0.130924493,-2.17656684,1.67904973,2.05749583,-1.01828742,0.779550672,0.127302304,0.206171945,1.33299983,1.33299983,1.33299983
31.9333333,-0.791308224,0.261738718,0.566570818,-2.54270983,2.80649495,2.25912666,-2.59400725,0.778560221,0.0315342695,0.307007879,1.33300006,1.3330003,1.33300042,0.3838135,0.046862375,-0.414095342,-0.110431857,0.0051386524,-0.440990627,0.100877166,-0.0450733267,-0.0772783235,-0.207547113,-0.000286278053,-0.00058535533,5.23816198e-07,-0.524466753,0.250818014,0.130924493,-2.17656684,1.67904973,2.05749583,-1.01828742,0.73875916,0.102514714,0.291251898,1.33299983,1.33299983,1.33299983
32,-0.765301108,0.26586476,0.538109422,-2.55362248,2.80648661,2.2258153,-2.58585215,0.771339118,0.030271491,0.243816674,1.33299994,1.33300018,1.33300018,0.411525071,0.0731719658,-0.4695535,-0.193864599,0.00453050295,-0.568369687,0.132738113,-0.050454244,-0.0822996348,-0.801376462,-8.24820017e-06,-2.51329038e-06,1.22927304e-08,-0.524466753,0.250818014,0.130924493,-2.17656684,1.67904973,2.05749583,-1.01828742,0.705616117,0.122143388,0.165723592,1.33299983,1.33299983,1.33299983
32.0666667,-0.739296317,0.270022392,0.507144868,-2.56732941,2.80649686,2.18793821,-2.57035637,0.810191751,0.0377615243,0.214306831,1.3330003,1.3330003,1.33300042,0.354327649,0.0474783406,-0.431336492,-0.206994861,0.00030310158,-0.548470318,0.231019244,0.605622292,0.127320319,-0.262546033,4.24966856e-07,-1.71699503e-06,-5.19594323e-08,-0.524466753,0.250818014,0.130924493,-2.17656684,1.67904973,2.05749583,-1.01828742,0.867724895,0.108943105,0.192325503,1.33299983,1.33299983,1.33299983
32.1333333,-0.721310019,0.270837754,0.48547864,-2.58107424,2.80649614,2.1656909,-2.54826355,0.819410086,0.0399599113,0.153663203,1.33188725,1.33185506,1.3318305,0.223233521,-0.0153835248,-0.280577123,-0.213093042,-0.000174987828,-0.277740151,0.394281715,7.90438935e-06,0.000126983738,-0.698610783,-4.23983874e-05,-9.0714937e-05,9.24483174e-08,-0.524466753,0.250818014,0.130924493,-2.17656684,1.67904973,2.05749583,-1.01828742,0.810400724,0.117195621,0.0857741386,1.33299983,1.33299983,1.33299983
32.2,-0.705563843,0.27030313,0.463928163,-2.59426808,2.80649924,2.13918543,-2.52711439,0.823827982,0.0410533585,0.183210224,1.33299184,1.33299208,1.33299088,0.257781088,0.0296565238,-0.342208266,-0.126962662,0.00151166914,-0.310574353,0.276942819,0.097446844,6.56250631e-06,0.47921133,-3.53789073e-06,-5.00990427e-06,4.31900844e-08,-0.524466753,0.250818014,0.130924493,-2.17656684,1.67904973,2.05749583,-1.01828742,0.82885015,0.128378287,0.234911874,1.33299983,1.33299983,1.33299983
32.2666667,-0.690410852,0.274346352,0.445434421,-2.59516931,2.80649948,2.12340355,-2.5017345,0.847287536,0.0448204093,0.246913284,1.33295321,1.33295524,1.33295023,0.19807221,0.080697462,-0.219856858,0.0566848479,0.000263749855,-0.165293932,0.327092499,0.157953203,-0.0815759227,0.921792805,7.8940473e-05,0.000179690687,-1.35507435e-07,-0.524466753,0.250818014,0.130924493,-2.17656684,1.67904973,2.05749583,-1.01828742,0.884581685,0.143157542,0.356086314,1.33299983,1.33299983,1.33299983
32.3333333,-0.677778363,0.282831162,0.433202893,-2.58784938,2.80649877,2.1129353,-2.47911596,0.909452736,0.040745914,0.313022017,1.33300042,1.33300018,1.33299506,0.17888847,0.15255025,-0.159940019,0.150445566,1.15767589e-05,-0.157586306,0.292939514,0.989369094,-0.0829368681,0.99276334,-2.64988812e-05,-2.66036768e-05,5.67524694e-09,-0.524466753,0.250818014,0.130924493,-2.17656684,1.67904973,2.05749583,-1.01828742,1.05775285,0.155165672,0.454540551,1.33299983,1.33299983,1.33299983
32.4,-0.671281397,0.286072612,0.426730514,-2.58548164,2.8064971,2.11241698,-2.45603728,0.930093586,0.0397187248,0.307852387,1.33108342,1.33106911,1.33106077,0.0849312693,0.0353474468,-0.0944658369,0.0249171704,-0.000326888112,0.0154634248,0.364687294,0.0680367053,0.00015541655,-0.0700749531,-4.77863359e-05,-0.0001008494,1.18423486e-07,-0.524466753,0.250818014,0.130924493,-2.17656684,1.67904973,2.05749583,-1.01828742,0.96479845,0.153347775,0.318017304,1.33299983,1.33299983,1.33299983
32.4666667,-0.667525768,0.288593471,0.42358765,-2.5823524,2.8064971,2.11640239,-2.42519975,0.982594252,0.0382240154,0.321200997,1.33111346,1.33110058,1.33108318,0.0384887829,0.0427713394,-0.0160266645,0.0650989637,0.00353002106,0.0828594565,0.405153543,0.796701968,-7.10163731e-05,0.220513523,2.34075778e-05,4.71103704e-05,-2.6957423e-08,-0.524466753,0.250818014,0.130924493,-2.17656684,1.67904973,2.05749583,-1.01828742,1.09822917,0.163445249,0.354729176,1.33299983,1.33299983,1.33299983
32.5333333,-0.665188551,0.290571272,0.421672225,-2.57885814,2.80649829,2.12268353,-2.40067911,0.989539325,0.0379327461,0.327598959,1.33111989,1.33110785,1.33107054,0.0388541482,0.0196650326,-0.0494131595,0.0331264064,-8.21317371e-06,0.0665059686,0.396992832,-0.0416972786,0.000144360936,0.13526544,-0.00750632258,0.000656646444,0.001282371,-0.524466753,0.250818014,0.130924493,-2.17656684,1.67904973,2.05749583,-1.01828742,0.997685492,0.162471876,0.353185236,1.33299983,1.33299983,1.33299983
32.6,-0.666576028,0.292005569,0.426210076,-2.57744241,2.80649853,2.12874055,-2.37063313,1.04300284,0.0364562608,0.268933654,1.32901585,1.32952237,1.32896423,-0.0488799587,0.0182044301,0.11104732,0.00935261417,4.83182193e-05,0.0611046553,0.363055706,0.74911952,-0.231089309,-0.710836709,1.38499599e-05,3.06657748e-05,-7.50878826e-09,-0.524466753,0.250818014,0.130924493,-2.17656684,1.67904973,2.05749583,-1.01828742,1.14964974,0.125571191,0.202245906,1.33299983,1.33299983,1.33299983
32.6666667,-0.670250595,0.29303354,0.434019327,-2.57603407,2.80648804,2.13522553,-2.34590507,1.06221986,0.0294391178,0.203404799,1.32900834,1.3295157,1.32895303,-0.07251665,0.00944713131,0.144103989,0.01408289,-0.000375204952,0.0964761227,0.381474555,0.0959443972,0.000165320322,-0.88987875,-5.1193434e-05,-0.000105743879,9.86619852e-08,-0.524466753,0.250818014,0.130924493,-2.17656684,1.67904973,2.05749583,-1.01828742,1.14501071,0.14087677,0.115172528,1.33299983,1.33299983,1.33299983
32.7333333,-0.675370455,0.291344911,0.44195047,-2.57728863,2.80648518,2.14064932,-2.31993675,1.04939711,0.033571206,0.158102915,1.32901454,1.3295269,1.32895935,-0.0780263394,-0.0481570475,0.101730555,-0.0429591052,0.00521822087,0.0753660426,0.4184632,-0.174304605,0.00122212619,-0.472667336,-0.000377140503,-0.000792904233,7.46178557e-07,-0.524466753,0.250818014,0.130924493,-2.17656684,1.67904973,2.05749583,-1.01828742,1.03569543,0.133431464,0.109354943,1.33299983,1.33299983,1.33299983
32.8,-0.678364873,0.286678284,0.443148851,-2.58047962,2.80648851,2.14427829,-2.29159141,1.01328468,0.0370198898,0.198502794,1.32913053,1.32962966,1.32906139,-0.0263140239,-0.0694743544,-0.0094295349,-0.0338482484,-0.000824503833,0.0865756646,0.465459555,-0.438172519,0.000503258605,0.594050288,-0.000159869582,-0.000334734417,3.21146217e-07,-0.524466753,0.250818014,0.130924493,-2.17656684,1.67904973,2.05749583,-1.01828742,0.946876824,0.125311747,0.254071295,1.33299983,1.33299983,1.33299983
32.8666667,-0.677343845,0.2835612,0.438828528,-2.57875538,2.80649805,2.1502583,-2.26205134,0.958603859,0.0376873426,0.262756318,1.33291864,1.33300006,1.33300006,0.0288945157,-0.0356069021,-0.0731984004,0.0525275767,0.00668172911,0.111807913,0.482590824,-0.731592834,-0.000497375382,0.946694672,0.0779118538,0.000263011898,-5.13333362e-07,-0.524466753,0.250818014,0.130924493,-2.17656684,1.67904973,2.05749583,-1.01828742,0.874711692,0.101848401,0.367297351,1.33299983,1.33299983,1.33299983
32.9333333,-0.677564502,0.280625552,0.438259929,-2.57714462,2.80649853,2.16304398,-2.23864579,0.897654951,0.0407379009,0.255256474,1.3330009,1.33246315,1.3325696,-0.0103865992,-0.0518147498,-0.000932072522,0.0168306399,-0.00031423755,0.182034642,0.367006809,-0.760694385,0.000131252222,-0.114726648,-5.92583456e-05,-7.60412076e-05,1.44529622e-07,-0.524466753,0.250818014,0.130924493,-2.17656684,1.67904973,2.05749583,-1.01828742,0.81607753,0.118929133,0.252519339,1.33299983,1.33299983,1.33299983
33,-0.672226429,0.281125933,0.430014133,-2.57559729,2.80649543,2.16175842,-2.21976471,0.837603331,0.0430060066,0.30204314,1.33300078,1.33300042,1.33300066,0.138324544,0.0582859963,-0.189966008,0.0222662147,-5.4798089e-05,-0.135896519,0.264192671,-0.584621549,-0.199476108,0.582087338,-1.3408423e-05,-2.65648996e-05,2.11548468e-09,-0.524466753,0.250818014,0.130924493,-2.17656684,1.67904973,2.05749583,-1.01828742,0.768437266,0.0963976309,0.370392382,1.33299983,1.33299983,1.33299983
33.0666667,-0.663832009,0.286892623,0.42055887,-2.57505822,2.80649471,2.15097284,-2.20920873,0.806599438,0.0372248664,0.317321569,1.33300042,1.33300114,1.33300066,0.136163563,0.108399354,-0.150066122,0.00783581287,-0.00446062488,-0.233346641,0.123881683,-0.280622691,-0.0176612809,0.190413237,0.000235723302,0.000488761521,-4.84506018e-07,-0.524466753,0.250818014,0.130924493,-2.17656684,1.67904973,2.05749583,-1.01828742,0.73967886,0.115301341,0.349029362,1.33299983,1.33299983,1.33299983
33.1333333,-0.654820383,0.294896036,0.410809726,-2.57753634,2.80649877,2.13288379,-2.21392512,0.781717479,0.0326103754,0.299768686,1.33296692,1.33296919,1.33296609,0.140016809,0.125135034,-0.16098915,-0.0516294278,0.00308539858,-0.327897817,-0.0867534876,-0.238973126,-0.0798353031,-0.172248602,-0.000338886166,-0.000386257074,-0.00696716737,-0.524466753,0.250818014,0.130924493,-2.17656684,1.67904973,2.05749583,-1.01828742,0.70636332,0.132532522,0.293958247,1.33299983,1.33299983,1.33299983
33.2,-0.644967079,0.304078966,0.399208248,-2.57962942,2.80649543,2.119133,-2.22097945,0.76896131,0.029662054,0.27970323,1.33278191,1.33281505,1.33283842,0.144053578,0.140806213,-0.171740025,-0.033838667,-0.000288444804,-0.199260026,-0.110643387,-0.0275757127,0.0298386458,-0.146264285,-1.76227768e-05,-6.53155148e-05,4.22005542e-08,-0.524466753,0.250818014,0.130924493,-2.17656684,1.67904973,2.05749583,-1.01828742,0.679294527,0.118246019,0.270570576,1.33299983,1.33299983,1.33299983
33.2666667,-0.636008918,0.313942671,0.388061434,-2.57975602,2.8064959,2.09954286,-2.23822975,0.766319335,0.0289169922,0.303585142,1.33300006,1.33300018,1.33300054,0.111649685,0.149436355,-0.132382944,0.000739993528,0.00151421409,-0.316192031,-0.279798865,-6.98660297e-05,-0.00105609396,0.386182308,0.000377413351,0.00077944895,-8.16624379e-07,-0.524466753,0.250818014,0.130924493,-2.17656684,1.67904973,2.05749583,-1.01828742,0.657301068,0.107931376,0.345959008,1.33299983,1.33299983,1.33299983
33.3333333,-0.63091898,0.325702667,0.384897411,-2.57925844,2.80650067,2.08570552,-2.26312184,0.76603204,0.0289421473,0.251802534,1.33118665,1.33134162,1.33162904,0.0816085637,0.174975425,-0.0804224834,0.0178543683,0.0198074244,-0.290138096,-0.353466034,0.0292489082,-0.00724901818,-0.67280072,0.0667304695,0.0661785826,0.0668582693,-0.524466753,0.250818014,0.130924493,-2.17656684,1.67904973,2.05749583,-1.01828742,0.639431357,0.115822285,0.19637461,1.33299983,1.33299983,1.33299983
33.4,-0.624469042,0.337045312,0.376417577,-2.57783508,2.80649924,2.07050776,-2.28798676,0.764379799,0.0281928554,0.263376385,1.33210588,1.33228207,1.33268583,0.0937962756,0.166867658,-0.128187165,0.00946170185,6.78672513e-05,-0.225288451,-0.375373185,5.22990467e-06,8.1458129e-06,0.202383488,-5.41784175e-06,-6.26383826e-06,5.33618731e-08,-0.524466753,0.250818014,0.130924493,-2.17656684,1.67904973,2.05749583,-1.01828742,0.624912262,0.0896395296,0.287608117,1.33299983,1.33299983,1.33299983
33.4666667,-0.621059716,0.346204847,0.372081608,-2.58076525,2.80649805,2.05388641,-2.31159496,0.78582108,0.0327753201,0.210838139,1.33209217,1.33227217,1.33268142,0.0382102467,0.100341834,-0.0832443535,-0.0725123286,0.00319751818,-0.334655374,-0.351672202,0.281334549,0.0183883011,-0.704285383,-0.00125914905,-0.00536617264,9.64697392e-07,-0.524466753,0.250818014,0.130924493,-2.17656684,1.67904973,2.05749583,-1.01828742,0.815136015,0.0949925482,0.148964494,1.33299983,1.33299983,1.33299983
33.5333333,-0.618763804,0.350898415,0.365097225,-2.5879159,2.8064971,2.02795458,-2.3249054,0.838961244,0.0439847745,0.2408465,1.33212388,1.33230543,1.33271074,0.015427202,0.0502857454,-0.0799106732,-0.130036503,-0.000364325941,-0.384864837,-0.233563781,0.718477547,0.153884158,0.442567199,-9.87331005e-05,-0.000211746985,1.9629806e-07,-0.524466753,0.250818014,0.130924493,-2.17656684,1.67904973,2.05749583,-1.01828742,0.905893326,0.116031632,0.286254048,1.33299983,1.33299983,1.33299983
33.6,-0.618907988,0.354716837,0.362354219,-2.592237,2.80649924,2.01297784,-2.34278941,0.846599758,0.0447340719,0.244794086,1.33042741,1.33052742,1.33083105,-0.0211689547,0.057043083,-0.00819082465,-0.0363742337,7.71323103e-05,-0.183925942,-0.216899112,1.07077067e-05,1.15358744e-05,-1.03842467e-07,-0.00669166911,0.000259533641,4.83737676e-05,-0.524466753,0.250818014,0.130924493,-2.17656684,1.67904973,2.05749583,-1.01828742,0.856093526,0.129620031,0.257434607,1.33299983,1.33299983,1.33299983
33.6666667,-0.621921003,0.357457966,0.363622069,-2.59748793,2.80649114,1.99952388,-2.36473203,0.836928129,0.0436300673,0.220224008,1.33042264,1.33052337,1.3308264,-0.0470095798,0.0382904261,0.00989797432,-0.0908958316,-0.000370184425,-0.212111384,-0.323843002,-0.0653281137,-0.000928208232,-0.260415494,0.00028878462,0.000618620776,-5.92801371e-07,-0.524466753,0.250818014,0.130924493,-2.17656684,1.67904973,2.05749583,-1.01828742,0.800950289,0.0992186293,0.195821598,1.33299983,1.33299983,1.33299983
33.7333333,-0.6264503,0.358983129,0.365649581,-2.59935594,2.80649662,1.99268866,-2.3823123,0.820512235,0.0403619483,0.2616629,1.33067119,1.33075428,1.33101821,-0.0869057998,0.00211156625,0.0520405471,-0.00763487397,0.00601938367,-0.0643454343,-0.231837049,-0.204338491,-0.0719560832,0.536164463,-0.000157534494,-0.000354639022,3.43687134e-07,-0.524466753,0.250818014,0.130924493,-2.17656684,1.67904973,2.05749583,-1.01828742,0.756146371,0.119465321,0.324325442,1.33299983,1.33299983,1.33299983
33.8,-0.633973718,0.358093768,0.371854097,-2.59775233,2.80649185,1.99800599,-2.39179063,0.828800142,0.041970212,0.315183073,1.32982421,1.33009613,1.329849,-0.141146138,-0.0255863275,0.142248601,0.0358642302,-0.00569319306,0.120302118,-0.157417774,0.116524667,0.0765045434,0.711571395,0.000263624883,0.000537196291,-5.38879249e-07,-0.524466753,0.250818014,0.130924493,-2.17656684,1.67904973,2.05749583,-1.01828742,0.840417266,0.119326875,0.392146349,1.33299983,1.33299983,1.33299983
33.8666667,-0.630623162,0.357944131,0.366217107,-2.59581923,2.80251503,1.99449444,-2.39041853,0.833413422,0.041722741,0.313940763,1.32981205,1.33008587,1.32983613,0.0881178528,0.0669959411,-0.157407984,0.0476401746,-0.125436664,-0.176705346,0.176106378,0.0838984251,-0.000520551112,-0.0503651723,0.000166089274,0.000353679061,-2.84868293e-06,-0.630949318,0.36375314,0.367384255,-2.59533334,2.80189347,1.98929143,-2.3825655,0.834453166,0.0409032255,0.309085846,1.33299983,1.33299983,1.33299983
33.9333333,-0.623111308,0.369679064,0.352163881,-2.59021068,2.78878784,1.97381556,-2.36811304,0.841390491,0.0417725146,0.308762908,1.32981098,1.33008409,1.32981193,0.138986737,0.284420639,-0.255481929,0.121355534,-0.266413778,-0.458348811,0.482045978,0.15731144,-5.3892727e-06,-0.13040401,4.73088585e-06,2.46905256e-06,-1.5728001e-06,-0.622609258,0.379359335,0.354970455,-2.58859205,2.78897882,1.96529698,-2.35697222,0.850041866,0.0379916169,0.292272329,1.33299983,1.33299983,1.33299983
34,-0.611568451,0.394871235,0.332476884,-2.57935476,2.76864505,1.93571818,-2.32764339,0.85446614,0.039853517,0.295235097,1.32981253,1.33008254,1.32980549,0.204865932,0.456548244,-0.329614758,0.199117213,-0.338037193,-0.658701181,0.71555692,0.232527852,-0.0242957436,-0.269735396,0.000303322275,0.000639902777,-6.2201434e-07,-0.610053301,0.402854383,0.336106449,-2.57830262,2.76906753,1.9292469,-2.31813502,0.873510599,0.0336694121,0.266959697,1.33299983,1.33299983,1.33299983
34.0666667,-0.596213341,0.428380996,0.308792442,-2.56457257,2.74409842,1.88800871,-2.27465153,0.872775614,0.0367033221,0.273864746,1.32981884,1.33008468,1.32980525,0.253989995,0.532887995,-0.378018588,0.234604567,-0.407128304,-0.758955956,0.859377444,0.313335627,-0.0771841854,-0.357529163,0.000367674482,-0.00612378772,0.00716907112,-0.594381332,0.432180256,0.31228587,-2.56523919,2.74348068,1.88436472,-2.26917744,0.9028036,0.0283706449,0.235365063,1.33299983,1.33299983,1.33299983
34.1333333,-0.578147113,0.464486599,0.282526135,-2.54873347,2.71457267,1.83580971,-2.21500897,0.896436155,0.0323302075,0.247064635,1.32981932,1.33007884,1.32978511,0.286539555,0.543629229,-0.408337086,0.235622078,-0.473715603,-0.80265373,0.917022169,0.392711639,-0.0816074982,-0.429805726,1.65331658e-05,2.11070001e-05,2.47673597e-08,-0.576692998,0.465279132,0.28500247,-2.55017519,2.71353793,1.83387434,-2.21322298,0.935865343,0.0225293394,0.199705631,1.33299983,1.33299983,1.33299983
34.2,-0.558644533,0.500483096,0.254876822,-2.53292823,2.68114042,1.7819463,-2.15334344,0.924990416,0.0262025092,0.215763614,1.32980299,1.3300525,1.32975459,0.297619194,0.534790814,-0.420564294,0.237524912,-0.52409637,-0.808364987,0.927068532,0.456477195,-0.098233372,-0.489304692,2.59510707e-05,4.40091826e-05,-2.05764081e-08,-0.558088303,0.500092983,0.25575,-2.53388524,2.68056059,1.78099978,-2.15339565,0.970640242,0.0165795311,0.162198573,1.33299983,1.33299983,1.33299983
34.2666667,-0.539140105,0.535638511,0.227040708,-2.51672482,2.64554429,1.72882795,-2.09212255,0.95675689,0.0195517614,0.181341916,1.32977247,1.33002198,1.329723,0.286732048,0.516955972,-0.414546788,0.246024221,-0.540111065,-0.7779544,0.90719682,0.487791061,-0.105690502,-0.524631262,3.2556447e-05,6.19297498e-05,-4.12692316e-08,-0.539666772,0.53456372,0.226022035,-2.51714206,2.64586759,1.72896481,-2.09281898,1.00507224,0.0109552396,0.12506102,1.33299983,1.33299983,1.33299983
34.3333333,-0.52101016,0.568911493,0.199950099,-2.50016212,2.61070943,1.67899346,-2.03334332,0.98922956,0.0125514884,0.144312307,1.33018708,1.33077168,1.33014703,0.283538669,0.477326334,-0.479915857,0.256416112,-0.346727759,-0.722909629,0.836429894,0.448121876,-0.190943614,-0.464969248,0.136751577,0.281832963,0.141011819,-0.52252841,0.566633642,0.19731234,-2.50072074,2.61078048,1.68099356,-2.03461695,1.03710616,0.00609050086,0.0905101746,1.33299983,1.33299983,1.33299983
34.4,-0.508445859,0.596961319,0.171726912,-2.48491311,2.5779407,1.63538551,-1.9787724,1.01995873,0.00721231336,0.108135566,1.33104658,1.33299828,1.33108294,0.162649661,0.387451112,-0.391596198,0.229403183,-0.501992524,-0.555427492,0.762844086,0.438501745,-0.0183833241,-0.51659584,0.000116991228,0.000450566295,-0.00124617689,-0.507772923,0.594244599,0.171114624,-2.48539495,2.57661843,1.64030969,-1.98191321,1.0646863,0.00241934112,0.0607631877,1.33299983,1.33299983,1.33299983
34.4666667,-0.498377293,0.619912922,0.14774847,-2.4704659,2.54623365,1.60473609,-1.93319213,1.0471468,0.00541774603,0.0766450241,1.33102369,1.33299685,1.33107197,0.131057486,0.292065054,-0.319748372,0.194408834,-0.452140093,-0.361728847,0.599424481,0.372058868,-0.0227319822,-0.425148726,0.000601890963,0.00119001186,0.00203785324,-0.496500075,0.615338624,0.148922548,-2.47193885,2.54470301,1.61013699,-1.93783128,1.08575666,0.000375789125,0.0380372256,1.33299983,1.33299983,1.33299983
34.5333333,-0.491476148,0.635014892,0.129826859,-2.45973182,2.51752257,1.58792973,-1.89941812,1.06914842,0.00409226632,0.0518224128,1.33099413,1.33299792,1.33106315,0.0891447067,0.160596684,-0.234529972,0.125162467,-0.424222231,-0.15462628,0.432545006,0.290672511,-0.00669895858,-0.320371091,-0.00191968854,0.000530333084,-0.00183564483,-0.489458352,0.628515303,0.131731436,-2.46099687,2.51575541,1.59275973,-1.90442181,1.09891856,9.99999975e-05,0.0238412004,1.33299983,1.33299983,1.33299983
34.6,-0.486395776,0.642023802,0.115221202,-2.45209765,2.49045181,1.58135343,-1.87425435,1.07830274,0.00251473999,0.0344342776,1.33116102,1.33299673,1.33128417,0.0553468131,0.0580030158,-0.205522597,0.113754801,-0.42367819,-0.0451476797,0.348827839,-6.60182341e-05,-0.0139009245,-0.220755488,0.000556041719,0.00458066398,-1.11684494e-06,-0.485089749,0.636689961,0.117316991,-2.45207763,2.48700643,1.58406961,-1.87687385,1.10708404,9.99999975e-05,0.0150341243,1.33299983,1.33299983,1.33299983
34.6666667,-0.484200686,0.643992186,0.102895968,-2.44499516,2.46209812,1.58017814,-1.85161948,1.07910001,0.000448917213,0.0171298627,1.33117747,1.33299828,1.33131278,0.0173071977,0.00762228016,-0.170125276,0.0999970734,-0.450456291,0.0108942278,0.331394196,0.0282198396,-0.0897599235,-0.113534369,-2.53718463e-06,-0.000556930085,-6.717313e-07,-0.482737452,0.641091704,0.104814686,-2.44456458,2.45789576,1.58202422,-1.85342014,1.11148083,0.000100000005,0.0102918511,1.33299983,1.33299983,1.33299983
34.7333333,-0.483365208,0.643759072,0.0920808911,-2.43773913,2.43125558,1.58369446,-1.83120334,1.07925379,1.65455177e-07,0.0127092842,1.33117366,1.33299434,1.33131206,0.0053648944,-0.013255991,-0.152173474,0.114967883,-0.466746271,0.0886503235,0.282441139,-0.000556044281,0.00221724878,-0.0552556738,-0.00315759471,-0.00330112642,-0.00292878598,-0.482034743,0.642406464,0.0937776044,-2.43791533,2.42840791,1.58533287,-1.83320057,1.11279416,9.99999975e-05,0.00887532625,1.33299983,1.33299983,1.33299983
34.8,-0.483446062,0.642139018,0.0827196017,-2.43039894,2.400244,1.59112537,-1.81375289,1.07925355,2.91359754e-07,0.0113882972,1.33117032,1.33298838,1.33131289,-0.00733875483,-0.0357701778,-0.130777985,0.103265591,-0.468412101,0.133713037,0.244723007,1.48704348e-05,-7.35349022e-05,-0.00116232969,0.000149167521,0.000130475921,0.000163184668,-0.482615232,0.641320407,0.0837587863,-2.43158793,2.39852548,1.59270513,-1.81535566,1.11170936,0.000100000005,0.0100454995,1.33299983,1.33299983,1.33299983
34.8666667,-0.484227419,0.639088392,0.0743921325,-2.4238255,2.36911798,1.60129058,-1.79798126,1.07925355,2.13722799e-08,0.011374901,1.33116972,1.33298075,1.33131266,-0.0153071117,-0.0549438,-0.120971911,0.0920479894,-0.473863333,0.169683531,0.2302486,1.96348037e-06,-2.0794987e-06,-8.65838956e-08,9.43507621e-06,-1.74432516e-05,1.38867617e-05,-0.484112144,0.638519228,0.0743112713,-2.42503929,2.36823106,1.6028502,-1.7990253,1.10891128,9.99999902e-05,0.0130633088,1.33299983,1.33299983,1.33299983
34.9333333,-0.485401094,0.635133326,0.0664027929,-2.41775584,2.33749413,1.61333799,-1.7826736,1.07918358,5.87337183e-07,0.0126117868,1.3311739,1.33297586,1.33131611,-0.0195993632,-0.0613518953,-0.121377416,0.0938806012,-0.476898015,0.189687774,0.231349945,-4.27830382e-05,0.000844786642,1.39843905e-07,0.000116577139,0.000285353977,-3.68463807e-05,-0.486158997,0.634689152,0.0649881139,-2.41772747,2.33750892,1.61447787,-1.78334999,1.10508549,0.000100000005,0.0171897039,1.33299983,1.33299983,1.33299983
35,-0.486840576,0.631203055,0.0579770096,-2.41086078,2.30576849,1.62592614,-1.76687479,1.07916951,-6.24184153e-08,0.0157119725,1.33117723,1.33297718,1.33131838,-0.0230325088,-0.0554755479,-0.134066239,0.115574211,-0.477743208,0.185706258,0.236886099,-0.0278713442,-1.78543378e-05,0.0558911301,-1.17219461e-05,-2.69161756e-05,4.65079211e-08,-0.488389134,0.630516052,0.0553423651,-2.40911007,2.30634141,1.62629712,-1.76746953,1.1009171,9.99999975e-05,0.0216856245,1.33299983,1.33299983,1.33299983
35.0666667,-0.488402277,0.627876759,0.0482917018,-2.40201473,2.27373219,1.63751578,-1.74992645,1.07911241,-5.81781805e-08,0.0197172556,1.33120418,1.33297718,1.33131838,-0.0231390093,-0.044112362,-0.158116549,0.151184708,-0.483001441,0.160014719,0.265778661,7.4646232e-07,-1.35129658e-05,0.0602062419,-1.25253573e-05,-2.90216249e-05,9.44419298e-08,-0.490435958,0.626685977,0.0449270643,-2.39864421,2.27471185,1.63701761,-1.7505244,1.09709132,9.99999975e-05,0.0258120168,1.33299983,1.33299983,1.33299983
35.1333333,-0.489803702,0.625445545,0.0367230102,-2.39042091,2.24135613,1.64669871,-1.73115158,1.0790416,-2.3498032e-08,0.023623893,1.3312341,1.33297718,1.33131874,-0.0181038454,-0.028447127,-0.189898133,0.197702944,-0.488038331,0.113999389,0.298978984,1.43700913e-06,1.43557577e-06,0.0542662442,-1.28508254e-05,-2.86789727e-05,8.90431693e-08,-0.491932899,0.623884857,0.0332952589,-2.38578868,2.24260402,1.64534879,-1.73165441,1.09429336,0.000100000005,0.0288298279,1.33299983,1.33299983,1.33299983
35.2,-0.490650773,0.624303341,0.0228546951,-2.37536287,2.20863795,1.65212393,-1.70975268,1.07904136,1.15232694e-07,0.0267053116,1.33124745,1.33298278,1.33132243,-0.00647201715,-0.0049416949,-0.226473927,0.254717857,-0.491403461,0.0474162996,0.34412545,3.09423194e-05,-0.000419027405,0.0524214804,0.0011514686,-0.000235402491,0.00112938148,-0.492513329,0.622798741,0.0199999996,-2.36999989,2.21000004,1.64999998,-1.70999992,1.09320843,9.99999975e-05,0.0299999993,1.33299983,1.33299983,1.33299983
35.2666667,-0.49105376,0.62480098,0.00715857977,-2.35586619,2.17496872,1.65471172,-1.68476593,1.079041,9.94759148e-07,0.0283388868,1.33125734,1.33299315,1.33132339,-0.00406997511,0.0160253197,-0.24439685,0.330439031,-0.522105634,0.0474294871,0.406098247,1.07873893e-06,-0.000715669245,-1.33586582e-08,1.85563695e-05,4.05361025e-05,-1.78086339e-07,-0.492513359,0.622798741,0.00446537742,-2.34995437,2.17597246,1.65379548,-1.68491304,1.09320843,0.000100000005,0.0299999993,1.33299983,1.33299983,1.33299983
35.3333333,-0.490987033,0.626033127,-0.00979624316,-2.33150864,2.13917661,1.65917039,-1.65601158,1.079041,2.45002667e-07,0.0283663124,1.33125734,1.33300006,1.33132339,0.00598623697,0.0165607426,-0.264939666,0.395119369,-0.550377548,0.088867791,0.450254858,-5.59669024e-06,-7.27590814e-05,-3.3469405e-08,-2.9536528e-05,-3.12050979e-05,-2.72414291e-05,-0.492513329,0.622798741,-0.0131715517,-2.32545638,2.1400013,1.659729,-1.65692353,1.09320843,9.99999975e-05,0.0299999993,1.33299983,1.33299983,1.33299983
35.4,-0.490446478,0.626810074,-0.0280722044,-2.30354834,2.10180354,1.66597044,-1.6253072,1.07904112,-7.58723147e-08,0.0284063462,1.3312577,1.33300006,1.3313235,0.00894057564,0.00448938739,-0.28376466,0.439524591,-0.56881994,0.112837456,0.466871083,-1.09185021e-06,-3.96138421e-05,3.51318449e-05,-2.67110227e-06,1.25795827e-06,-4.80501694e-06,-0.492513359,0.622798741,-0.0322882943,-2.2976563,2.10268211,1.6667639,-1.6269387,1.09320843,9.99999975e-05,0.0299999993,1.33299983,1.33299983,1.33299983
35.4666667,-0.490012109,0.626741707,-0.0475170538,-2.27305079,2.06359506,1.67335618,-1.5940181,1.07904112,-9.14830167e-08,0.0284318607,1.33125639,1.33299983,1.33132207,0.00359338801,-0.00761539303,-0.300153434,0.472027838,-0.575658858,0.107622415,0.469453514,-5.94655739e-06,-4.67773352e-05,1.57364411e-07,-1.62989309e-05,-4.71211524e-06,-2.33261453e-05,-0.492513329,0.622798741,-0.0522623584,-2.26770449,2.06461191,1.67386365,-1.59586549,1.09320843,0.000100000005,0.0300000012,1.33299983,1.33299983,1.33299983
35.5333333,-0.490086824,0.626006663,-0.0679296404,-2.24075222,2.02537465,1.67967236,-1.56292355,1.07904112,-1.74858101e-07,0.0284515303,1.33125603,1.33299994,1.33132172,-0.00548410788,-0.0158617608,-0.31260106,0.492479265,-0.570033431,0.0826949403,0.46123299,3.83296938e-05,0.000220667309,1.14145223e-07,-0.000326398731,-0.000333684933,-0.00706428662,-0.492513299,0.622798681,-0.0724712461,-2.2367506,2.02638578,1.67999125,-1.5646106,1.09320831,9.99999902e-05,0.0299999975,1.33299983,1.33299983,1.33299983
35.6,-0.490786821,0.624807596,-0.0889599621,-2.20767951,1.98784161,1.68391013,-1.53279078,1.07904112,-9.1261235e-08,0.0284644011,1.33125305,1.33299804,1.33131826,-0.0146014262,-0.0220707469,-0.318219513,0.493657619,-0.555337369,0.0460140444,0.440495342,-2.80747736e-06,-4.9291848e-05,1.8029823e-07,-6.32970477e-06,3.12904376e-06,-1.00357756e-05,-0.492513359,0.6227988,-0.0922924727,-2.20594525,1.98860061,1.68411088,-1.53408158,1.09320843,0.000100000005,0.0300000012,1.33299983,1.33299983,1.33299983
35.6666667,-0.492047518,0.623232186,-0.11003641,-2.17532063,1.95155263,1.68534982,-1.50448549,1.07904112,-2.48282674e-08,0.0284704864,1.33125305,1.33299398,1.33131826,-0.0220710728,-0.0270151626,-0.313539267,0.47092104,-0.533795118,-0.00177102932,0.406951576,-6.30360319e-07,-1.06392499e-05,4.64933692e-09,-3.26348163e-06,3.1315627e-05,-2.77421759e-06,-0.492513299,0.622798681,-0.11110352,-2.17643857,1.95185173,1.68518519,-1.50518513,1.09320843,9.99999975e-05,0.0299999975,1.33299983,1.33299983,1.33299983
35.7333333,-0.493729591,0.621399939,-0.130374029,-2.14527774,1.91696382,1.68316519,-1.47884059,1.07904112,1.04622615e-07,0.0284704082,1.33125305,1.33299398,1.33131826,-0.0272887908,-0.0292912312,-0.295596153,0.42472145,-0.503979027,-0.0635035411,0.361096203,8.04125875e-07,1.49559833e-06,4.49945219e-08,-1.90023093e-06,-1.01595606e-05,3.16883961e-06,-0.492513359,0.622798741,-0.128281951,-2.14938116,1.91673589,1.6821779,-1.47882831,1.09320843,0.000100000005,0.0300000012,1.33299983,1.33299983,1.33299983
35.8,-0.495676816,0.619526565,-0.149041876,-2.11903477,1.88463807,1.6763221,-1.45664907,1.07904112,4.581089e-07,0.0284652021,1.33125305,1.33299398,1.33131826,-0.0300745908,-0.0278720334,-0.263146371,0.357707858,-0.466116339,-0.142087206,0.303586662,2.10176313e-06,-0.000265358336,6.08197297e-08,2.31972808e-06,-5.86498172e-05,9.41046164e-06,-0.492513329,0.622798741,-0.143205196,-2.12592268,1.88384831,1.67405236,-1.45591831,1.09320843,9.99999975e-05,0.0299999993,1.33299983,1.33299983,1.33299983
35.8666667,-0.497715771,0.617839098,-0.165065482,-2.09791589,1.85509753,1.66365862,-1.43870687,1.07904112,5.89904494e-06,0.0284559652,1.33125389,1.33299232,1.33132076,-0.0301893428,-0.0234886035,-0.216023371,0.271797866,-0.420091957,-0.238456905,0.23357594,2.54434241e-07,0.000163198041,-1.20824552e-07,1.59770716e-05,-1.89002385e-05,-3.17214872e-05,-0.492513329,0.622798741,-0.155250832,-2.10721374,1.85378575,1.65977216,-1.43736207,1.09320843,9.99999975e-05,0.0299999975,1.33299983,1.33299983,1.33299983
35.9333333,-0.499491721,0.616587281,-0.17781131,-2.08306456,1.82874906,1.64341211,-1.42591882,1.07904112,2.27346882e-05,0.0284437668,1.33125901,1.33298957,1.33131933,-0.0176175591,-0.00965548959,-0.175613984,0.174634442,-0.38134861,-0.39403981,0.147646815,2.93429844e-06,0.000123785736,9.63773346e-08,6.79625373e-06,-2.44435068e-06,1.35935625e-05,-0.492484927,0.623129547,-0.164145961,-2.09410048,1.82679784,1.63695538,-1.42431915,1.09321487,9.98440446e-05,0.0298358295,1.33299983,1.33299983,1.33299983
36,-0.500356138,0.617406726,-0.188363761,-2.07395554,1.80363274,1.60848284,-1.41971385,1.07895648,4.4864355e-05,0.0284271501,1.33125901,1.33298957,1.33131933,-0.0111485766,0.0371217132,-0.13631922,0.102727503,-0.371707767,-0.652508318,0.0414090827,2.52852669e-06,0.000200424518,1.5826663e-07,1.78576574e-05,1.57637332e-05,1.67421749e-05,-0.492283165,0.625478089,-0.171541557,-2.08527946,1.80124676,1.59852254,-1.41827166,1.09326029,9.87368039e-05,0.0286702402,1.33299983,1.33299983,1.33299983
36.0666667,-0.500869513,0.621607661,-0.195682675,-2.06901622,1.77959418,1.557495,-1.4199791,1.07895637,7.97566008e-06,0.0283925477,1.33125794,1.3329885,1.33131826,-0.00207277969,0.0856317431,-0.0829219297,0.0454599746,-0.352445811,-0.861347556,-0.0406622589,-4.03576996e-05,0.00105828652,-0.0505726747,0.000186940422,0.000388767803,-3.7997961e-07,-0.491945058,0.62941438,-0.177613333,-2.07997918,1.77697861,1.54727161,-1.41797233,1.09333646,9.68810127e-05,0.0267166477,1.33299983,1.33299983,1.33299983
36.1333333,-0.500386596,0.628302991,-0.199269712,-2.06793833,1.75702536,1.49591136,-1.42450166,1.0788244,1.42117478e-05,0.0265564211,1.3312453,1.3329792,1.33129752,0.0177493151,0.110134281,-0.025846364,-0.0136361439,-0.329158574,-0.97198832,-0.0853852481,-4.18276177e-05,0.000925845001,-0.050954666,0.000192971667,0.000411722809,-1.63214281e-07,-0.491538674,0.634144485,-0.182206824,-2.07766461,1.75416827,1.48757088,-1.42181671,1.09342802,9.46509244e-05,0.0243690461,1.33299983,1.33299983,1.33299983
36.2,-0.498526454,0.635797024,-0.199050307,-2.07064819,1.73568499,1.4297539,-1.43098831,1.07883823,5.06359697e-07,0.024904063,1.33122313,1.33296096,1.33127046,0.0378649235,0.110716961,0.0298409592,-0.0659976155,-0.314043641,-1.00383592,-0.102639787,-0.000480719318,0.00282235956,-0.0479718857,-0.00332331937,-0.00346113439,-0.00311742071,-0.491132408,0.638874769,-0.185167715,-2.0777986,1.73299074,1.42378855,-1.4282012,1.09351957,9.24208434e-05,0.022021452,1.33299983,1.33299983,1.33299983
36.2666667,-0.495582938,0.642707407,-0.195242375,-2.07629848,1.71555078,1.36368835,-1.43780494,1.07883883,6.43641386e-07,0.0229550898,1.33119643,1.33294034,1.33124125,0.0496134497,0.0933282301,0.0802387297,-0.100846931,-0.292684287,-0.971929014,-0.0963979363,3.78987679e-05,0.000716094568,-0.0507754609,-0.00032599055,-0.000343053951,-0.00736242253,-0.490794241,0.642811,-0.186341494,-2.07984567,1.71362054,1.36029279,-1.43552089,1.09359562,9.05650304e-05,0.020067852,1.33299983,1.33299983,1.33299983
36.3333333,-0.49221155,0.647905588,-0.188409299,-2.08359981,1.69696105,1.30180573,-1.44350874,1.0788393,9.63616458e-07,0.021516392,1.3311801,1.33292639,1.33121419,0.0509238839,0.0592831634,0.119799204,-0.116127163,-0.266464978,-0.87762481,-0.0706379935,-3.92359798e-05,0.000710890628,-0.0503542423,0.000180250732,0.000384753104,-2.77301297e-07,-0.49059251,0.645159602,-0.185573846,-2.08326888,1.69623268,1.3014518,-1.44217181,1.09364116,8.94578043e-05,0.0189022645,1.33299983,1.33299983,1.33299983
36.4,-0.489094496,0.650253832,-0.179361984,-2.09139037,1.68036866,1.24847782,-1.44680655,1.07883942,-1.01225638e-07,0.0213193744,1.33117867,1.33292508,1.33120596,0.0422844142,0.00818756782,0.146779925,-0.116097666,-0.2319379,-0.714512289,-0.0249634534,-9.18542355e-07,-5.36064181e-06,1.47265382e-07,-8.67166818e-07,1.85410045e-06,-5.26357326e-06,-0.4905954,0.645126522,-0.18271026,-2.08753252,1.68100202,1.25163376,-1.4465493,1.09364045,8.94733894e-05,0.01891868,1.33299983,1.33299983,1.33299983
36.4666667,-0.486805975,0.648706198,-0.168954089,-2.09864259,1.66569471,1.20818985,-1.44647527,1.07886052,-6.65728066e-07,0.0213289987,1.33117998,1.33292687,1.33120668,0.0270727407,-0.0572298318,0.162476555,-0.100459643,-0.205497772,-0.485244036,0.0395568833,-2.96029611e-07,4.23410129e-05,-1.05850631e-07,-2.10961589e-05,-2.99490639e-05,-1.13711576e-05,-0.490870982,0.641917944,-0.177596375,-2.09209967,1.66810286,1.21520698,-1.44704938,1.09357846,9.09860973e-05,0.0205111057,1.33299983,1.33299983,1.33299983
36.5333333,-0.485770434,0.642321169,-0.1575322,-2.10483241,1.6544801,1.18602812,-1.44088745,1.07897174,-6.95922949e-07,0.021667704,1.33120096,1.33294511,1.33123195,0.00453081308,-0.134698316,0.176396281,-0.0831540972,-0.137939528,-0.174469382,0.128854901,4.11397195e-05,-0.000342877815,0.0518193394,-0.000183678931,-0.000391795766,2.67988071e-07,-0.491487592,0.634739995,-0.170077756,-2.09643412,1.65771079,1.19653964,-1.44206774,1.09343946,9.4370218e-05,0.0240735449,1.33299983,1.33299983,1.33299983
36.6,-0.486291707,0.630638003,-0.145406887,-2.10941029,1.64668643,1.18645191,-1.42881978,1.07897162,-5.20591129e-07,0.0249357857,1.33122993,1.3329736,1.33126307,-0.0185847655,-0.216575354,0.186331615,-0.0541200936,-0.0958745033,0.195497528,0.236781076,6.34156277e-06,0.000120510267,0.0612877794,-3.85552994e-05,-7.36492802e-05,4.52273525e-08,-0.492513329,0.622798741,-0.159999996,-2.0999999,1.64999998,1.19999993,-1.42999995,1.09320843,9.99999975e-05,0.0299999993,1.33299983,1.33299983,1.33299983
36.6666667,-0.488172561,0.613301277,-0.132703632,-2.1122601,1.64094126,1.2115705,-1.40951574,1.07897234,-6.61595948e-07,0.0302073676,1.33300018,1.33300018,1.3330003,-0.0375155024,-0.30486542,0.195895255,-0.0390883312,-0.0673058555,0.54096514,0.337361872,-9.39234269e-07,-8.70913254e-07,0.0979585573,-2.37099084e-05,3.34789115e-06,-2.3192244e-05,-0.494012028,0.605352104,-0.146355063,-2.1035912,1.64487183,1.22484565,-1.41068995,1.09287083,0.000108225351,0.038658794,1.33299983,1.33299983,1.33299983
36.7333333,-0.491665214,0.590093911,-0.118753307,-2.11523318,1.63848495,1.25638378,-1.38449562,1.07897234,-3.62087405e-07,0.0379369929,1.3330003,1.33300018,1.33300042,-0.0652409196,-0.388700426,0.220775872,-0.0510867573,-0.0138759315,0.782052159,0.407096595,-6.70275767e-07,1.60209056e-05,0.129696205,-1.84212277e-05,2.06461186e-06,-1.21037046e-05,-0.495948434,0.582809627,-0.128724664,-2.10823131,1.64192986,1.26567376,-1.38573968,1.09243464,0.000118853204,0.0498466939,1.33299983,1.33299983,1.33299983
36.8,-0.49671793,0.561932266,-0.10299214,-2.11889839,1.63843882,1.31425095,-1.35541916,1.07897234,-1.09944224e-07,0.0478473008,1.33300018,1.33299994,1.33299899,-0.0819310024,-0.453471422,0.250930637,-0.0598156676,0.0125099402,0.943799496,0.463082254,-4.28129351e-05,-0.000325730827,0.161298677,0.000358504127,0.000386531523,0.00682452228,-0.498242408,0.556104779,-0.107838959,-2.11372805,1.64090264,1.31986165,-1.35618234,1.09191787,0.000131443405,0.0631003454,1.33299983,1.33299983,1.33299983
36.8666667,-0.502285838,0.530142069,-0.0849114731,-2.12299967,1.6398896,1.38165307,-1.32287443,1.07886636,-7.36698951e-08,0.0597753711,1.33300006,1.33300006,1.33300042,-0.0806950107,-0.498122811,0.290297985,-0.0654954836,0.0347435139,1.07220221,0.511150897,-2.91605829e-07,1.79855269e-05,0.189180374,7.14312591e-08,2.31155809e-07,1.00183115e-07,-0.500813663,0.526171267,-0.0844280794,-2.11988926,1.64151812,1.38478637,-1.32305169,1.09133863,0.000145555794,0.0779564083,1.33299983,1.33299983,1.33299983
36.9333333,-0.507288516,0.496048748,-0.0639669374,-2.1274538,1.64271092,1.4566673,-1.28759313,1.07886636,1.74162818e-08,0.0733855814,1.33300006,1.33300006,1.3330003,-0.066330716,-0.523302853,0.335746646,-0.0712500066,0.0523620807,1.1704495,0.543533564,-6.46794433e-07,5.31657824e-05,0.211191013,1.66776317e-07,3.03827164e-07,8.47639967e-08,-0.50358212,0.493942678,-0.0592222288,-2.12652302,1.64350522,1.4578253,-1.28738046,1.09071493,0.000160750234,0.0939515233,1.33299983,1.33299983,1.33299983
37,-0.511104941,0.460867256,-0.0400057808,-2.1323297,1.64642501,1.53690577,-1.25063181,1.07886636,3.03084079e-07,0.0882887393,1.33300006,1.33299994,1.33300018,-0.0465810187,-0.531743944,0.379695058,-0.0788643658,0.0622760095,1.22808802,0.561207592,-7.85205941e-07,5.42385169e-05,0.227574885,-1.15410785e-07,-3.82873395e-07,7.00447345e-08,-0.506467581,0.46035257,-0.0329515673,-2.13343716,1.64659214,1.53635573,-1.25020266,1.090065,0.00017658656,0.110622361,1.33299983,1.33299983,1.33299983
37.0666667,-0.513586283,0.425605804,-0.0134287085,-2.13776422,1.65062284,1.61950099,-1.21297264,1.07886636,4.30979924e-07,0.104087979,1.33299994,1.33299983,1.33300006,-0.0274334289,-0.52636975,0.413297981,-0.0879077017,0.067406036,1.241943,0.563764155,-5.51759058e-07,8.37981061e-05,0.237971291,-3.34123342e-07,-8.43277576e-07,-1.32331024e-07,-0.509389758,0.42633459,-0.00634622946,-2.14043927,1.65050709,1.61775494,-1.21255112,1.08940673,0.000192624604,0.127505556,1.33299983,1.33299983,1.33299983
37.1333333,-0.514902115,0.391124249,0.0147964722,-2.14374924,1.6550616,1.70163155,-1.17566681,1.07886636,3.79421692e-07,0.12036594,1.33299983,1.33299983,1.33299994,-0.0124976011,-0.508641362,0.428729236,-0.0947887674,0.0694825873,1.21556532,0.550092399,-1.30361605e-06,6.58974313e-05,0.242099971,4.36531991e-06,8.06587923e-06,1.01666956e-07,-0.512268484,0.392822266,0.0198635943,-2.14733744,1.65497863,1.69940019,-1.17545938,1.08875823,0.000208424259,0.144137785,1.33299983,1.33299983,1.33299983
37.2,-0.515407324,0.358219892,0.0432747193,-2.15001774,1.65955472,1.78077137,-1.13985229,1.07874656,2.83010593e-07,0.136686817,1.33299983,1.33299911,1.33299983,-0.0037929418,-0.479061931,0.421103746,-0.095896326,0.068884261,1.15332961,0.519571662,-2.21252321e-06,2.98999803e-05,0.239667594,1.13667484e-05,2.21022055e-05,-5.59812179e-08,-0.515023589,0.360749245,0.0449477471,-2.15393901,1.65973532,1.77866888,-1.13996053,1.08813763,0.000223545343,0.160055682,1.33299983,1.33299983,1.33299983
37.2666667,-0.515545726,0.327673435,0.0703982934,-2.15613365,1.66393375,1.85460389,-1.10666049,1.07874656,3.30017741e-07,0.152591556,1.33299935,1.33299816,1.3329941,-0.00186067587,-0.437654406,0.388812631,-0.0897095948,0.0656197667,1.05686271,0.471110851,-2.69364091e-06,2.25378462e-05,0.230250254,1.46340608e-05,2.89243471e-05,-2.849265e-08,-0.517574787,0.331049144,0.0681760684,-2.1600523,1.66450524,1.85293794,-1.10708809,1.0875628,0.000237547676,0.174795896,1.33299983,1.33299983,1.33299983
37.3333333,-0.515742064,0.300280929,0.0945578963,-2.1616075,1.66801548,1.92084169,-1.07724857,1.07874656,3.40675706e-06,0.167594895,1.33299088,1.33299792,1.33297515,-0.00562684936,-0.38394326,0.333436787,-0.0762300715,0.0595837496,0.925747693,0.406799495,-4.79970113e-05,-0.000363016617,0.213780597,0.000505023985,0.000512506638,0.003535158,-0.519842088,0.304655552,0.0888184011,-2.16548514,1.66901696,1.91958475,-1.07787538,1.08705211,0.000249991164,0.187895104,1.33299983,1.33299983,1.33299983
37.4,-0.516290963,0.276893407,0.114341862,-2.16600227,1.67158246,1.97710311,-1.05264807,1.07849753,1.60695745e-05,0.181192562,1.33299208,1.33299935,1.33296955,-0.0122516071,-0.316856593,0.259074956,-0.0569203012,0.051612664,0.758720338,0.32755366,-1.23874906e-06,0.00016130833,0.189169526,-2.83707268e-05,-1.69444756e-05,1.13766873e-07,-0.521745086,0.282502025,0.106144577,-2.17004514,1.67299902,1.97598684,-1.05335569,1.08662355,0.000260435656,0.198889956,1.33299983,1.33299983,1.33299983
37.4666667,-0.517287374,0.258449465,0.128651395,-2.16897202,1.6746248,2.02100635,-1.03385651,1.07839549,2.52359005e-05,0.192856982,1.33298612,1.33299887,1.33296955,-0.0188822784,-0.235026777,0.170570776,-0.0329619944,0.0411309376,0.554230571,0.233825505,-1.82317854e-06,3.10949108e-05,0.156836346,-0.000105292289,-7.77981477e-05,-1.17142918e-07,-0.523203671,0.265522182,0.119424425,-2.17354035,1.67617941,2.019521,-1.03456223,1.08629489,0.000268440926,0.207317069,1.33299983,1.33299983,1.33299983
37.5333333,-0.518622518,0.245962113,0.136715814,-2.17027307,1.67688072,2.04998279,-1.02180946,1.07839549,4.06417639e-05,0.202061832,1.33295774,1.33297551,1.332968,-0.0223316606,-0.137748733,0.0729667991,-0.00642369641,0.0261001065,0.31059891,0.125868782,2.08303754e-06,0.000240344845,0.116553776,0.00756174745,-0.00698376447,-0.001413194,-0.524137616,0.254649669,0.12792778,-2.17577839,1.67828691,2.04756522,-1.02252829,1.08608449,0.000273566839,0.212713122,1.33299983,1.33299983,1.33299983
37.6,-0.520001471,0.240479276,0.138083726,-2.16978931,1.67790771,2.06128383,-1.01745534,1.07839549,7.1339804e-05,0.208304152,1.33293772,1.33297276,1.3329618,-0.0201416984,-0.0247092489,-0.0290718358,0.0207013153,0.00507089077,0.0251043439,0.00255647255,-1.94365202e-06,0.00029665904,0.0715916529,1.13153947e-05,2.56403146e-05,-2.8006616e-07,-0.524466753,0.250818014,0.130924493,-2.17656684,1.67904973,2.05749583,-1.01828742,1.08601034,0.000275373313,0.214614779,1.33299983,1.33299983,1.33299983
37.6666667,-0.51891911,0.241871327,0.130821183,-2.17290258,1.65624356,2.05249238,-1.02779305,1.06962466,0.0259166937,0.154230326,1.32303822,1.32387733,1.32427728,0.0284234807,0.0498479828,-0.1245258,-0.0816886351,-0.243735552,-0.126659259,-0.237581149,-0.0619086325,0.00237163901,-0.615841627,-0.000287834788,-0.000629161659,5.2084215e-07,-0.524466753,0.250818014,0.130924493,-2.17656684,1.67904973,2.05749583,-1.01828742,1.06825066,0.0799745023,0.0897067562,1.33299983,1.33299983,1.33299983
37.7333333,-0.516461492,0.246923119,0.121860564,-2.18116426,1.63790405,2.04342961,-1.05333257,1.07075274,0.0258413348,0.0893836841,1.32255125,1.32341051,1.3238306,0.0393097512,0.097063072,-0.129683226,-0.142950282,-0.226474509,-0.117671102,-0.433511347,-1.12275193e-05,-0.000163715682,-0.85755378,5.28944074e-05,0.000110050896,-1.26543455e-07,-0.524466753,0.250818014,0.130924493,-2.17656684,1.67904973,2.05749583,-1.01828742,1.11193359,0.0906760246,0,1.33299983,1.33299983,1.33299983
37.8,-0.513466477,0.254632115,0.112910002,-2.1926434,1.62768984,2.03452444,-1.09177923,1.07043147,0.026162535,0.0443762317,1.32250977,1.32337272,1.32379198,0.0448521264,0.134609923,-0.125229359,-0.179901734,-0.0988318846,-0.107890815,-0.620397389,-5.00905662e-06,-7.40470132e-05,-0.492673546,2.30483711e-05,4.97880101e-05,-2.13040039e-08,-0.524466753,0.250818014,0.130924493,-2.17656684,1.67904973,2.05749583,-1.01828742,1.10523009,0.10471309,0,1.33299983,1.33299983,1.33299983
37.8666667,-0.510592699,0.26525712,0.105498314,-2.20465422,1.62315726,2.02732825,-1.13507104,1.07559204,0.023942193,0.0209468901,1.32248056,1.32334602,1.32376146,0.0390851945,0.183861539,-0.0919415206,-0.16522415,-0.0391853191,-0.0770158246,-0.665414929,-9.82594429e-06,-0.0171787925,-0.230461493,0.000281856628,0.00060289877,1.03591592e-05,-0.524466753,0.250818014,0.130924493,-2.17656684,1.67904973,2.05749583,-1.01828742,1.23297727,0.0944374651,0,1.33299983,1.33299983,1.33299983
37.9333333,-0.507949948,0.279438823,0.0999252871,-2.21465921,1.62369072,2.02090931,-1.18395865,1.07433665,0.0239563994,0.0100876903,1.32246256,1.32333004,1.32374656,0.0384665877,0.237736538,-0.0723706856,-0.123275258,0.0355988853,-0.0851801559,-0.730868399,-1.48984509e-06,-0.00115630031,-0.10705927,0.0003362961,0.000719828124,6.64084655e-06,-0.524466753,0.250818014,0.130924493,-2.17656684,1.67904973,2.05749583,-1.01828742,1.13711274,0.0619363934,0,1.33299983,1.33299983,1.33299983
38,-0.504571974,0.297357142,0.0936115757,-2.22098851,1.62761009,2.01271319,-1.23690736,1.06800187,0.0264685079,0.00481897639,1.32252562,1.32337999,1.32380641,0.0580905303,0.28952685,-0.107324675,-0.0622069426,0.101336293,-0.141504735,-0.795959175,-0.0637893379,-0.029398689,-0.0535145849,0.0599630401,0.0582075343,0.0566791929,-0.524466753,0.250818014,0.130924493,-2.17656684,1.67904973,2.05749583,-1.01828742,1.06839335,0.073042348,0,1.33299983,1.33299983,1.33299983
38.0666667,-0.499869764,0.318478882,0.0846335366,-2.223171,1.63278389,2.00282145,-1.29148233,1.02824187,0.0361593142,2.94352867e-06,1.33081925,1.33123434,1.33145106,0.0799722373,0.33435607,-0.15588294,0.00810807385,0.0767681673,-0.179534346,-0.735625267,-0.533114851,-0.0206785426,-6.39774953e-07,0.156072915,0.145065606,0.138357684,-0.524466753,0.250818014,0.130924493,-2.17656684,1.67904973,2.05749583,-1.01828742,0.973443925,0.0552993789,0,1.33299983,1.33299983,1.33299983
38.1333333,-0.493649542,0.342933983,0.0721037611,-2.2186501,1.63413584,1.99044859,-1.34018159,0.970666587,0.0370901152,5.99211808e-06,1.33300054,1.33300042,1.33300018,0.101526901,0.383820415,-0.209257439,0.119418927,0.0133139892,-0.221731246,-0.653146267,-0.743874311,0.00104624941,0.000384364917,-5.98645565e-05,-7.04649501e-05,-5.14045423e-05,-0.524466753,0.250818014,0.130924493,-2.17656684,1.67904973,2.05749583,-1.01828742,0.896297455,0.0690833777,0,1.33299983,1.33299983,1.33299983
38.2,-0.486965001,0.369331211,0.0579287559,-2.20803714,1.63169646,1.97448766,-1.3786577,0.971206725,0.0371327437,2.98373243e-06,1.33300018,1.33300054,1.33300042,0.0959585086,0.395815462,-0.207696512,0.19712241,-0.049828425,-0.26357317,-0.557666898,0.147619963,-3.59696278e-05,-0.00103304628,0.000139198615,0.00010560255,0.000140627148,-0.524466753,0.250818014,0.130924493,-2.17656684,1.67904973,2.05749583,-1.01828742,0.996157467,0.0620367937,0,1.33299983,1.33299983,1.33299983
38.2666667,-0.481378645,0.394514054,0.045420792,-2.19359183,1.62709677,1.95472312,-1.4161756,0.95249933,0.0375664458,1.43092757e-06,1.3330003,1.33299994,1.33300018,0.0733363256,0.360325277,-0.169024691,0.233714372,-0.0772200152,-0.306197435,-0.498147339,-0.316108853,0.00124105066,0.00140706683,-0.000448404346,-0.000834108447,-0.000113984657,-0.524466753,0.250818014,0.130924493,-2.17656684,1.67904973,2.05749583,-1.01828742,0.917230666,0.0618393421,0,1.33299983,1.33299983,1.33299983
38.3333333,-0.477094531,0.41731438,0.0349849872,-2.17806196,1.61943686,1.93578029,-1.44660091,0.954932868,0.0377984606,6.20326273e-06,1.33299994,1.33299994,1.33299994,0.0574530959,0.322482377,-0.146799564,0.235342935,-0.114916481,-0.292558044,-0.452859938,0.0639530048,-0.000694372109,-0.000157001792,2.83806694e-05,3.23939967e-05,2.77868676e-05,-0.524466753,0.250818014,0.130924493,-2.17656684,1.67904973,2.05749583,-1.01828742,0.974202454,0.0748830438,0,1.33299983,1.33299983,1.33299983
38.4,-0.475949883,0.434582949,0.0317917764,-2.16905713,1.63398576,1.93274498,-1.47935891,0.960921526,0.0374874882,0.000664950756,1.33300006,1.33300018,1.33300018,0.000932569441,0.205228657,-0.013371787,0.0605093054,0.249996379,-0.0189178754,-0.501025259,0.0406707861,-9.00786836e-05,3.68454494e-08,-1.04196829e-07,1.55913385e-05,-1.14744416e-05,-0.524466753,0.250818014,0.130924493,-2.17656684,1.67904973,2.05749583,-1.01828742,0.974145055,0.0795309916,0,1.33299983,1.33299983,1.33299983
38.4666667,-0.476502836,0.444368243,0.0319046527,-2.1719203,1.65141833,1.93412876,-1.51778233,0.937253594,0.0381434001,0.000702344696,1.3330003,1.33299994,1.3330003,-0.0123242671,0.100321442,0.00614024512,-0.113410145,0.282309115,0.0155036841,-0.573059022,-0.385103762,0.00332643045,1.80210918e-07,-8.38015112e-05,-0.00010886175,-5.93491131e-05,-0.524466753,0.250818014,0.130924493,-2.17656684,1.67904973,2.05749583,-1.01828742,0.896867096,0.0661141202,0,1.33299983,1.33299983,1.33299983
38.5333333,-0.477382332,0.448132187,0.032026127,-2.18495893,1.67115021,1.9364872,-1.56044209,0.893038094,0.0408169553,0.000745850441,1.33300006,1.33300006,1.33300006,-0.0119774761,0.0220200624,-0.00557548041,-0.247537673,0.31687817,0.019726675,-0.627110481,-0.582032502,0.0753862858,-4.22878657e-07,0.00055420358,0.000919369573,0.000229445141,-0.524466753,0.250818014,0.130924493,-2.17656684,1.67904973,2.05749583,-1.01828742,0.834078789,0.0925679058,0,1.33299983,1.33299983,1.33299983
38.6,-0.478971392,0.447430164,0.0335037783,-2.20527172,1.69494987,1.93896282,-1.60431564,0.879856646,0.0420285165,0.000789979764,1.33299994,1.33299994,1.33299994,-0.0308358725,-0.0378289632,0.0386633649,-0.336878538,0.396230549,0.0312941186,-0.692114234,-0.0733841434,0.000353591284,-0.00365296332,-0.000398824108,-0.000380353536,-0.000399382698,-0.524466753,0.250818014,0.130924493,-2.17656684,1.67904973,2.05749583,-1.01828742,0.867687225,0.114061609,0,1.33299983,1.33299983,1.33299983
38.6666667,-0.480803072,0.443273425,0.0353727415,-2.2293911,1.72226799,1.94159913,-1.64940357,0.90679425,0.0407664739,0.000829339901,1.33299971,1.33299744,1.33299959,-0.0247984603,-0.0838654637,0.0205025654,-0.372482151,0.439310789,0.0221120939,-0.71134609,0.381256998,-0.0780637935,7.95116648e-08,-2.8311395e-05,-2.59651351e-05,-3.10676805e-05,-0.524466753,0.250818014,0.130924493,-2.17656684,1.67904973,2.05749583,-1.01828742,0.978830159,0.131525248,0,1.33299983,1.33299983,1.33299983
38.7333333,-0.481429726,0.436476618,0.0340538882,-2.2542603,1.75070786,1.94255197,-1.69637036,0.908957183,0.0408209004,0.000859877386,1.33299851,1.33299613,1.33299911,0.000220527931,-0.116112508,-0.0442859195,-0.369939387,0.429230362,-0.00652782526,-0.667589486,-4.74676563e-06,2.82503606e-05,5.47152013e-09,-2.68576132e-05,-2.82108122e-05,-2.33700157e-05,-0.524466753,0.250818014,0.130924493,-2.17656684,1.67904973,2.05749583,-1.01828742,0.924391508,0.145714447,0,1.33299983,1.33299983,1.33299983
38.8,-0.482220918,0.428782195,0.0335470289,-2.27567911,1.78121519,1.94352305,-1.73921549,0.90301615,0.0411027521,-2.47711654e-07,1.3299613,1.33021271,1.33029318,-0.0223195553,-0.121851042,0.0220981278,-0.287560284,0.451229244,0.0231552999,-0.589388907,-0.0384047963,3.56853707e-06,2.16810804e-07,-0.0520460419,-4.5194749e-05,-8.66647169e-05,-0.524466753,0.250818014,0.130924493,-2.17656684,1.67904973,2.05749583,-1.01828742,0.887015462,0.141718164,0,1.33299983,1.33299983,1.33299983
38.8666667,-0.484353244,0.420804083,0.0368828252,-2.2934165,1.81229222,1.94761097,-1.77559352,0.948509693,0.0387961864,1.8125445e-06,1.32930899,1.33103323,1.33127534,-0.0386449173,-0.123026423,0.0681800544,-0.252976924,0.448958278,0.0652810261,-0.585350573,0.668395162,-0.00129695982,-0.00286228908,0.000626935856,0.000968304579,0.000307537935,-0.524466753,0.250818014,0.130924493,-2.17656684,1.67904973,2.05749583,-1.01828742,1.05973029,0.153996184,0,1.33299983,1.33299983,1.33299983
38.9333333,-0.48840791,0.413210958,0.0453866348,-2.30961275,1.84403086,1.95499933,-1.81423593,1.00048971,0.0381112769,1.39068761e-05,1.3293072,1.3310312,1.33127367,-0.0751042664,-0.108753569,0.165723428,-0.238865465,0.500157177,0.125467181,-0.612532914,0.663659096,0.00038607954,0.00188773195,-0.000282983005,-0.000322330859,-0.000262632733,-0.524466753,0.250818014,0.130924493,-2.17656684,1.67904973,2.05749583,-1.01828742,1.10327423,0.163972095,0,1.33299983,1.33299983,1.33299983
39,-0.495563835,0.40669775,0.0621161051,-2.32388878,1.87741184,1.96989,-1.85216177,1.00395143,0.0382150039,2.03624336e-06,1.32929301,1.33102071,1.33126009,-0.125064924,-0.0899815187,0.298803687,-0.199147001,0.514600396,0.270586312,-0.524051487,-6.05368041e-06,-4.32715751e-07,0.00026782116,-2.30308506e-05,-1.0054704e-05,-3.36543017e-05,-0.524466753,0.250818014,0.130924493,-2.17656684,1.67904973,2.05749583,-1.01828742,1.00178456,0.172077507,0,1.33299983,1.33299983,1.33299983
39.0666667,-0.503512383,0.402869672,0.0818678811,-2.33512139,1.91597462,1.98728383,-1.89301419,0.995499194,0.0381717011,5.49524566e-06,1.32926512,1.33100045,1.33122861,-0.110512696,-0.0381812863,0.281997681,-0.151203305,0.578165352,0.242620081,-0.601460636,-0.0710905343,0.00133123971,-1.01150363e-07,-0.00440981565,0.000122922967,0.00727074174,-0.524466753,0.250818014,0.130924493,-2.17656684,1.67904973,2.05749583,-1.01828742,0.955049634,0.160697579,0,1.33299983,1.33299983,1.33299983
39.1333333,-0.509316623,0.402448267,0.0977601781,-2.34286547,1.95315731,2.00481105,-1.93391311,0.964522004,0.0389898606,6.17079058e-06,1.32924855,1.33098948,1.33120215,-0.0657746941,0.0113238972,0.194933102,-0.09965498,0.54714781,0.226998463,-0.574789822,-0.418924302,0.00125726871,-7.82145071e-05,-0.00738736056,-0.00672442233,0.00726247393,-0.524466753,0.250818014,0.130924493,-2.17656684,1.67904973,2.05749583,-1.01828742,0.881352127,0.169416964,0,1.33299983,1.33299983,1.33299983
39.2,-0.511705101,0.402832299,0.10614299,-2.34816384,1.98730171,2.01789308,-1.96359861,0.974550784,0.0387776084,0.0617261678,1.32936096,1.33107841,1.3313185,-0.0135936085,-0.0476428866,0.0562945344,-0.0987186804,0.470081002,-0.0296145193,-0.39583385,0.183343872,-0.0668294281,0.891941726,0.0662142113,0.0594020262,0.0559686869,-0.524466753,0.250818014,0.130924493,-2.17656684,1.67904973,2.05749583,-1.01828742,1.02381027,0.176501468,0.152719423,1.33299983,1.33299983,1.33299983
39.2666667,-0.513054371,0.39740622,0.110969774,-2.35010529,2.01664734,2.02638912,-1.98362899,0.987805545,0.0386416763,0.127470911,1.3287257,1.32972479,1.33000791,-0.0245479494,-0.0765923709,0.092116639,0.0406143591,0.400331855,0.237696648,-0.244903728,0.181739494,-0.00496229157,0.949883521,-5.09619713e-06,-0.0935997441,-0.0933697671,-0.524466753,0.250818014,0.130924493,-2.17656684,1.67904973,2.05749583,-1.01828742,1.04104269,0.182257637,0.289304942,1.33299983,1.33299983,1.33299983
39.3333333,-0.513826847,0.390717357,0.114220619,-2.34974003,2.03691578,2.03982592,-2.00068951,0.9810009,0.0387085117,0.193927437,1.32859278,1.32682812,1.32706404,-0.00694796769,-0.117332086,0.0300685819,-0.0240635294,0.291339219,0.151568353,-0.274107009,-0.0777051896,-4.30358778e-05,1.00000012,0.00494738808,-0.00531480694,0.00764599722,-0.524466753,0.250818014,0.130924493,-2.17656684,1.67904973,2.05749583,-1.01828742,0.951221466,0.186934516,0.382579684,1.33299983,1.33299983,1.33299983
39.4,-0.515440285,0.384084523,0.119700573,-2.34978843,2.06123877,2.05168962,-2.02383208,0.955782175,0.0394733623,0.260354936,1.33182919,1.33073497,1.33098078,-0.0369728431,-0.0808506906,0.121463448,0.0223617889,0.38825497,0.175032109,-0.358125538,-0.328987986,0.0617130548,0.998462379,3.02791595e-05,0.0681957081,0.067064859,-0.524466753,0.250818014,0.130924493,-2.17656684,1.67904973,2.05749583,-1.01828742,0.878241658,0.190734476,0.476066411,1.33299983,1.33299983,1.33299983
39.4666667,-0.519626439,0.37601015,0.130150795,-2.35370874,2.08108854,2.06529188,-2.04348063,0.955033422,0.0392784588,0.325952411,1.33088601,1.32983589,1.32997549,-0.0753940046,-0.142558098,0.176368251,-0.097186394,0.345219433,0.216547385,-0.313381553,0.0379687734,0.000132187735,0.990759432,0.00109574629,0.000441679789,0.000439525931,-0.524466753,0.250818014,0.130924493,-2.17656684,1.67904973,2.05749583,-1.01828742,0.962400496,0.184082553,0.511453331,1.33299983,1.33299983,1.33299983
39.5333333,-0.524231434,0.366814971,0.140966073,-2.36137915,2.10852337,2.07527399,-2.07396555,0.950565398,0.039013043,0.391966015,1.33098292,1.33235002,1.33255529,-0.0614316016,-0.147743881,0.137654185,-0.129839897,0.39804256,0.131760955,-0.443017662,-0.0669762939,0.0011414066,0.993608236,-0.000341424951,-0.000740294345,5.90807758e-07,-0.524466753,0.250818014,0.130924493,-2.17656684,1.67904973,2.05749583,-1.01828742,0.933430195,0.188417256,0.580776215,1.33299983,1.33299983,1.33299983
39.6,-0.528356254,0.35793224,0.150554702,-2.37019706,2.13771892,2.08276463,-2.10891771,0.925765514,0.0395880975,0.457849056,1.33110356,1.3324672,1.33267295,-0.0570465401,-0.127345324,0.133511871,-0.133639276,0.439145952,0.0874997526,-0.518862903,-0.378419578,-2.14958563e-05,0.9827739,-9.42019979e-05,-0.000183279975,1.42725185e-07,-0.524466753,0.250818014,0.130924493,-2.17656684,1.67904973,2.05749583,-1.01828742,0.86378634,0.172048464,0.615503013,1.33299983,1.33299983,1.33299983
39.6666667,-0.533115268,0.349600106,0.161639199,-2.37886286,2.16777444,2.09027052,-2.14187431,0.916643977,0.0390001014,0.510278702,1.33142269,1.33275151,1.33297074,-0.0783498511,-0.120403118,0.184931383,-0.11495842,0.468681306,0.164101422,-0.488551199,-0.180291772,0.000170802698,0.585054278,-0.000148556661,-0.000310415635,1.07847154e-05,-0.524466753,0.250818014,0.130924493,-2.17656684,1.67904973,2.05749583,-1.01828742,0.920894861,0.178639561,0.665316641,1.33299983,1.33299983,1.33299983
39.7333333,-0.538973629,0.340154767,0.174206227,-2.38784838,2.19256687,2.10124278,-2.17098403,0.911277115,0.0341088064,0.525493443,1.33144915,1.33279443,1.33295894,-0.0911016092,-0.154879406,0.185236603,-0.158854842,0.36863178,0.187352121,-0.427022666,-0.116695143,-0.0662022382,0.0632477254,-0.000482045114,-0.00101270573,8.2408078e-06,-0.524466753,0.250818014,0.130924493,-2.17656684,1.67904973,2.05749583,-1.01828742,0.938331723,0.18399483,0.638134241,1.33299983,1.33299983,1.33299983
39.8,-0.544401824,0.331370384,0.185802728,-2.39936996,2.2237227,2.10766506,-2.2063005,0.894150555,0.0255797654,0.53934592,1.33187008,1.333004,1.33300376,-0.0642935783,-0.129509196,0.13268961,-0.192276567,0.470177114,0.0168023966,-0.536670506,-0.212311521,-0.131730974,0.180758506,-2.54507177e-05,-0.00038583891,-1.98895596e-05,-0.524466753,0.250818014,0.130924493,-2.17656684,1.67904973,2.05749583,-1.01828742,0.867768764,0.186804771,0.68048346,1.33299983,1.33299983,1.33299983
39.8666667,-0.547857463,0.324988157,0.193980411,-2.41124272,2.25804305,2.10620761,-2.24484706,0.868385792,0.0129607348,0.559953213,1.33176172,1.33280241,1.33282113,-0.0407715291,-0.0718583763,0.10883908,-0.174934268,0.518484592,-0.0637991428,-0.57901597,-0.306095481,-0.206402734,0.282918453,-0.000427374151,-0.000853863545,-3.32016498e-05,-0.524466753,0.250818014,0.130924493,-2.17656684,1.67904973,2.05749583,-1.01828742,0.810436368,0.172622651,0.718113244,1.33299983,1.33299983,1.33299983
39.9333333,-0.549974084,0.320364833,0.199853405,-2.42238975,2.29085302,2.10135722,-2.28280616,0.836441517,0.00167683582,0.582728624,1.33157909,1.33260369,1.33262265,-0.028468322,-0.0686697811,0.0789876282,-0.169669628,0.482544601,-0.111341484,-0.552634656,-0.447858006,-0.18982318,0.310724646,-0.000397042837,-0.000786316581,-4.38354909e-05,-0.524466753,0.250818014,0.130924493,-2.17656684,1.67904973,2.05749583,-1.01828742,0.779928565,0.179106086,0.748687387,1.33299983,1.33299983,1.33299983
40,-0.550592482,0.316258758,0.20216988,-2.43555379,2.32081175,2.09007144,-2.31789804,0.806907952,-3.48392641e-05,0.590379596,1.33300436,1.33282292,1.33283353,0.0101584848,-0.0588838942,-0.00958058611,-0.222960174,0.4586142,-0.23565577,-0.544377744,-0.446037173,0.00389986904,0.118741974,-0.000664670661,-0.00805256888,-0.00436594244,-0.524466753,0.250818014,0.130924493,-2.17656684,1.67904973,2.05749583,-1.01828742,0.739066243,0.184373885,0.749416769,1.33299983,1.33299983,1.33299983
40.0666667,-0.549650431,0.314365834,0.201881066,-2.45017767,2.35100341,2.07384062,-2.35202217,0.77651453,0.00524061313,0.58817333,1.33300257,1.33268607,1.3328048,0.0336981043,-0.0174691398,-0.0428392775,-0.230706185,0.466736227,-0.283179045,-0.510274112,-0.327111602,0.0141328536,0.000437944196,0.00416204054,-0.00412881142,0.00131417473,-0.524466753,0.250818014,0.130924493,-2.17656684,1.67904973,2.05749583,-1.01828742,0.723121703,0.17752701,0.706104338,1.33299983,1.33299983,1.33299983
40.1333333,-0.546521842,0.315620303,0.198255956,-2.46539855,2.38361192,2.04737854,-2.3829565,0.758300185,0.00335028023,0.595109224,1.33298683,1.33279181,1.33298218,0.0657958537,0.0395349786,-0.0859585926,-0.224263206,0.491952717,-0.435117871,-0.45704776,-0.096682772,-0.119231358,0.208143353,-0.000383890234,-0.000771065243,-2.56029889e-05,-0.524466753,0.250818014,0.130924493,-2.17656684,1.67904973,2.05749583,-1.01828742,0.698307216,0.183090881,0.738930166,1.33299983,1.33299983,1.33299983
40.2,-0.543429017,0.317963302,0.194929346,-2.47902107,2.41299081,2.02118874,-2.40944529,0.749803245,-3.98609191e-05,0.603876889,1.33221066,1.33199084,1.33210301,0.0339773968,0.0241567083,-0.0314419232,-0.197127685,0.410820097,-0.34171918,-0.366647005,-0.222394973,0.00254437234,0.0568948463,-0.000387864653,-0.000844850205,1.00177713e-05,-0.524466753,0.250818014,0.130924493,-2.17656684,1.67904973,2.05749583,-1.01828742,0.672748864,0.175008282,0.765601158,1.33299983,1.33299983,1.33299983
40.2666667,-0.540279388,0.321059793,0.191501498,-2.49232221,2.4405489,1.99578202,-2.42569733,0.746222436,-4.45101832e-05,0.605939686,1.33293116,1.33270884,1.33283794,0.0676081628,0.0356701873,-0.104879126,-0.213735119,0.378762662,-0.403433055,-0.132044628,0.087805286,0.00358180865,0.0724545419,-0.000379791018,-0.00085230777,2.63615511e-05,-0.524466753,0.250818014,0.130924493,-2.17656684,1.67904973,2.05749583,-1.01828742,0.651982725,0.142657235,0.782205701,1.33299983,1.33299983,1.33299983
40.3333333,-0.536848903,0.325937212,0.18799448,-2.50539613,2.46741867,1.96779168,-2.44167924,0.746226728,-2.02119063e-05,0.603780925,1.33300209,1.33290875,1.33300197,0.0599268973,0.0857049227,-0.0664297789,-0.190083578,0.39613986,-0.396690905,-0.191714033,0.0799450129,0.00180733064,-2.26311386e-06,0.00114664156,0.00107724289,0.00116418838,-0.524466753,0.250818014,0.130924493,-2.17656684,1.67904973,2.05749583,-1.01828742,0.635110259,0.138655767,0.690172791,1.33299983,1.33299983,1.33299983
40.4,-0.533588886,0.331881016,0.18503128,-2.51778889,2.49356341,1.93922269,-2.45533109,0.745542407,-2.64644841e-05,0.603627264,1.33300281,1.33300269,1.33300269,0.0395550467,0.0807376802,-0.0309378691,-0.18009904,0.379543185,-0.418572396,-0.137548208,-0.000467928185,0.00328494771,4.876405e-06,-0.0024197551,-0.00235852646,-0.00239718636,-0.524466753,0.250818014,0.130924493,-2.17656684,1.67904973,2.05749583,-1.01828742,0.62140137,0.113352209,0.706189275,1.33299983,1.33299983,1.33299983
40.4666667,-0.530693889,0.33835268,0.18273516,-2.52994823,2.51883364,1.91010582,-2.46914077,0.745979905,-2.24418436e-05,0.602592885,1.33300328,1.33300304,1.33300304,0.0334455483,0.104128778,-0.0109606441,-0.170077831,0.38285622,-0.430420905,-0.18399021,-0.0541929752,0.00271893432,0.00573074818,-0.00125253666,-0.00149331056,-0.00103669404,-0.524466753,0.250818014,0.130924493,-2.17656684,1.67904973,2.05749583,-1.01828742,0.62875551,0.0882457644,0.684434712,1.33299983,1.33299983,1.33299983
40.5333333,-0.528157651,0.345576912,0.181245893,-2.54169154,2.54365611,1.88026214,-2.48251414,0.745498598,-3.14224853e-05,0.603254855,1.3330034,1.33300304,1.33300316,0.0230983235,0.106420882,0.00710619614,-0.166381851,0.370768219,-0.440451115,-0.145710588,-0.000490650535,0.00393842487,4.876405e-06,-0.00242545106,-0.00254377909,-0.00242582499,-0.524466753,0.250818014,0.130924493,-2.17656684,1.67904973,2.05749583,-1.01828742,0.618763924,0.101444997,0.721323609,1.33299983,1.33299983,1.33299983
40.6,-0.526298404,0.353114694,0.181095392,-2.55267954,2.56799531,1.85132837,-2.49495482,0.741212308,-4.04286875e-05,0.604995608,1.33300328,1.33300304,1.33300316,0.0217851438,0.105621397,0.00550741889,-0.161466807,0.355733335,-0.414729744,-0.114599958,-0.000542910013,0.00496640475,5.82635403e-06,-0.00209302059,-0.00189946895,-0.00285212672,-0.524466753,0.250818014,0.130924493,-2.17656684,1.67904973,2.05749583,-1.01828742,0.608119965,0.0814888775,0.751295805,1.33299983,1.33299983,1.33299983
40.6666667,-0.525207579,0.360352755,0.182206333,-2.56326699,2.59155154,1.82354379,-2.50447583,0.740979612,-4.18534582e-05,0.605950415,1.33300424,1.33300292,1.3330009,0.00649080705,0.108495258,0.0373363271,-0.146810234,0.352226108,-0.378251761,-0.0952178091,-0.000361517828,0.00357802492,3.10316682e-06,-0.000324833381,-0.000311693293,0.00604889076,-0.524466753,0.250818014,0.130924493,-2.17656684,1.67904973,2.05749583,-1.01828742,0.599471748,0.0708592013,0.762503028,1.33299983,1.33299983,1.33299983
40.7333333,-0.524443209,0.368763119,0.184439912,-2.57325292,2.61503482,1.79611075,-2.51584649,0.741598487,-2.59424833e-05,0.603842974,1.33238828,1.33240306,1.33298564,0.0128999623,0.128433511,0.0298517812,-0.154494137,0.350900173,-0.453374863,-0.164069176,-0.000311585143,0.00399719132,3.55020165e-06,-0.00194572005,-0.00216007885,-0.00173498085,-0.524466753,0.250818014,0.130924493,-2.17656684,1.67904973,2.05749583,-1.01828742,0.592445076,0.0728513375,0.699589908,1.33299983,1.33299983,1.33299983
40.8,-0.523779809,0.377912879,0.187118188,-2.58269858,2.63814497,1.76821434,-2.52651715,0.739390135,-3.70362686e-05,0.602329433,1.33255208,1.33269298,1.33300376,-0.00240511075,0.129839227,0.0610749498,-0.148850188,0.346965492,-0.492217749,-0.118798301,-0.000498895242,0.00248971465,5.65871596e-06,0.0597201586,0.0612928271,-0.00265776832,-0.524466753,0.250818014,0.130924493,-2.17656684,1.67904973,2.05749583,-1.01828742,0.586735904,0.0776310861,0.733637154,1.33299983,1.33299983,1.33299983
40.8666667,-0.523302794,0.387254685,0.190147713,-2.59215379,2.66076756,1.73860741,-2.53675556,0.738702059,-3.56515666e-05,0.603281558,1.33277583,1.33294713,1.33300436,-0.000752642169,0.133918792,0.0593740456,-0.132977381,0.338201761,-0.406661838,-0.0819175988,-0.000551614095,0.00626538694,6.06104732e-06,-0.00294334907,-0.00321971718,-0.00291360472,-0.524466753,0.250818014,0.130924493,-2.17656684,1.67904973,2.05749583,-1.01828742,0.582097173,0.0808426291,0.72952348,1.33299983,1.33299983,1.33299983
40.9333333,-0.523256123,0.397187114,0.19437322,-2.60075116,2.68309379,1.71053159,-2.54678416,0.739000559,-2.76504434e-05,0.601575196,1.33267236,1.33285999,1.33295,-0.010319965,0.142968297,0.0832772478,-0.13092716,0.337965399,-0.455248505,-0.107030682,2.18018831e-05,0.0015193508,0.0597482435,-0.000171408523,-0.000403898768,3.71206552e-05,-0.524466753,0.250818014,0.130924493,-2.17656684,1.67904973,2.05749583,-1.01828742,0.578328192,0.10453482,0.702489674,1.33299983,1.33299983,1.33299983
41,-0.522874355,0.403485388,0.194173664,-2.60190725,2.68836164,1.70130122,-2.5351553,0.750442088,-2.51463302e-06,0.583661437,1.32510269,1.32488346,1.32483113,0.00772786606,0.0700412616,-0.0485608354,0.057895679,-0.0818229765,-0.0197668262,0.291190863,-2.5977497e-06,-0.000159053016,-0.273463458,-0.0832144022,-0.0845566392,-0.0858772621,-0.522598863,0.402010679,0.1936979,-2.59826803,2.68113375,1.70796335,-2.53424525,0.746573508,0,0.587009609,1.33299983,1.33299983,1.33299983
41.0666667,-0.521777749,0.410244018,0.188234046,-2.5955863,2.6771276,1.70107985,-2.50673318,0.757429004,-6.12154872e-06,0.558893263,1.32327139,1.32301998,1.3228904,0.0136362175,0.151967779,-0.108845688,0.116405711,-0.20537734,-0.0517918915,0.542295158,0.075452134,0.000347028952,-0.401786298,-5.9777929e-05,-0.000119768665,1.00233592e-07,-0.520786345,0.415312052,0.191747829,-2.59135008,2.67549396,1.70091748,-2.4995141,0.767456472,0,0.547262907,1.33299983,1.33299983,1.33299983
41.1333333,-0.521085441,0.425513476,0.180517122,-2.58649731,2.66353273,1.69321716,-2.45880389,0.771381795,-2.88001706e-06,0.524232328,1.32330549,1.32305491,1.32291257,-0.00310136913,0.305177957,-0.103504598,0.153437242,-0.185913116,-0.197129712,0.8922925,0.271388829,-0.000398168864,-0.504906237,1.5240741e-05,1.91684649e-05,-4.58094291e-08,-0.518057644,0.435337186,0.188636899,-2.58079457,2.66653562,1.69038343,-2.44691968,0.798895776,0,0.488260001,1.33299983,1.33299983,1.33299983
41.2,-0.520834625,0.450124115,0.172509462,-2.5752852,2.65159178,1.67651665,-2.389081,0.793680131,-2.50712469e-06,0.47903493,1.32331026,1.32305384,1.32290006,0.00392085919,0.421650559,-0.117786974,0.186064467,-0.172290772,-0.300616831,1.175174,0.374034643,-3.63794461e-05,-0.706268966,3.5349658e-06,-1.09486136e-05,-6.47094566e-07,-0.514651716,0.460332066,0.184478953,-2.56739879,2.65461969,1.67734969,-2.38079071,0.838137448,1.38107953e-05,0.41592589,1.33299983,1.33299983,1.33299983
41.2666667,-0.519440651,0.481490165,0.16559124,-2.55960441,2.64007306,1.65911341,-2.30659914,0.823853016,3.38950713e-06,0.42440021,1.32328248,1.32302427,1.32285404,0.0521290824,0.522949815,-0.0816482604,0.303517222,-0.15898174,-0.201294467,1.25733197,0.546598256,0.000687050167,-0.909332275,-2.32923194e-05,1.7024402e-05,0.000161055941,-0.510807574,0.488542616,0.179387867,-2.55195975,2.64010668,1.66280508,-2.30545592,0.882427752,3.16192782e-05,0.336185545,1.33299983,1.33299983,1.33299983
41.3333333,-0.514113963,0.517172277,0.161286578,-2.53770661,2.62702894,1.64601028,-2.22305036,0.86323148,7.64998549e-06,0.358938009,1.3232528,1.32299161,1.32280493,0.103738092,0.54059279,-0.048386205,0.347518474,-0.227428749,-0.173365682,1.22865999,0.650523663,0.00249069696,-0.988348305,0.00107094517,0.0019461558,0.00622471562,-0.506764352,0.518214941,0.173477516,-2.53527522,2.62335849,1.64773917,-2.22524405,0.929013014,4.97585715e-05,0.254963994,1.33299983,1.33299983,1.33299983
41.4,-0.506914437,0.551046252,0.158638015,-2.51572227,2.60959196,1.63344836,-2.14228868,0.908185482,3.82043763e-05,0.293309867,1.32415259,1.3238591,1.32365918,0.103041671,0.460875034,-0.0315079466,0.28399092,-0.328684717,-0.207072571,1.19065464,0.680657327,0.00429798942,-0.979279578,0.00550091965,0.00270503922,-2.620538e-06,-0.502760947,0.547594845,0.166861743,-2.51814175,2.6047349,1.63313997,-2.14448357,0.975139141,6.69054425e-05,0.178186163,1.33299983,1.33299983,1.33299983
41.4666667,-0.500019252,0.578700602,0.157141343,-2.49944592,2.58623147,1.61995041,-2.06517625,0.953156292,7.98016335e-05,0.226867244,1.32411695,1.32380855,1.32359767,0.103822105,0.374865681,-0.017055748,0.212127522,-0.356206477,-0.19211711,1.11687887,0.657034159,0.00012062717,-0.996026337,0.00478985719,0.000309330411,-1.26019586e-07,-0.499036372,0.574928463,0.159654438,-2.50135732,2.58459759,1.61999726,-2.06750369,1.01805258,8.17366599e-05,0.111777037,1.33299983,1.33299983,1.33299983
41.5333333,-0.493539274,0.601305723,0.153773844,-2.48610473,2.56735849,1.60603094,-1.99431348,0.994570851,7.94738298e-05,0.161719233,1.32918191,1.33300006,1.32879603,0.0475940965,0.272268504,-0.169450298,0.176985651,-0.207175732,-0.269289553,1.02842391,0.575048983,0.0773305297,-0.993389428,0.200625256,5.61994966e-08,0.211623773,-0.495829582,0.598461628,0.151969463,-2.48571849,2.56330729,1.60929918,-1.99863267,1.05499935,9.29289818e-05,0.0616616011,1.33299983,1.33299983,1.33299983
41.6,-0.495094359,0.617891431,0.145171523,-2.47253585,2.54540062,1.59569824,-1.93366277,1.0303725,0.000310157804,0.10176827,1.33268166,1.3330003,1.33300006,-0.0112065244,0.228978157,-0.143998995,0.212051615,-0.365202934,-0.0826961696,0.781577528,0.486914396,-5.40619803e-05,-0.765762806,2.64024129e-06,-2.18597052e-05,2.25258191e-07,-0.493379712,0.616440356,0.143920645,-2.47202325,2.54122543,1.60203516,-1.94219947,1.08322597,9.91591951e-05,0.033764828,1.33299983,1.33299983,1.33299983
41.6666667,-0.494404554,0.630994678,0.135055929,-2.4597199,2.52145433,1.59359312,-1.89150846,1.05936289,0.000298105646,0.0633096844,1.33271194,1.33300054,1.3330003,0.0253154542,0.158060476,-0.153448924,0.163778752,-0.365418047,0.0187243801,0.502593398,0.388997197,-4.59715593e-05,-0.402722567,2.71623139e-06,-2.6616899e-05,1.05125892e-07,-0.491849422,0.627671063,0.135564312,-2.46093225,2.51842022,1.59896803,-1.90107453,1.10085785,9.99999975e-05,0.0299999975,1.33299983,1.33299983,1.33299983
41.7333333,-0.49266991,0.638474226,0.124680899,-2.45042539,2.49666071,1.59622121,-1.86319149,1.0794121,1.42811469e-08,0.0450294949,1.33273947,1.33300054,1.3330003,0.0203174837,0.0680181459,-0.156699166,0.120159745,-0.393811107,0.0584884584,0.327666461,-1.64831363e-06,2.05579308e-05,-0.187715098,1.11720874e-06,-2.31978993e-05,4.03733793e-08,-0.49090001,0.634638429,0.126630858,-2.45192027,2.49348211,1.59915578,-1.86874008,1.11179662,9.99999975e-05,0.0299999993,1.33299983,1.33299983,1.33299983
41.8,-0.491841465,0.64081949,0.114550315,-2.44316816,2.4691329,1.600842,-1.84054089,1.0794121,3.70339677e-07,0.0366746262,1.3327657,1.33299994,1.3330003,0.00592597947,0.0109376935,-0.146839589,0.10032481,-0.426055521,0.0782550126,0.337855875,-4.92473191e-06,-0.000294052152,-0.0799484774,0.00405069999,0.000392234331,1.50108519e-07,-0.490388811,0.638390064,0.117079861,-2.44435716,2.46642351,1.60189068,-1.84270895,1.11768663,0.000100000005,0.0300000012,1.33299983,1.33299983,1.33299983
41.8666667,-0.491663039,0.640683651,0.104987636,-2.43676805,2.44044518,1.60596681,-1.81954229,1.07941067,-4.79733217e-07,0.0283276774,1.33281028,1.3330009,1.33300149,-0.000645496824,-0.0116892764,-0.138389021,0.0871554688,-0.4063088,0.0670487508,0.284580529,-3.32962372e-07,0.00057553791,-0.175416157,-0.00316504762,-0.000483372278,1.18766184e-06,-0.490236044,0.639510691,0.106924333,-2.43769312,2.43754864,1.60662723,-1.82171953,1.11944604,9.99999975e-05,0.0299999975,1.33299983,1.33299983,1.33299983
41.9333333,-0.491477847,0.639434457,0.095247075,-2.43098283,2.40991139,1.61142707,-1.80192924,1.07941139,-2.32931512e-07,0.0267998576,1.33282816,1.33299375,1.33300018,0.00761967758,-0.0249310676,-0.153619856,0.0945560485,-0.471758097,0.0998810232,0.241222203,-6.23110509e-06,-0.000222438481,-2.76486389e-07,0.000221289927,0.000360872247,0.000109508954,-0.490362227,0.638584971,0.0961772799,-2.43137813,2.40715957,1.61281991,-1.80451071,1.11799264,0.000100000005,0.0300000012,1.33299983,1.33299983,1.33299983
42,-0.490981072,0.63727355,0.0849060789,-2.42476344,2.37724161,1.61885083,-1.78752351,1.07934713,2.48574253e-07,0.0267840773,1.3328284,1.33296299,1.33299994,0.00782334991,-0.0403002799,-0.1576294,0.0907381848,-0.501082718,0.119270332,0.189860553,-0.0277242791,-2.0541549e-05,-1.8053106e-07,6.3519401e-05,5.89166884e-05,0.00010460669,-0.490687519,0.636197567,0.0848516449,-2.42486119,2.37555957,1.619923,-1.78982043,1.11424434,9.99999902e-05,0.0299999975,1.33299983,1.33299983,1.33299983
42.0666667,-0.490476549,0.634184539,0.0742061511,-2.41872525,2.34363866,1.62692332,-1.7749635,1.07931924,1.39472135e-07,0.0268412586,1.33282959,1.33293366,1.33299971,0.00656166859,-0.0507428609,-0.164461911,0.0938341692,-0.505042493,0.122268386,0.185777009,-5.33473794e-05,0.00271665445,4.19386197e-08,0.000117471442,0.00031504361,-5.27775846e-05,-0.491132379,0.63293308,0.0729604736,-2.41759276,2.34305215,1.6273911,-1.77638781,1.1091193,0.000100000005,0.0300000012,1.33299983,1.33299983,1.33299983
42.1333333,-0.490200281,0.630774081,0.0628538355,-2.41173172,2.30993509,1.63482666,-1.76215398,1.07924175,-2.22183942e-08,0.0275958069,1.3328234,1.33290052,1.33297694,0.00152945949,-0.0502954647,-0.177465379,0.118790939,-0.50760591,0.114410102,0.201175436,-6.06268804e-06,-2.86073373e-05,8.94942787e-09,1.68586412e-05,2.66173738e-05,-3.48227331e-06,-0.491617054,0.629376352,0.0605167337,-2.40902257,2.30993891,1.63467836,-1.76295078,1.10353518,9.99999975e-05,0.0299999993,1.33299983,1.33299983,1.33299983
42.2,-0.490266055,0.627665341,0.0504587181,-2.40252519,2.27606988,1.64188123,-1.7478075,1.07917118,-5.71583989e-08,0.0280417204,1.33281946,1.33286834,1.33294642,-0.00330997328,-0.0424994938,-0.194977686,0.158802435,-0.508743644,0.0975586101,0.231196716,-8.25612642e-06,-3.88789485e-05,-1.67638063e-08,7.01948011e-06,1.62931101e-05,-1.69703562e-05,-0.492061883,0.626111925,0.0475334153,-2.39860034,2.27652407,1.64123917,-1.74824822,1.09841001,9.99999975e-05,0.0299999993,1.33299983,1.33299983,1.33299983
42.2666667,-0.490592659,0.625256836,0.0368659422,-2.39031649,2.24224663,1.64757109,-1.73097754,1.07915008,8.21966296e-06,0.0282717608,1.33281457,1.33284461,1.33291745,-0.00608559139,-0.0294176731,-0.212662727,0.207981244,-0.505449831,0.0737121478,0.275851637,-2.09144018e-05,-0.0311115906,3.87139153e-07,-0.000201142568,-0.000315231096,-0.000116348994,-0.492387205,0.623724461,0.0340235047,-2.38577628,2.24311018,1.64652836,-1.73101842,1.09466183,0.000100000005,0.0299999993,1.33299983,1.33299983,1.33299983
42.3333333,-0.490997761,0.623951674,0.0221909489,-2.37458134,2.20870018,1.6514051,-1.71057224,1.07913578,-6.90359556e-08,0.0286855772,1.33280706,1.33283889,1.33288658,-0.00575297186,-0.00906149391,-0.226861298,0.264065772,-0.495919943,0.0419689156,0.338314712,-8.42138888e-06,-2.76120718e-05,-6.17001206e-08,-1.84730143e-05,-1.79611561e-05,-3.3372824e-05,-0.492513329,0.622798741,0.0199999996,-2.36999989,2.21000004,1.64999998,-1.70999992,1.09320843,9.99999975e-05,0.0299999993,1.33299983,1.33299983,1.33299983
42.4,-0.491339207,0.624139786,0.00667434838,-2.35466671,2.17510247,1.65412724,-1.68546212,1.07912159,4.94661606e-07,0.0287200622,1.33280706,1.33285105,1.33288658,-0.00207543001,0.0119128423,-0.241069734,0.333118588,-0.519304454,0.0516487807,0.412011594,-6.15834824e-06,7.35763897e-05,8.94651748e-08,-2.53175604e-05,-3.03097477e-05,-3.16011865e-05,-0.492513359,0.622798741,0.00446537742,-2.34995437,2.17597246,1.65379548,-1.68491304,1.09320843,0.000100000005,0.0299999993,1.33299983,1.33299983,1.33299983
42.4666667,-0.491124213,0.625238299,-0.010051785,-2.33033419,2.13933897,1.65879405,-1.65636659,1.0791074,3.28174622e-07,0.02875036,1.33280778,1.33287966,1.33288527,0.0082667619,0.0169821437,-0.261373997,0.392222762,-0.552064717,0.0907179415,0.453936964,-3.25977726e-06,7.37692535e-05,1.15251169e-08,-2.19753929e-05,-2.69606535e-05,-2.23979168e-05,-0.492513329,0.622798741,-0.0131715517,-2.32545638,2.1400013,1.659729,-1.65692353,1.09320843,9.99999975e-05,0.0299999993,1.33299983,1.33299983,1.33299983
42.5333333,-0.490431547,0.626197159,-0.0280853417,-2.30268073,2.10181808,1.66567433,-1.6255095,1.0791074,-1.53516144e-09,0.02876902,1.33281004,1.33290982,1.33288527,0.0111591574,0.0092050964,-0.280147463,0.433610767,-0.571287751,0.113817289,0.468396515,-9.87097337e-08,1.64645244e-05,-7.61356205e-08,-3.65373744e-05,-1.27932581e-05,-1.02522172e-05,-0.492513359,0.622798741,-0.0322882943,-2.2976563,2.10268211,1.6667639,-1.6269387,1.09320843,9.99999975e-05,0.0299999993,1.33299983,1.33299983,1.33299983
42.6,-0.489856243,0.626505315,-0.0473057181,-2.27263832,2.06345654,1.67314863,-1.5941236,1.0791074,-6.04854122e-08,0.0287752971,1.33281052,1.33293545,1.33288527,0.00547609292,-0.00146836089,-0.297111571,0.46461767,-0.577921391,0.10934449,0.471167326,2.81043822e-06,-1.3763789e-05,-5.32909326e-08,2.41971356e-05,-1.27563835e-05,1.87677506e-06,-0.492513329,0.622798741,-0.0522623584,-2.26770449,2.06461191,1.67386365,-1.59586549,1.09320843,0.000100000005,0.0300000012,1.33299983,1.33299983,1.33299983
42.6666667,-0.48982498,0.626152456,-0.0675508752,-2.24084091,2.0250783,1.67959583,-1.56290078,1.07910037,-8.81789859e-08,0.0287712961,1.33281052,1.33296597,1.33289075,-0.00425940845,-0.0107379491,-0.310589343,0.485097468,-0.571798384,0.0847958773,0.463276505,4.87899706e-06,-3.064267e-05,8.79372237e-08,5.57092717e-05,-1.29061809e-05,1.04845967e-05,-0.492513299,0.622798681,-0.0724712461,-2.2367506,2.02638578,1.67999125,-1.5646106,1.09320831,9.99999902e-05,0.0299999975,1.33299983,1.33299983,1.33299983
42.7333333,-0.49047485,0.625226498,-0.0884869173,-2.20820713,1.98748469,1.6839565,-1.53264415,1.07910037,-6.86834909e-08,0.0287610609,1.33281052,1.33297873,1.33292115,-0.0143898604,-0.0189802609,-0.317428231,0.488326311,-0.555636585,0.047433164,0.442212671,5.59376531e-06,-2.34357576e-05,-8.11123755e-08,4.92110557e-05,-1.20321929e-05,1.4104764e-05,-0.492513359,0.6227988,-0.0922924727,-2.20594525,1.98860061,1.68411088,-1.53408158,1.09320843,0.000100000005,0.0300000012,1.33299983,1.33299983,1.33299983
42.8,-0.491753787,0.623782337,-0.109556533,-2.17608976,1.95121932,1.68545711,-1.50425267,1.07910037,2.98562881e-08,0.0287471879,1.33281112,1.33297884,1.33295107,-0.0228631832,-0.026142111,-0.314046413,0.469038546,-0.532032609,-0.0013047246,0.407758415,0.000168823695,-0.000243414368,0.0066589741,0.000214501924,0.000318569946,0.000303895999,-0.492513299,0.622798681,-0.11110352,-2.17643857,1.95185173,1.68518519,-1.50518513,1.09320843,9.99999975e-05,0.0299999975,1.33299983,1.33299983,1.33299983
42.8666667,-0.493512809,0.621936977,-0.129976228,-2.14604902,1.91673374,1.68327296,-1.47859216,1.07910037,6.5754179e-08,0.0287411232,1.33281517,1.33298147,1.33296227,-0.0287945997,-0.0305637252,-0.297376066,0.426311493,-0.501293123,-0.0637059212,0.360601991,2.44882858e-06,1.96593774e-05,-2.2308086e-08,2.82413675e-05,5.33725688e-06,2.67121868e-05,-0.492513359,0.622798741,-0.128281951,-2.14938116,1.91673589,1.6821779,-1.47882831,1.09320843,0.000100000005,0.0300000012,1.33299983,1.33299983,1.33299983
42.9333333,-0.495573252,0.619919121,-0.14880152,-2.11960649,1.88453281,1.67639887,-1.45644188,1.07910037,3.66413133e-07,0.0287328176,1.33281457,1.33298159,1.33298731,-0.0318360925,-0.0308654085,-0.265988678,0.361757517,-0.46488595,-0.142702535,0.302658945,2.60356001e-06,5.63931972e-05,-5.90807758e-09,-4.85951823e-05,-4.57920032e-06,6.55007898e-06,-0.492513329,0.622798741,-0.143205196,-2.12592268,1.88384831,1.67405236,-1.45591831,1.09320843,9.99999975e-05,0.0299999993,1.33299983,1.33299983,1.33299983
43,-0.497727782,0.617998123,-0.16502139,-2.09818149,1.85508895,1.66370595,-1.43859065,1.07910037,1.44214951e-07,0.0287280343,1.33281446,1.33298147,1.3329891,-0.0318296775,-0.0273391437,-0.219051182,0.276702851,-0.418972999,-0.238870457,0.232053801,-1.75057266e-07,0.000435420836,5.13427949e-08,-6.8884714e-05,-3.90660716e-06,-4.00730642e-07,-0.492513329,0.622798741,-0.155250832,-2.10721374,1.85378575,1.65977216,-1.43736207,1.09320843,9.99999975e-05,0.0299999975,1.33299983,1.33299983,1.33299983
43.0666667,-0.499597043,0.616496563,-0.177958786,-2.08300495,1.82874894,1.64342582,-1.42590225,1.07910037,6.73390559e-07,0.0287258588,1.33281457,1.3329792,1.3329891,-0.0187320132,-0.0132224308,-0.178064749,0.179088473,-0.380804598,-0.394254148,0.145809323,3.13881719e-06,-0.00150971487,4.91436367e-08,4.58910872e-05,6.47954002e-05,2.07514022e-05,-0.492484927,0.623129547,-0.164145961,-2.09410048,1.82679784,1.63695538,-1.42431915,1.09321487,9.98440446e-05,0.0298358295,1.33299983,1.33299983,1.33299983
43.1333333,-0.500519693,0.617116094,-0.188636512,-2.07364058,1.80371654,1.60849571,-1.41983354,1.07898057,1.75889618e-05,0.0287241209,1.33281648,1.33296335,1.33298552,-0.0117641184,0.0348200202,-0.137750849,0.105962083,-0.370217264,-0.652495623,0.0404425636,-3.42160638e-06,0.000172323096,1.59234332e-07,1.92229418e-05,1.89934217e-05,8.3912164e-07,-0.492283165,0.625478089,-0.171541557,-2.08527946,1.80124676,1.59852254,-1.41827166,1.09326029,9.87368039e-05,0.0286702402,1.33299983,1.33299983,1.33299983
43.2,-0.501062691,0.621218503,-0.196012527,-2.0685482,1.77976763,1.55750668,-1.42015171,1.07898057,4.08339292e-06,0.0287162345,1.33281612,1.33293295,1.33295488,-0.0023636329,0.0848887712,-0.0829988867,0.0463962927,-0.348151296,-0.860687494,-0.0410113409,-3.84896157e-06,0.000256197003,-4.34956746e-08,3.02835833e-05,3.72169307e-05,4.20157448e-06,-0.491945058,0.62941438,-0.177613333,-2.07997918,1.77697861,1.54727161,-1.41797233,1.09333646,9.68810127e-05,0.0267166477,1.33299983,1.33299983,1.33299983
43.2666667,-0.500579476,0.627926826,-0.199597493,-2.067451,1.75723445,1.49591529,-1.42466915,1.07898057,5.60341448e-07,0.0272197258,1.3328073,1.33290303,1.33292174,0.0180402417,0.111093067,-0.0253617615,-0.0144462185,-0.328703642,-0.971888185,-0.0860809907,-3.31903357e-06,7.66796875e-05,-0.0502873436,3.64471998e-05,4.05906212e-05,-2.46043783e-07,-0.491538674,0.634144485,-0.182206824,-2.07766461,1.75416827,1.48757088,-1.42181671,1.09342802,9.46509244e-05,0.0243690461,1.33299983,1.33299983,1.33299983
43.3333333,-0.498685479,0.635526836,-0.19931981,-2.0702672,1.73591948,1.42977667,-1.43115354,1.07898068,2.97325727e-07,0.0249724314,1.33278525,1.33287501,1.33288217,0.0384217985,0.112830542,0.0311564859,-0.0684268549,-0.312876284,-1.00334918,-0.10186512,-0.00060601125,0.0028757141,-0.0504617728,-0.00337812002,-0.00351357763,-0.0031691792,-0.491132408,0.638874769,-0.185167715,-2.0777986,1.73299074,1.42378855,-1.4282012,1.09351957,9.24208434e-05,0.022021452,1.33299983,1.33299983,1.33299983
43.4,-0.495692402,0.642601907,-0.195424661,-2.07609582,1.71572816,1.36371899,-1.43790197,1.07887149,8.26720566e-07,0.0230751671,1.3327632,1.33285511,1.332847,0.0504773743,0.0958146304,0.0819915533,-0.104527622,-0.29021132,-0.970966995,-0.0943010226,0.00052921474,-0.00275711785,-0.00702150539,0.0032848157,0.0032677243,0.00318697188,-0.490794241,0.642811,-0.186341494,-2.07984567,1.71362054,1.36029279,-1.43552089,1.09359562,9.05650304e-05,0.020067852,1.33299983,1.33299983,1.33299983
43.4666667,-0.492250919,0.647970974,-0.188487932,-2.083606,1.69702113,1.3018502,-1.44352424,1.07887173,1.18170658e-06,0.0215425398,1.33274305,1.33284223,1.3328172,0.0520199165,0.061629124,0.121464998,-0.119232982,-0.268152863,-0.877379954,-0.0694809258,-3.94811505e-05,0.000765076606,-0.051231049,0.000184962526,0.000393216498,-3.51807103e-07,-0.49059251,0.645159602,-0.185573846,-2.08326888,1.69623268,1.3014518,-1.44217181,1.09364116,8.94578043e-05,0.0189022645,1.33299983,1.33299983,1.33299983
43.5333333,-0.489062846,0.650451481,-0.17932865,-2.09157896,1.68033838,1.24853325,-1.44674659,1.07887173,-6.41853859e-08,0.0213269461,1.33274055,1.3328414,1.33280706,0.0432765186,0.00967672002,0.148389876,-0.118406489,-0.233095974,-0.714482844,-0.0239224639,1.58507737e-06,1.88019221e-05,1.32017874e-07,2.40952431e-06,5.24042116e-06,1.79965355e-07,-0.4905954,0.645126522,-0.18271026,-2.08753252,1.68100202,1.25163376,-1.4465493,1.09364045,8.94733894e-05,0.01891868,1.33299983,1.33299983,1.33299983
43.6,-0.486740351,0.648946583,-0.168795004,-2.09902096,1.66600347,1.20837903,-1.44628036,1.07902384,-2.78432672e-05,0.0213307142,1.33274245,1.3328563,1.3328141,0.0272622611,-0.05478549,0.160505295,-0.0959177688,-0.237146035,-0.495961666,0.0320256539,-4.05668252e-05,0.0246380344,1.37544703e-07,-0.000368615147,-0.000577384955,-0.000165870471,-0.490870982,0.641917944,-0.177596375,-2.09209967,1.66810286,1.21520698,-1.44704938,1.09357846,9.09860973e-05,0.0205111057,1.33299983,1.33299983,1.33299983
43.6666667,-0.48565653,0.642579377,-0.157387853,-2.10510993,1.65417898,1.18599546,-1.44077575,1.07902384,-2.33218273e-07,0.0214342475,1.33276296,1.33288586,1.33284473,0.00513319625,-0.135781616,0.177245036,-0.0826681033,-0.137991458,-0.174739525,0.13038367,0.000606108748,-0.00186008331,0.0499073118,0.00317424536,0.00328635308,0.00298225135,-0.491487592,0.634739995,-0.170077756,-2.09643412,1.65771079,1.19653964,-1.44206774,1.09343946,9.4370218e-05,0.0240735449,1.33299983,1.33299983,1.33299983
43.7333333,-0.486134708,0.630802512,-0.145235211,-2.10956478,1.64611363,1.1863637,-1.42870116,1.07902515,-3.85839394e-06,0.0246495772,1.33278739,1.33299232,1.33299971,-0.0164954923,-0.217963621,0.185072288,-0.048822999,-0.113552198,0.192488879,0.236234114,-3.23658969e-06,-0.000596114085,0.0642988607,3.59711703e-05,-7.49875981e-05,-0.000287185481,-0.492513329,0.622798741,-0.159999996,-2.0999999,1.64999998,1.19999993,-1.42999995,1.09320843,9.99999975e-05,0.0299999993,1.33299983,1.33299983,1.33299983
43.8,-0.487970352,0.613291442,-0.132410362,-2.11237097,1.64088595,1.21160352,-1.40931654,1.07902515,-5.59683826e-07,0.0300832503,1.33300054,1.33300018,1.33300018,-0.0391115695,-0.307252824,0.198776037,-0.040580824,-0.0484104678,0.543292284,0.336017728,-5.29839781e-07,1.84680575e-05,0.0964211449,-1.90498286e-05,-2.53068465e-05,-1.07265532e-05,-0.494012028,0.605352104,-0.146355063,-2.1035912,1.64487183,1.22484565,-1.41068995,1.09287083,0.000108225351,0.038658794,1.33299983,1.33299983,1.33299983
43.8666667,-0.491570741,0.590018809,-0.118471824,-2.11525798,1.63883781,1.25632644,-1.3845259,1.07902515,-3.69447264e-07,0.0377936065,1.33300018,1.3330003,1.33300018,-0.0667219758,-0.388976038,0.218550757,-0.0483125933,-0.0152516644,0.779604137,0.404125094,-6.5490849e-07,1.26335935e-05,0.130426973,-1.64546473e-05,-2.13424519e-05,-1.04737164e-05,-0.495948434,0.582809627,-0.128724664,-2.10823131,1.64192986,1.26567376,-1.38573968,1.09243464,0.000118853204,0.0498466939,1.33299983,1.33299983,1.33299983
43.9333333,-0.496712059,0.561832726,-0.102894336,-2.11876059,1.6386162,1.31413007,-1.35553801,1.07902515,-1.08757924e-07,0.0477733724,1.33299887,1.33299851,1.33300078,-0.0831068009,-0.454008371,0.248017073,-0.0581024513,0.00989924092,0.944360673,0.463062584,5.76399998e-06,-0.000251201534,0.162226558,0.00569190737,0.00732896756,-0.00572561473,-0.498242408,0.556104779,-0.107838959,-2.11372805,1.64090264,1.31986165,-1.35618234,1.09191787,0.000131443405,0.0631003454,1.33299983,1.33299983,1.33299983
44,-0.502346933,0.530008793,-0.0849920288,-2.12279582,1.63990033,1.3816123,-1.3229785,1.07891226,-7.54271952e-08,0.059766151,1.33300018,1.33300006,1.33300018,-0.0815305412,-0.498486549,0.288035303,-0.0652237087,0.0330480486,1.0736661,0.511836708,6.66577762e-08,2.27593846e-05,0.190710947,8.78626452e-07,-1.49112384e-06,-3.05954018e-08,-0.500813663,0.526171267,-0.0844280794,-2.11988926,1.64151812,1.38478637,-1.32305169,1.09133863,0.000145555794,0.0779564083,1.33299983,1.33299983,1.33299983
44.0666667,-0.507397473,0.495913506,-0.0641578883,-2.12726545,1.64266145,1.45670605,-1.28766418,1.07891226,4.97022761e-08,0.0734349415,1.33300018,1.33300006,1.33300018,-0.0668748319,-0.522935331,0.334661126,-0.0718528032,0.0520968959,1.17118549,0.543895781,-1.15593139e-07,2.51346664e-05,0.211872533,-5.74164005e-08,-8.797997e-09,3.02266017e-08,-0.50358212,0.493942678,-0.0592222288,-2.12652302,1.64350522,1.4578253,-1.28738046,1.09071493,0.000160750234,0.0939515233,1.33299983,1.33299983,1.33299983
44.1333333,-0.511234343,0.460778564,-0.0402330719,-2.13219595,1.64637721,1.53696573,-1.25068033,1.07891226,1.70243482e-07,0.0883738399,1.33300006,1.33299994,1.33300018,-0.0466222428,-0.530790508,0.379651219,-0.0798669085,0.0624592416,1.22805345,0.561527729,-3.25976202e-07,1.66547979e-05,0.227954179,7.57258931e-08,1.7034381e-08,3.16158548e-08,-0.506467581,0.46035257,-0.0329515673,-2.13343716,1.64659214,1.53635573,-1.25020266,1.090065,0.00017658656,0.110622361,1.33299983,1.33299983,1.33299983
44.2,-0.513699293,0.425586283,-0.0136299999,-2.137707,1.65058887,1.61955166,-1.21299517,1.07891226,1.99965527e-07,0.104187667,1.33299994,1.33299983,1.33300006,-0.0269244909,-0.525325119,0.414085299,-0.0891414881,0.0676200092,1.2417053,0.564217806,-6.03305352e-08,-4.33316018e-06,0.238049194,2.98196255e-07,3.94409653e-07,-1.81335054e-08,-0.509389758,0.42633459,-0.00634622946,-2.14043927,1.65050709,1.61775494,-1.21255112,1.08940673,0.000192624604,0.127505556,1.33299983,1.33299983,1.33299983
44.2666667,-0.514968157,0.391167015,0.0146679115,-2.14377427,1.65504074,1.70166576,-1.17565453,1.07891226,1.69868031e-07,0.120460182,1.33299983,1.33299983,1.33299994,-0.0116563356,-0.507848263,0.430071265,-0.0959786996,0.0696999282,1.21533859,0.550566852,-1.07133474e-06,-5.05504104e-05,0.241908684,5.23737981e-06,9.55554424e-06,1.33222784e-08,-0.512268484,0.392822266,0.0198635943,-2.14733744,1.65497863,1.69940019,-1.17545938,1.08875823,0.000208424259,0.144137785,1.33299983,1.33299983,1.33299983
44.3333333,-0.515414,0.35830304,0.0432423949,-2.15011168,1.65954924,1.78078806,-1.13979995,1.07890511,2.941741e-07,0.136758745,1.33299983,1.33299899,1.33299983,-0.00290759723,-0.478648603,0.422578901,-0.0967613682,0.0690689087,1.15306091,0.51290971,-0.0269621331,2.10419312e-05,0.238121852,1.17353775e-05,2.48267315e-05,-1.64349331e-07,-0.515023589,0.360749245,0.0449477471,-2.15393901,1.65973532,1.77866888,-1.13996053,1.08813763,0.000223545343,0.160055682,1.33299983,1.33299983,1.33299983
44.4,-0.515498221,0.327768832,0.0704574212,-2.15626097,1.66393697,1.85460103,-1.1066072,1.07879949,2.72196473e-07,0.152633026,1.33299816,1.33299804,1.3329922,-0.00118350098,-0.437684566,0.390043914,-0.08993458,0.065820381,1.05662489,0.471259892,-2.57699003e-06,1.10262299e-05,0.229755372,1.48502004e-05,2.9474395e-05,-1.06170774e-07,-0.517574787,0.331049144,0.0681760684,-2.1600523,1.66450524,1.85293794,-1.10708809,1.0875628,0.000237547676,0.174795896,1.33299983,1.33299983,1.33299983
44.4666667,-0.515660763,0.300361007,0.0946822613,-2.16173315,1.66804874,1.9208349,-1.07720494,1.07879949,2.24553241e-06,0.167605296,1.33298624,1.33299494,1.33297622,-0.00525900535,-0.38433522,0.333927393,-0.0758060068,0.059505485,0.925428748,0.406858504,-6.3975358e-07,0.000138664414,0.212570876,-3.088429e-05,-2.12474733e-05,-2.7735161e-05,-0.519842088,0.304655552,0.0888184011,-2.16548514,1.66901696,1.91958475,-1.07787538,1.08705211,0.000249991164,0.187895104,1.33299983,1.33299983,1.33299983
44.5333333,-0.516204119,0.276937932,0.114485018,-2.16608286,1.67160082,1.97708142,-1.05262291,1.07838678,1.36703056e-05,0.181173623,1.33297873,1.33299112,1.33296943,-0.0123763084,-0.317537129,0.259188056,-0.0561691895,0.0527781099,0.759332061,0.327281535,-2.11122551e-05,-0.000169880106,0.189255059,-1.15082803e-05,0.00741572119,4.20113793e-08,-0.521745086,0.282502025,0.106144577,-2.17004514,1.67299902,1.97598684,-1.05335569,1.08662355,0.000260435656,0.198889956,1.33299983,1.33299983,1.33299983
44.6,-0.517221272,0.258448273,0.128768772,-2.16899323,1.67467356,2.0210073,-1.03384018,1.07838678,2.41810358e-05,0.192812994,1.33297646,1.33298898,1.33296943,-0.0194486119,-0.235677138,0.169793859,-0.0319627151,0.0402582511,0.553795755,0.233627185,-1.58578678e-06,2.90172029e-05,0.156492919,9.79413744e-06,2.17447814e-05,5.24451025e-08,-0.523203671,0.265522182,0.119424425,-2.17354035,1.67617941,2.019521,-1.03456223,1.08629489,0.000268440926,0.207317069,1.33299983,1.33299983,1.33299983
44.6666667,-0.51859647,0.245923623,0.136776462,-2.17023921,1.67684686,2.04993773,-1.02181697,1.07838678,3.92929906e-05,0.202010185,1.33296502,1.33297539,1.3329699,-0.0228213985,-0.138227105,0.0722638592,-0.00579925487,0.0268907361,0.31112498,0.124624155,-3.82330654e-06,7.3624673e-05,0.117005497,-0.000134074551,-9.03391046e-05,-0.000164573154,-0.524137616,0.254649669,0.12792778,-2.17577839,1.67828691,2.04756522,-1.02252829,1.08608449,0.000273566839,0.212713122,1.33299983,1.33299983,1.33299983
44.7333333,-0.520005882,0.240418807,0.138089627,-2.16971183,1.6779058,2.06127477,-1.01749051,1.07838678,6.8471898e-05,0.208238274,1.33295536,1.33296704,1.33296251,-0.0206334796,-0.024898557,-0.02987344,0.0212226044,0.0053822808,0.025566468,0.00260772603,-2.54295082e-06,0.00028211897,0.0694438741,1.09789107e-05,2.33141618e-05,-3.91301e-08,-0.524466753,0.250818014,0.130924493,-2.17656684,1.67904973,2.05749583,-1.01828742,1.08601034,0.000275373313,0.214614779,1.33299983,1.33299983,1.33299983
44.8,-0.518462539,0.241891041,0.129583403,-2.17214012,1.65502822,2.05403805,-1.02468586,1.08185971,0.0014865119,0.154158875,1.32303166,1.32329035,1.32388341,0.0419255719,0.0543163829,-0.158560738,-0.0597415976,-0.286665648,-0.113135867,-0.186869115,-1.05618819e-05,-0.000127531472,-0.613164783,4.06614854e-05,8.52215453e-05,-4.97093424e-08,-0.524466753,0.250818014,0.130924493,-2.17656684,1.67904973,2.05749583,-1.01828742,1.20596409,0.0212545898,0.0897067562,1.33299983,1.33299983,1.33299983
44.8666667,-0.514076591,0.248060182,0.116087802,-2.17716742,1.63582981,2.04579306,-1.04745579,1.08242357,0.00243491423,0.113733843,1.32296872,1.3232286,1.32382095,0.0783584043,0.123667642,-0.220750764,-0.0760525316,-0.249972463,-0.12991409,-0.382312328,-9.56902295e-06,-0.000192883308,-0.43964982,3.66586028e-05,0.000101874466,-4.79049049e-08,-0.524466753,0.250818014,0.130924493,-2.17656684,1.67904973,2.05749583,-1.01828742,1.24616504,0.0454875492,0.067167908,1.33299983,1.33299983,1.33299983
44.9333333,-0.508138895,0.258054972,0.100180142,-2.18331075,1.62079465,2.03434539,-1.08113945,1.08267415,0.00567687768,0.0602653287,1.32290208,1.32316995,1.32375658,0.0885143504,0.171341822,-0.229827285,-0.0969986245,-0.175695956,-0.150170863,-0.546162665,7.01017052e-06,-7.95890373e-05,-0.652927995,2.39931396e-05,5.2862335e-05,-9.19681042e-09,-0.524466753,0.250818014,0.130924493,-2.17656684,1.67904973,2.05749583,-1.01828742,1.24616504,0.0706382096,0,1.33299983,1.33299983,1.33299983
45,-0.502272248,0.270941913,0.0853446946,-2.19090462,1.6154598,2.0215342,-1.12671208,1.08268106,0.00485743163,0.0286700949,1.32287407,1.32314634,1.32372618,0.0816957653,0.215472877,-0.201570287,-0.112625919,-0.0390563905,-0.174841076,-0.713289618,2.18972564e-05,-0.0281024538,-0.319564044,-4.03473096e-05,-5.99160558e-05,-2.07219273e-08,-0.524466753,0.250818014,0.130924493,-2.17656684,1.67904973,2.05749583,-1.01828742,1.24616504,0.0498267673,0,1.33299983,1.33299983,1.33299983
45.0666667,-0.498476386,0.286796421,0.0762310699,-2.19769788,1.6069144,2.01464033,-1.16558468,1.08268237,0.00566437421,0.0130976923,1.3225106,1.32277727,1.3233521,0.0370358154,0.256730199,-0.0821290463,-0.0797504485,-0.10617958,-0.0482327119,-0.555707395,8.70427357e-06,0.000381526217,-0.143452018,9.55436553e-06,2.04902317e-05,-2.47382559e-10,-0.524466753,0.250818014,0.130924493,-2.17656684,1.67904973,2.05749583,-1.01828742,1.24616504,0.0687027201,0,1.33299983,1.33299983,1.33299983
45.1333333,-0.497290432,0.305189669,0.0743653998,-2.20253468,1.60626566,2.00991035,-1.21103096,1.08275425,0.00457734521,0.0063538854,1.32250822,1.32277513,1.32859612,0.00489573134,0.288979977,0.00904533081,-0.0510025397,0.0338227078,-0.0621825419,-0.684365749,-4.49443687e-05,-0.0783021748,-0.0730381683,5.37242158e-07,-0.000386910804,0.1117393,-0.524466753,0.250818014,0.130924493,-2.17656684,1.67904973,2.05749583,-1.01828742,1.24616504,0.046000395,0,1.33299983,1.33299983,1.33299983
45.2,-0.497449011,0.325506926,0.0765926987,-2.2051208,1.61277449,2.00495982,-1.26202178,1.08269835,0.00516245607,2.57943975e-06,1.32962358,1.32981575,1.33300006,-0.00257967669,0.313160837,0.0385050699,-0.00761121884,0.115413338,-0.0984508097,-0.7495175,5.80691631e-06,6.09568087e-06,-6.22876541e-08,0.149089828,0.146113709,-3.74367983e-06,-0.524466753,0.250818014,0.130924493,-2.17656684,1.67904973,2.05749583,-1.01828742,1.24616504,0.0618600249,0,1.33299983,1.33299983,1.33299983
45.2666667,-0.496629804,0.34741044,0.0769693404,-2.20242667,1.61523128,2.00008011,-1.30652356,1.0791446,0.0109895347,2.10147664e-06,1.33300018,1.33300006,1.3330003,0.0252872072,0.331214726,-0.024416538,0.0848620534,0.0242052861,-0.0944548473,-0.592170715,7.18086267e-06,1.22399651e-05,-7.37045411e-08,-6.02899581e-06,-9.10093513e-06,-3.47008381e-06,-0.524466753,0.250818014,0.130924493,-2.17656684,1.67904973,2.05749583,-1.01828742,1.15659392,0.0626395121,0,1.33299983,1.33299983,1.33299983
45.3333333,-0.494566321,0.369304419,0.0743316934,-2.19516683,1.61173558,1.99320936,-1.3420645,1.08069313,0.0143567827,5.77512856e-06,1.33300006,1.33300006,1.33300006,0.0348741151,0.319411278,-0.0503957607,0.135092363,-0.066041179,-0.120738298,-0.482286215,0.000139235955,-0.000295434787,0.00536608463,0.000258793647,0.000269613345,0.000231982092,-0.524466753,0.250818014,0.130924493,-2.17656684,1.67904973,2.05749583,-1.01828742,1.24616504,0.0765164047,0,1.33299983,1.33299983,1.33299983
45.4,-0.491893768,0.389590055,0.0698068663,-2.18515754,1.60266912,1.98578787,-1.36956251,1.08069324,0.015491196,2.53564258e-06,1.33300018,1.33300018,1.33299994,0.0432688817,0.286730826,-0.0795318633,0.166613266,-0.150092751,-0.127427951,-0.36302501,6.19584171e-07,-1.1021737e-05,0.000770112558,-0.000104032457,-6.74707117e-05,-0.000104704915,-0.524466753,0.250818014,0.130924493,-2.17656684,1.67904973,2.05749583,-1.01828742,1.24616504,0.0956894681,0,1.33299983,1.33299983,1.33299983
45.4666667,-0.490359843,0.405475736,0.0677293837,-2.17934918,1.61863768,1.99028051,-1.40234518,1.08056974,0.0143607222,0.00082051364,1.33300173,1.3330003,1.33300149,0.0189810544,0.194449589,-0.0289850719,0.0290226582,0.27775538,0.0654927716,-0.49711439,3.88236876e-05,0.000522183371,9.90694389e-08,-0.00387259759,-0.00285448832,-0.00406630011,-0.524466753,0.250818014,0.130924493,-2.17656684,1.67904973,2.05749583,-1.01828742,1.23856902,0.073505789,0,1.33299983,1.33299983,1.33299983
45.5333333,-0.489615232,0.415561348,0.0665667281,-2.18127203,1.6357578,1.99866378,-1.4324106,1.08008587,0.0143211894,0.000864938949,1.33300006,1.33300006,1.33300006,0.00651357742,0.112176932,-0.0122049646,-0.0692765713,0.263388097,0.119950712,-0.433878869,1.7894854e-06,3.28761525e-05,4.66243364e-08,-4.18984564e-05,-3.77463548e-05,-4.42790188e-05,-0.524466753,0.250818014,0.130924493,-2.17656684,1.67904973,2.05749583,-1.01828742,1.19136047,0.0724310651,0,1.33299983,1.33299983,1.33299983
45.6,-0.490215361,0.419080794,0.0677135065,-2.19044638,1.65152538,2.00720739,-1.45976877,1.07120383,0.0256318953,0.000912485935,1.33299947,1.33299911,1.33299983,-0.0209033489,0.0046454086,0.0406101644,-0.184351698,0.264784068,0.13269034,-0.391085684,-9.25064087e-05,0.00150711089,7.2887633e-07,-0.000710480614,-0.00108957791,-0.00040217358,-0.524466753,0.250818014,0.130924493,-2.17656684,1.67904973,2.05749583,-1.01828742,1.08870602,0.0977004319,0,1.33299983,1.33299983,1.33299983
45.6666667,-0.492716491,0.415974885,0.0727171898,-2.20791173,1.67469227,2.01473069,-1.49526358,1.07407308,0.0247384515,0.00095717673,1.33299804,1.33299446,1.33299923,-0.0494367257,-0.0849769637,0.0991665795,-0.30819121,0.382365674,0.117078178,-0.562389076,-1.21207959e-05,2.82816472e-05,7.10133463e-08,-3.5745903e-05,-3.16156329e-05,-3.91281246e-05,-0.524466753,0.250818014,0.130924493,-2.17656684,1.67904973,2.05749583,-1.01828742,1.20114756,0.110835925,0,1.33299983,1.33299983,1.33299983
45.7333333,-0.496441275,0.407775164,0.079950057,-2.23168826,1.70458853,2.02172804,-1.53856862,1.07211161,0.0254465025,0.00100049505,1.3329953,1.33299005,1.33299828,-0.0594864935,-0.150544673,0.112204671,-0.382951915,0.478780001,0.0978380218,-0.661588073,-5.22944902e-06,1.79627677e-05,6.19329512e-08,-3.0287405e-05,-2.37115328e-05,-3.54400945e-05,-0.524466753,0.250818014,0.130924493,-2.17656684,1.67904973,2.05749583,-1.01828742,1.10881436,0.109934516,0,1.33299983,1.33299983,1.33299983
45.8,-0.500336468,0.397285491,0.0871811658,-2.25725484,1.7382201,2.03057933,-1.58350849,1.07304156,0.0254070107,0.00404652255,1.33299339,1.33298695,1.33299816,-0.0556400344,-0.163665414,0.100386769,-0.379507512,0.517402232,0.125580594,-0.671195805,0.00060277537,-0.00374968466,0.0508045815,0.00337852817,0.00353769748,0.00312994118,-0.524466753,0.250818014,0.130924493,-2.17656684,1.67904973,2.05749583,-1.01828742,1.18356097,0.12817198,0.00710853934,1.33299983,1.33299983,1.33299983
45.8666667,-0.50418973,0.386433691,0.0941729546,-2.28321767,1.77267778,2.03950429,-1.62912369,1.07581854,0.0239917748,0.00274314731,1.33298671,1.33298445,1.33299589,-0.0585094728,-0.16257827,0.106788822,-0.389434636,0.542233169,0.124230549,-0.695522487,0.000596022583,-0.00242670393,-5.29363751e-06,0.00335370121,0.00351702748,0.00311263488,-0.524466753,0.250818014,0.130924493,-2.17656684,1.67904973,2.05749583,-1.01828742,1.24616504,0.10695,0,1.33299983,1.33299983,1.33299983
45.9333333,-0.507576883,0.377535701,0.100731462,-2.30595326,1.81108534,2.0499146,-1.6761018,1.07515419,0.0241944958,0.00275475904,1.33298671,1.33298016,1.33299649,-0.0442096405,-0.115690917,0.0884097666,-0.307418764,0.577558219,0.142560393,-0.690251887,-2.87031799e-06,0.000500735478,7.92715582e-08,3.6054189e-05,2.99505973e-05,4.29077045e-05,-0.524466753,0.250818014,0.130924493,-2.17656684,1.67904973,2.05749583,-1.01828742,1.18778074,0.111026034,0,1.33299983,1.33299983,1.33299983
46,-0.509500384,0.371772826,0.104828753,-2.32322741,1.84881711,2.05931807,-1.72091198,1.07567501,0.0243015047,0.00225308537,1.33298445,1.33297777,1.33299351,-0.0190618467,-0.0695774108,0.0439476855,-0.229452744,0.557261527,0.116789609,-0.657981575,0.000612789241,-0.00349804107,-5.14835119e-06,0.00204178644,0.00202528737,0.00199239072,-0.524466753,0.250818014,0.130924493,-2.17656684,1.67904973,2.05749583,-1.01828742,1.24616504,0.129058838,0,1.33299983,1.33299983,1.33299983
46.0666667,-0.51101476,0.369535118,0.109316781,-2.33551049,1.88771963,2.06818724,-1.76541352,1.07534158,0.0239860956,0.00103548728,1.3329879,1.33298433,1.33299971,-0.025625933,-0.0121079683,0.082902655,-0.155861333,0.584385455,0.125797272,-0.659517884,6.64917316e-05,0.000637413585,-0.00102942623,-0.000203458709,-0.00763575546,-0.00750756171,-0.524466753,0.250818014,0.130924493,-2.17656684,1.67904973,2.05749583,-1.01828742,1.2014401,0.0894548148,0,1.33299983,1.33299983,1.33299983
46.1333333,-0.513928115,0.370498091,0.118589006,-2.34327602,1.92827499,2.07729959,-1.80965579,1.07107592,0.0252538156,0.00103499508,1.33298826,1.33298385,1.33299792,-0.0551513806,0.028454965,0.173406214,-0.0939111933,0.607777715,0.14194645,-0.655552745,-0.0269801281,0.0757152513,-0.00248189922,0.0049573672,0.00376361562,0.00251075579,-0.524466753,0.250818014,0.130924493,-2.17656684,1.67904973,2.05749583,-1.01828742,1.08154428,0.0666519627,0,1.33299983,1.33299983,1.33299983
46.2,-0.517336428,0.372825891,0.12994808,-2.34721708,1.96863651,2.08679008,-1.85228491,1.05790138,0.0301877484,0.00103734317,1.33298767,1.33298409,1.33299589,-0.0473452806,0.0339014754,0.162599966,-0.0462571792,0.576392114,0.135645673,-0.600594223,-0.188772589,0.0801890865,-0.00701420475,0.00620251801,-0.00718537346,-0.0071028294,-0.524466753,0.250818014,0.130924493,-2.17656684,1.67904973,2.05749583,-1.01828742,1.04246616,0.0930048972,0,1.33299983,1.33299983,1.33299983
46.2666667,-0.519053102,0.373613596,0.136875406,-2.35115218,2.0069499,2.09234762,-1.89066863,1.06199908,0.0293194298,0.058854837,1.3328222,1.33282864,1.33285654,-0.0139223207,-0.00775995059,0.0677865669,-0.0658097416,0.528719425,0.0536074415,-0.547893405,0.0842926949,-0.0763907582,0.776310682,0.00125829224,0.00136224087,-0.00315638911,-0.524466753,0.250818014,0.130924493,-2.17656684,1.67904973,2.05749583,-1.01828742,1.11944377,0.114416659,0.136444062,1.33299983,1.33299983,1.33299983
46.3333333,-0.518728077,0.370437205,0.13725774,-2.35720992,2.03867126,2.09263563,-1.92461646,1.07475662,0.0247586612,0.119586937,1.33283687,1.33284354,1.33286476,0.0130118001,-0.0768554285,-0.0265365578,-0.110158645,0.439124256,-0.0219965484,-0.493833721,2.69308111e-05,0.000330596697,0.707515895,-0.000297866296,-0.000314994773,-0.00642358745,-0.524466753,0.250818014,0.130924493,-2.17656684,1.67904973,2.05749583,-1.01828742,1.2345686,0.13181372,0.191040099,1.33299983,1.33299983,1.33299983
46.4,-0.517194211,0.363309592,0.132930845,-2.36676002,2.06542945,2.09019303,-1.95662713,1.07187569,0.0259867758,0.181379706,1.33283365,1.33284187,1.332865,0.0234740078,-0.127647862,-0.0763803646,-0.164063796,0.369832993,-0.0484991446,-0.457511872,-1.96259134e-06,-7.78038229e-05,0.759367943,2.44001567e-05,5.14636922e-05,-2.78902007e-07,-0.524466753,0.250818014,0.130924493,-2.17656684,1.67904973,2.05749583,-1.01828742,1.10846126,0.145948827,0.249409586,1.33299983,1.33299983,1.33299983
46.4666667,-0.517415166,0.356615245,0.133208826,-2.37343049,2.09372711,2.09166646,-1.98831284,1.0640595,0.0287461076,0.230508417,1.32830966,1.32832646,1.32848763,-0.0237927288,-0.0863085762,0.0577774905,-0.0786615461,0.4107458,0.0562031232,-0.458064497,-0.0920210555,0.0786232948,0.592588305,-0.0606241077,-0.0611769706,-0.0573665239,-0.524466753,0.250818014,0.130924493,-2.17656684,1.67904973,2.05749583,-1.01828742,1.06763935,0.141889557,0.293084681,1.33299983,1.33299983,1.33299983
46.5333333,-0.521655142,0.351753771,0.143508881,-2.37907171,2.1243825,2.09723163,-2.02260923,1.05653632,0.0314820819,0.256487191,1.32815957,1.32817817,1.32834125,-0.0901652575,-0.0747842044,0.213540941,-0.100804448,0.494365662,0.0839411989,-0.538072407,-0.0735300705,-0.0131342635,0.319228828,-0.00024917163,-0.00053825567,4.42822056e-07,-0.524466753,0.250818014,0.130924493,-2.17656684,1.67904973,2.05749583,-1.01828742,1.06384242,0.148378924,0.292196184,1.33299983,1.33299983,1.33299983
46.6,-0.529001236,0.346653134,0.160644189,-2.38660979,2.15900517,2.10433388,-2.06185031,1.02787066,0.0376521125,0.280148983,1.32806301,1.32808518,1.32824969,-0.121590145,-0.0837254152,0.277950019,-0.130125493,0.538892448,0.0981226042,-0.569128811,-0.24488537,-1.88348931e-05,0.307955921,8.11359132e-06,1.3989149e-05,3.2952812e-08,-0.524466753,0.250818014,0.130924493,-2.17656684,1.67904973,2.05749583,-1.01828742,0.969746292,0.159408063,0.314909577,1.33299983,1.33299983,1.33299983
46.6666667,-0.534887075,0.338058859,0.1721517,-2.39939356,2.19012499,2.1083672,-2.09805608,1.02629471,0.0376617461,0.308477134,1.32779992,1.3278259,1.32800901,-0.0969543383,-0.133523867,0.187978625,-0.210366488,0.495951533,0.0339006968,-0.588335097,1.78294213e-05,0.000492209569,0.459283799,-0.00568430033,-0.00553963566,-8.59872671e-08,-0.524466753,0.250818014,0.130924493,-2.17656684,1.67904973,2.05749583,-1.01828742,1.02203405,0.168369234,0.363146782,1.33299983,1.33299983,1.33299983
46.7333333,-0.541167557,0.328725576,0.183982462,-2.41382623,2.22497988,2.11069441,-2.13846231,1.01814795,0.0375861861,0.347838849,1.32768536,1.32771814,1.3279345,-0.0947908312,-0.155678287,0.168552682,-0.22540991,0.518480718,0.0038863942,-0.569480419,-0.0893288925,-0.00201712921,0.595310688,-6.21871441e-05,-0.000136842136,9.48784873e-08,-0.524466753,0.250818014,0.130924493,-2.17656684,1.67904973,2.05749583,-1.01828742,0.989845157,0.173658013,0.428864896,1.33299983,1.33299983,1.33299983
46.8,-0.547129035,0.320389658,0.19563444,-2.42701221,2.26311111,2.11295152,-2.18228674,0.986824751,0.0379688591,0.40174678,1.32969165,1.32974684,1.3299793,-0.0832134858,-0.117859513,0.163344041,-0.188030154,0.556358337,0.00592520647,-0.613305509,-0.383176148,6.28177077e-07,0.839700878,0.061183963,0.0606715046,0.0633764565,-0.524466753,0.250818014,0.130924493,-2.17656684,1.67904973,2.05749583,-1.01828742,0.909623504,0.179947332,0.513673127,1.33299983,1.33299983,1.33299983
46.8666667,-0.552183986,0.313542962,0.205989406,-2.43806195,2.2996726,2.11436534,-2.22463655,0.946796119,0.0390492342,0.463015825,1.33174133,1.33178484,1.33204246,-0.0741241202,-0.10322611,0.149508789,-0.160332963,0.525196075,-0.00613968074,-0.593607008,-0.502336264,5.30676916e-05,0.757800162,-6.77951612e-05,-0.000132805901,5.70435077e-08,-0.524466753,0.250818014,0.130924493,-2.17656684,1.67904973,2.05749583,-1.01828742,0.859154701,0.185057387,0.582579851,1.33299983,1.33299983,1.33299983
46.9333333,-0.556561768,0.309081614,0.216304004,-2.44600654,2.33645487,2.11648607,-2.26829219,0.893260002,0.0410273671,0.509235919,1.3313334,1.33137643,1.33165777,-0.0589950345,-0.0766230524,0.132305011,-0.1205988,0.517925501,-0.02765592,-0.584743679,-0.71317023,0.000110372901,0.73264879,-0.000153970905,-0.000280411681,-4.1388208e-05,-0.524466753,0.250818014,0.130924493,-2.17656684,1.67904973,2.05749583,-1.01828742,0.803437471,0.184169516,0.638566494,1.33299983,1.33299983,1.33299983
47,-0.560775816,0.304779917,0.226089969,-2.45279193,2.36788607,2.11958623,-2.30838108,0.837468028,0.0427300222,0.549269497,1.33033359,1.33038104,1.33066046,-0.0651383474,-0.07173343,0.14306286,-0.0953485966,0.400235385,0.030188553,-0.535768986,-0.698797941,-0.0563691743,0.496121466,-0.000306564383,-0.000626622234,-1.3587065e-05,-0.524466753,0.250818014,0.130924493,-2.17656684,1.67904973,2.05749583,-1.01828742,0.758167267,0.166918233,0.661649942,1.33299983,1.33299983,1.33299983
47.0666667,-0.565492451,0.299834281,0.236172155,-2.46090817,2.39628029,2.12235713,-2.34638691,0.805002987,0.0350483693,0.56944561,1.33007765,1.33011723,1.33037913,-0.079129979,-0.0874523446,0.158641547,-0.148626179,0.449217498,-0.0109870415,-0.595982492,-0.323734432,-0.123377539,0.230909467,-0.00246505719,-0.00193622662,-0.000224583782,-0.524466753,0.250818014,0.130924493,-2.17656684,1.67904973,2.05749583,-1.01828742,0.761026502,0.174471244,0.702811003,1.33299983,1.33299983,1.33299983
47.1333333,-0.572349548,0.292555779,0.248826459,-2.47233915,2.42375779,2.12385583,-2.38377738,0.786143005,0.0331829153,0.561353147,1.32977545,1.32977879,1.33003974,-0.115211651,-0.127329811,0.20231986,-0.198470533,0.453731537,-0.0287970025,-0.558570445,-0.167763397,-0.0903347433,-0.105822779,-0.00664777961,0.0032615806,-2.33859755e-05,-0.524466753,0.250818014,0.130924493,-2.17656684,1.67904973,2.05749583,-1.01828742,0.723708272,0.180608079,0.61063689,1.33299983,1.33299983,1.33299983
47.2,-0.580467522,0.285075992,0.263573229,-2.48633504,2.4533031,2.12419891,-2.42054939,0.777064741,0.0314709209,0.504341066,1.32868147,1.32906699,1.32925689,-0.119699284,-0.123832054,0.205655411,-0.238873184,0.462835222,-0.0468771718,-0.546356738,-0.295042008,6.98957592e-05,-0.710699081,0.00651314529,0.000931891263,0.00133814116,-0.524466753,0.250818014,0.130924493,-2.17656684,1.67904973,2.05749583,-1.01828742,0.716819763,0.185594246,0.472338259,1.33299983,1.33299983,1.33299983
47.2666667,-0.588615716,0.277626246,0.278139085,-2.50164008,2.48680878,2.12107635,-2.4564209,0.771847308,0.0307465643,0.504025161,1.32947671,1.32874,1.32893682,-0.123745658,-0.119514704,0.213404819,-0.237317666,0.501471698,-0.0821717829,-0.514229596,1.70210405e-05,0.000210509636,0.131458744,-7.20524695e-05,-0.000154595473,1.69733539e-07,-0.524466753,0.250818014,0.130924493,-2.17656684,1.67904973,2.05749583,-1.01828742,0.724210441,0.189645514,0.548995256,1.33299983,1.33299983,1.33299983
47.3333333,-0.596824288,0.271511704,0.293866813,-2.51445222,2.52598214,2.11644864,-2.494169,0.765567243,0.0287993141,0.515358686,1.33180022,1.33127117,1.33141899,-0.129375488,-0.0728741288,0.26393351,-0.132449374,0.578365564,0.0203431491,-0.502958715,-0.0647936165,0.00018497929,0.361147612,-2.78933439e-05,-0.000119666103,4.81964089e-05,-0.524466753,0.250818014,0.130924493,-2.17656684,1.67904973,2.05749583,-1.01828742,0.702303231,0.192399785,0.611279011,1.33299983,1.33299983,1.33299983
47.4,-0.605415106,0.265747875,0.310500234,-2.52241755,2.56169653,2.11659789,-2.52644825,0.762972116,0.0280200634,0.548657537,1.33206379,1.33155525,1.33170986,-0.137607411,-0.0996565744,0.254829079,-0.107336991,0.50081265,0.0174262878,-0.436460465,4.47144994e-05,-0.000474375673,0.570687056,7.67547172e-05,0.000285705319,-0.000126715982,-0.524466753,0.250818014,0.130924493,-2.17656684,1.67904973,2.05749583,-1.01828742,0.675995648,0.180191562,0.653873801,1.33299983,1.33299983,1.33299983
47.4666667,-0.614683568,0.259924948,0.328185201,-2.52787256,2.59435582,2.12028623,-2.55676103,0.760178566,0.025990013,0.586600721,1.33150542,1.33101177,1.33118749,-0.148136944,-0.0893193334,0.279775292,-0.0709740296,0.471650869,0.0661711395,-0.411781669,0.0276423153,0.000989915803,0.557697713,0.000125965104,0.000196353416,5.02509065e-05,-0.524466753,0.250818014,0.130924493,-2.17656684,1.67904973,2.05749583,-1.01828742,0.654620707,0.158414453,0.69649291,1.33299983,1.33299983,1.33299983
47.5333333,-0.624496102,0.253632069,0.346023113,-2.53418946,2.62281418,2.12535334,-2.58504415,0.759352267,0.0223169271,0.598985434,1.33127844,1.3308028,1.33099711,-0.154370785,-0.0960198045,0.27833879,-0.113688827,0.449056745,0.0512359552,-0.409554303,-3.45276203e-06,-0.0038536489,0.0813908651,-2.44544353e-05,-9.72335692e-05,3.68768815e-05,-0.524466753,0.250818014,0.130924493,-2.17656684,1.67904973,2.05749583,-1.01828742,0.645801783,0.154689446,0.690436482,1.33299983,1.33299983,1.33299983
47.6,-0.629651487,0.250481218,0.356708378,-2.54468918,2.65402794,2.11616969,-2.60753655,0.756819785,0.0188373215,0.604782879,1.33138859,1.3309083,1.33110917,-0.047269132,-0.0197953377,0.119604558,-0.170424566,0.449863046,-0.231505454,-0.300730765,-0.000381880527,-0.00902003981,4.02703881e-06,-0.00202484173,-0.00202061655,-0.00198897161,-0.524466753,0.250818014,0.130924493,-2.17656684,1.67904973,2.05749583,-1.01828742,0.63008821,0.134787142,0.683593512,1.33299983,1.33299983,1.33299983
47.6666667,-0.628905833,0.252292663,0.359356403,-2.55707622,2.68380427,2.09433699,-2.6257062,0.756755233,0.0182632823,0.604215801,1.33133233,1.33085454,1.33106029,0.0315846689,0.0331856348,0.00076840492,-0.206767991,0.43209216,-0.446096867,-0.222133711,0.0398623645,-0.00225024438,0.112097047,-0.000179272844,-0.000321081141,-0.000112107722,-0.524466753,0.250818014,0.130924493,-2.17656684,1.67904973,2.05749583,-1.01828742,0.617320955,0.129853785,0.67778486,1.33299983,1.33299983,1.33299983
47.7333333,-0.625236809,0.256367058,0.357504904,-2.57168365,2.70915079,2.0648005,-2.64223933,0.757217407,0.0220672656,0.577897012,1.33081853,1.33034873,1.33057868,0.064860642,0.07761617,-0.0355220139,-0.226355031,0.395433903,-0.512458861,-0.235754535,0.0357679464,-0.0863140225,-0.239117935,-0.000304391491,-0.000681067933,6.45639375e-07,-0.524466753,0.250818014,0.130924493,-2.17656684,1.67904973,2.05749583,-1.01828742,0.606947541,0.128090993,0.588651359,1.33299983,1.33299983,1.33299983
47.8,-0.620345771,0.262308538,0.35439688,-2.58752227,2.7353828,2.02877975,-2.65886617,0.755366981,0.0214899611,0.564263582,1.33033335,1.32987154,1.33011866,0.0704633594,0.0986927971,-0.0344823673,-0.231353268,0.419535279,-0.590455234,-0.268514782,-0.211446092,0.00279266108,-0.0563329943,-0.00313899037,-0.00320375897,-0.00300644245,-0.524466753,0.250818014,0.130924493,-2.17656684,1.67904973,2.05749583,-1.01828742,0.598519146,0.142924115,0.607728899,1.33299983,1.33299983,1.33299983
47.8666667,-0.61510253,0.27001521,0.351731569,-2.60131431,2.76221752,1.99215603,-2.67383862,0.753471017,0.0198224783,0.560573339,1.32950139,1.32905507,1.32934141,0.0685321316,0.115749456,-0.0222827792,-0.194117278,0.403489649,-0.579963267,-0.193188816,-6.602332e-05,-0.000650484115,0.0771170929,0.000245078932,0.000417998992,6.05918467e-05,-0.524466753,0.250818014,0.130924493,-2.17656684,1.67904973,2.05749583,-1.01828742,0.59167105,0.145403445,0.613933563,1.33299983,1.33299983,1.33299983
47.9333333,-0.610022485,0.27830255,0.349395514,-2.613765,2.78641438,1.95624661,-2.68708491,0.753665924,0.0210400261,0.558433235,1.32872844,1.32828975,1.32864785,0.0669955313,0.126995161,-0.0172188338,-0.175703853,0.359853268,-0.561281264,-0.164600715,-6.09221752e-05,0.0287715718,0.0718132854,0.000255506136,0.0004859576,5.16716391e-05,-0.524466753,0.250818014,0.130924493,-2.17656684,1.67904973,2.05749583,-1.01828742,0.586107016,0.156990483,0.610818386,1.33299983,1.33299983,1.33299983
48,-0.604488254,0.287948728,0.346268892,-2.62529421,2.80648994,1.92058098,-2.6991756,0.753848255,0.0217744615,0.542896926,1.32774472,1.32732964,1.32770526,0.0982805863,0.163467541,-0.146426037,-0.119124316,-0.00101671088,-0.534179986,-0.041133672,1.34556758e-05,-0.000171301886,-0.172759518,-0.0532809645,-0.0513499454,-0.0515188985,-0.524466753,0.250818014,0.130924493,-2.17656684,1.67904973,2.05749583,-1.01828742,0.581586182,0.141426787,0.565651476,1.33299983,1.33299983,1.33299983
48.0666667,-0.598884642,0.301916122,0.33637026,-2.63026261,2.80649948,1.88357151,-2.70204544,0.753138065,0.0178801678,0.551807046,1.32824981,1.3279233,1.32822847,0.0485129803,0.215417534,-0.112745747,-0.0561180823,0.000204050681,-0.57110256,0.0049264757,0.0734532028,-1.99014321e-05,0.291887075,0.0739132091,0.0784130245,0.0723965392,-0.524466753,0.250818014,0.130924493,-2.17656684,1.67904973,2.05749583,-1.01828742,0.584021091,0.128817484,0.624812245,1.33299983,1.33299983,1.33299983
48.1333333,-0.596617937,0.316517264,0.329474539,-2.63384533,2.80649948,1.84653842,-2.70623946,0.753290355,0.0178470649,0.571710885,1.33144009,1.33154511,1.33165061,0.0050402768,0.221073732,-0.0595250353,-0.0410516784,-0.00482232915,-0.573938668,-0.0598835126,3.61353159e-05,0.0810866728,0.307406187,0.0562688597,0.0602780432,0.057315506,-0.524466753,0.250818014,0.130924493,-2.17656684,1.67904973,2.05749583,-1.01828742,0.579891443,0.100019336,0.63501972,1.33299983,1.33299983,1.33299983
48.2,-0.596439302,0.331367224,0.325029224,-2.63626671,2.80648685,1.81094146,-2.71078706,0.752616882,0.0147242984,0.598189294,1.33172226,1.33188438,1.33198237,-0.00901710149,0.221677274,-0.0421221405,-0.0218168776,-0.00033741392,-0.479806125,-0.0496358201,2.25913245e-05,-0.0838778466,0.322469205,-0.000109546119,-0.000242090318,8.61554872e-06,-0.524466753,0.250818014,0.130924493,-2.17656684,1.67904973,2.05749583,-1.01828742,0.576536059,0.120115891,0.681173921,1.33299983,1.33299983,1.33299983
48.2666667,-0.597150803,0.346201003,0.322152972,-2.63914919,2.806499,1.77732241,-2.71672654,0.74717921,0.00845185947,0.607411206,1.33172905,1.33189559,1.332021,-0.0238819383,0.240148097,-0.0199331529,-0.0181645304,6.57942728e-05,-0.52457273,-0.023253886,0.105556294,-0.126229256,0.218576744,0.000867641065,3.79853882e-05,-0.00127316697,-0.524466753,0.250818014,0.130924493,-2.17656684,1.67904973,2.05749583,-1.01828742,0.573809803,0.132720903,0.677799881,1.33299983,1.33299983,1.33299983
48.3333333,-0.598325908,0.361746162,0.3199009,-2.64226532,2.80649924,1.74313092,-2.72315288,0.747268915,0.00656646397,0.609803796,1.33110404,1.33130431,1.33147144,-0.0349467322,0.236117765,-0.00546882674,-0.0364946499,0.000338591868,-0.542467713,-0.0663808063,-4.53758985e-05,-0.00418253522,0.0834704563,0.000103257829,0.000103538157,6.28635753e-05,-0.524466753,0.250818014,0.130924493,-2.17656684,1.67904973,2.05749583,-1.01828742,0.571594775,0.135820895,0.683983028,1.33299983,1.33299983,1.33299983
48.4,-0.599760592,0.378132284,0.318153203,-2.64510846,2.806499,1.70876789,-2.73029184,0.747139752,0.00543189282,0.609257936,1.33095479,1.33116674,1.33135486,-0.0319773592,0.248762175,-0.00918616913,-0.0323420577,0.000868284027,-0.537459433,-0.0701047257,0.0299113039,-0.00288199913,0.0561995581,4.66611236e-05,-4.42843884e-06,5.46989031e-05,-0.524466753,0.250818014,0.130924493,-2.17656684,1.67904973,2.05749583,-1.01828742,0.569795012,0.104612149,0.668005109,1.33299983,1.33299983,1.33299983
48.4666667,-0.599962115,0.395458102,0.315553576,-2.64918017,2.80649519,1.67323351,-2.73907518,0.747448266,0.00823514536,0.569944561,1.33115232,1.33137333,1.33157587,-0.00592760183,0.281536907,-0.0250874627,-0.0374841057,-0.00355599029,-0.547389805,-0.100636579,-3.44589353e-05,-0.00285948813,-0.415193915,0.000380286423,0.000767357182,-7.93486834e-07,-0.524466753,0.250818014,0.130924493,-2.17656684,1.67904973,2.05749583,-1.01828742,0.568332732,0.113713101,0.557660937,1.33299983,1.33299983,1.33299983
48.5333333,-0.599750936,0.414746553,0.31230402,-2.65187573,2.80649567,1.63429761,-2.74674177,0.748010874,0.00745785236,0.573882759,1.33129287,1.33150828,1.33175862,-0.00830679759,0.287292719,-0.0223395117,-0.0396175757,-0.0098146759,-0.615182936,-0.137255564,-0.0610063039,0.0638687238,0.111811072,-0.00262181461,-0.0054272227,5.53578138e-06,-0.524466753,0.250818014,0.130924493,-2.17656684,1.67904973,2.05749583,-1.01828742,0.567144632,0.100614943,0.618319929,1.33299983,1.33299983,1.33299983
48.6,-0.598994553,0.435146272,0.308725655,-2.65329289,2.80649281,1.59433401,-2.75585675,0.747835696,0.00648894254,0.5852741,1.3320353,1.33224511,1.33250391,0.0125125246,0.309210628,-0.052172292,-0.0243840367,0.00338545861,-0.65723449,-0.12623018,2.01832154e-05,0.000119831413,0.17749469,-0.000124220271,-0.000260483241,1.72224827e-06,-0.524466753,0.250818014,0.130924493,-2.17656684,1.67904973,2.05749583,-1.01828742,0.566179276,0.0977801085,0.641605854,1.33299983,1.33299983,1.33299983
48.6666667,-0.59792614,0.456434697,0.305035144,-2.65254188,2.80649424,1.55323339,-2.76494455,0.747675955,0.00222633942,0.60612148,1.33203483,1.33224308,1.33250725,0.0228079278,0.305233598,-0.0529889576,0.00988311134,-0.000503455871,-0.602291107,-0.151969552,-0.0881088153,-0.143931553,0.242441311,-0.000215625623,-0.0004618885,-9.42428596e-06,-0.524466753,0.250818014,0.130924493,-2.17656684,1.67904973,2.05749583,-1.01828742,0.571321726,0.0827485621,0.686525166,1.33299983,1.33299983,1.33299983
48.7333333,-0.595530868,0.476799339,0.300851613,-2.65203357,2.80649853,1.51501107,-2.77335382,0.744720638,-2.44321909e-05,0.612137318,1.33205712,1.33223903,1.33250308,0.0266650673,0.305886537,-0.0420457199,0.0144559164,-0.00137773179,-0.559772134,-0.0865375996,-0.0392034836,0.0055599194,4.16301191e-06,-0.00906478427,-0.0102099907,-0.00926543027,-0.524466753,0.250818014,0.130924493,-2.17656684,1.67904973,2.05749583,-1.01828742,0.569573164,0.0975507349,0.723022103,1.33299983,1.33299983,1.33299983
48.8,-0.593439341,0.497573972,0.29724738,-2.65100527,2.80649853,1.47814608,-2.78027892,0.739398301,-2.85446731e-05,0.61422956,1.33246064,1.33264029,1.33290303,0.0294195637,0.316591442,-0.0548263527,0.0258882921,-0.000926205365,-0.512333035,-0.0480409414,0.132792041,0.00116302725,0.0619205795,-0.00037633907,-0.000818159431,4.61330637e-06,-0.524466753,0.250818014,0.130924493,-2.17656684,1.67904973,2.05749583,-1.01828742,0.568152487,0.11694099,0.752675891,1.33299983,1.33299983,1.33299983
48.8666667,-0.591374755,0.508560598,0.294232875,-2.6463244,2.80531144,1.47079849,-2.76747561,0.753135264,2.41669636e-06,0.598406911,1.32606506,1.32586706,1.32579446,0.0621488579,0.027960157,-0.113233507,0.0773341432,-0.0615764931,0.0719059184,0.381085724,1.45156973e-05,-0.000431867084,-0.173381478,-0.0666389316,-0.0722948909,-0.0788532495,-0.591281593,0.500251234,0.294372618,-2.64744759,2.80190015,1.48054624,-2.762748,0.746962726,0,0.599341512,1.33299983,1.33299983,1.33299983
48.9333333,-0.585781455,0.507473707,0.282575279,-2.63924098,2.79363871,1.48557293,-2.7263031,0.760611355,-1.07610103e-05,0.572597265,1.32130277,1.32052743,1.31984818,0.0982653871,-0.00189638871,-0.225072771,0.143656805,-0.262926668,0.262464941,0.81890732,0.166471839,-0.00275527313,-0.490129381,0.00300755398,0.00276988838,-6.6421926e-06,-0.585331261,0.507634103,0.286357403,-2.6375668,2.78898478,1.48720121,-2.71425056,0.767822266,0,0.558714807,1.33299983,1.33299983,1.33299983
49,-0.579039514,0.512158096,0.265286326,-2.62732601,2.77237082,1.50039184,-2.65725923,0.778144956,-3.2852713e-06,0.536616325,1.32131815,1.32054448,1.31984448,0.103165947,0.152681783,-0.277115464,0.224490553,-0.350607723,0.169804916,1.24465752,0.340587556,4.89355916e-05,-0.577472687,6.61633385e-05,0.000119846547,-1.21101039e-07,-0.57637316,0.518748999,0.274115443,-2.62255073,2.76907325,1.49729335,-2.64093161,0.799226224,0,0.498405635,1.33299983,1.33299983,1.33299983
49.0666667,-0.571250856,0.526799381,0.245635271,-2.60950327,2.74697924,1.51049972,-2.56247759,0.803927779,-1.35794983e-06,0.49110949,1.32128358,1.32051039,1.31978464,0.133595392,0.273648143,-0.30111441,0.316217214,-0.394977093,0.159364954,1.57123542,0.417339861,-0.000366518856,-0.706421435,7.36067304e-05,0.000126945029,-5.80796041e-07,-0.565191805,0.532622278,0.25856033,-2.60358739,2.74348545,1.51000488,-2.54893422,0.838423848,1.32070145e-05,0.424470067,1.33299983,1.33299983,1.33299983
49.1333333,-0.560339808,0.547032773,0.226620749,-2.58408165,2.71960831,1.5237236,-2.45136857,0.834370315,1.71497195e-05,0.435108274,1.32136917,1.32059646,1.31982958,0.181679502,0.31286785,-0.256402075,0.406883806,-0.478606284,0.21695821,1.72348285,0.512600482,-0.00013515992,-0.876362205,8.85672634e-05,0.000155982678,-2.57440843e-06,-0.552571952,0.548280478,0.240605801,-2.5818646,2.71354222,1.52451801,-2.44440293,0.882664382,3.11402509e-05,0.342964321,1.33299983,1.33299983,1.33299983
49.2,-0.546281874,0.56726104,0.208432689,-2.55504775,2.68873644,1.54045057,-2.33541918,0.87053287,3.72876966e-05,0.371124417,1.32290542,1.32207644,1.32137537,0.218761772,0.267227888,-0.266188145,0.370569706,-0.603231192,0.217061669,1.73465478,0.597774446,0.000609469309,-0.970907092,0.000186870107,0.000360222417,-2.70083547e-07,-0.539298296,0.564750016,0.221165538,-2.55857062,2.68056345,1.54001522,-2.33348203,0.929197371,4.94066153e-05,0.259944588,1.33299983,1.33299983,1.33299983
49.2666667,-0.531190634,0.584004998,0.191263884,-2.52882099,2.65317702,1.55721617,-2.22166944,0.911286116,4.68997096e-05,0.308666468,1.32680821,1.32599247,1.32526255,0.2296087,0.22643441,-0.257423252,0.343805432,-0.602561712,0.271071106,1.6555202,0.628233552,-0.00189155666,-0.996619344,-0.000398043776,-0.00088592642,9.67993401e-07,-0.526155293,0.581057131,0.201153129,-2.53489304,2.64586973,1.55567825,-2.22231507,0.975271702,6.66736014e-05,0.181466922,1.33299983,1.33299983,1.33299983
49.3333333,-0.516611993,0.597578049,0.176215798,-2.50882459,2.61334324,1.57113922,-2.11469603,0.954259396,4.91580431e-05,0.242232233,1.32687736,1.32606065,1.32531202,0.213874876,0.189074412,-0.197849676,0.273824215,-0.581809819,0.185072184,1.5391686,0.635674596,0.000290422497,-0.996650159,5.48714306e-05,0.000103615108,-2.00234354e-08,-0.513927817,0.5962286,0.181482285,-2.51202011,2.61078191,1.57068968,-2.11704659,1.01813698,8.16087195e-05,0.113587528,1.33299983,1.33299983,1.33299983
49.4,-0.502717912,0.610078275,0.163991436,-2.4906497,2.57752419,1.58268964,-2.01841593,0.994762003,3.88667968e-06,0.176498294,1.32812905,1.32728732,1.32659245,0.226946265,0.180430189,-0.282759279,0.321564227,-0.147297174,0.0619177595,1.35143936,0.524270296,0.00269688223,-0.888281047,0.366525352,0.375317961,0.377824575,-0.503400385,0.609290481,0.16306667,-2.49113965,2.57661939,1.5842315,-2.02382016,1.05504227,9.2879447e-05,0.062362574,1.33299983,1.33299983,1.33299983
49.4666667,-0.496667355,0.619204402,0.147839993,-2.47252226,2.54849148,1.58975267,-1.93835545,1.02947021,0.000165725141,0.111904569,1.3330003,1.33300054,1.33300042,0.0553045198,0.124463201,-0.221810326,0.26481837,-0.49701032,0.15029335,1.01803899,0.477523625,-0.000125822771,-0.866813779,9.21959327e-07,1.83201337e-06,3.7850441e-08,-0.495357692,0.619269609,0.146819919,-2.47343946,2.54470325,1.59548593,-1.94878006,1.08323717,9.91533016e-05,0.0338481776,1.33299983,1.33299983,1.33299983
49.5333333,-0.492487907,0.625976205,0.133076683,-2.45697427,2.51607919,1.59914553,-1.8835057,1.05800474,0.000198812631,0.0685714558,1.33299983,1.33299029,1.33223748,0.0636545792,0.0727058798,-0.213369355,0.198827371,-0.473039478,0.138327971,0.644878089,0.382808745,-0.000719195348,-0.448813558,-0.004728687,0.000661784899,2.97656516e-06,-0.490333736,0.625503063,0.133342639,-2.45984697,2.51575518,1.60398662,-1.89603198,1.10084927,9.99999975e-05,0.0299999975,1.33299983,1.33299983,1.33299983
49.6,-0.488539994,0.629702091,0.120348677,-2.44583869,2.48735309,1.60838616,-1.84917378,1.08004892,6.29228111e-07,0.0479615666,1.33300042,1.3330003,1.33227718,0.0555348881,0.0415180847,-0.177272782,0.138199836,-0.41905722,0.140074864,0.376896232,0.0604406111,0.000166394384,-0.216156542,-3.8181377e-05,-3.91155627e-05,5.59375621e-08,-0.48721692,0.629370332,0.121232212,-2.44928288,2.48700595,1.61135089,-1.85648668,1.11177576,9.99999975e-05,0.0299999993,1.33299983,1.33299983,1.33299983
49.6666667,-0.486020833,0.631259441,0.109111287,-2.43730879,2.45932364,1.61614656,-1.82425702,1.08000398,1.39405898e-07,0.0382508561,1.33300018,1.33300018,1.33237612,0.019076148,0.0118484907,-0.154627755,0.109754473,-0.44877097,0.111435793,0.362407237,2.05170545e-06,4.41254742e-05,-0.104237497,-1.90299361e-05,-1.90883638e-05,-1.01863407e-08,-0.485538661,0.63145268,0.10997054,-2.44088435,2.45789528,1.6179502,-1.8265729,1.11765921,0.000100000005,0.0300000012,1.33299983,1.33299983,1.33299983
49.7333333,-0.485533297,0.631698191,0.099229522,-2.43092942,2.43110251,1.62218678,-1.80228448,1.08000326,-3.47537963e-08,0.0284739044,1.33300042,1.33300042,1.33242369,-0.00308153592,0.00232131081,-0.146047726,0.0794806182,-0.43427971,0.07676135,0.295263886,-0.000465503865,0.00261351606,-0.0622972995,-0.0027400176,-0.00292328745,-0.00251085917,-0.485037327,0.632074594,0.0993040279,-2.43397045,2.42840743,1.62384093,-1.80442369,1.11941659,9.99999975e-05,0.0299999975,1.33299983,1.33299983,1.33299983
49.8,-0.485809922,0.631626964,0.0893400908,-2.42629933,2.4000442,1.62754738,-1.78537393,1.08000314,-4.71660719e-08,0.0282772426,1.33299983,1.33299983,1.332425,-0.00409994181,-0.00422873721,-0.147924334,0.0611998998,-0.474026084,0.0847971514,0.210152298,4.86469753e-06,-4.04327657e-05,-4.23751771e-08,4.24080645e-05,4.53221874e-05,3.18150705e-05,-0.48545146,0.631560862,0.0889790803,-2.42786169,2.398525,1.62908018,-1.78817284,1.11796486,0.000100000005,0.0300000012,1.33299983,1.33299983,1.33299983
49.8666667,-0.486216038,0.631175637,0.0796207637,-2.42239642,2.3688221,1.63319492,-1.77359211,1.08000314,-1.25893393e-07,0.0282479599,1.33299422,1.33298528,1.33240676,-0.00895599555,-0.00947531871,-0.14495714,0.058920756,-0.464661092,0.0832485706,0.151556388,8.69318228e-07,-0.00010316306,-1.03376806e-07,3.70333146e-05,5.22627961e-05,1.92892621e-05,-0.486519426,0.630235672,0.0787420794,-2.42187667,2.36823082,1.63372409,-1.77595353,1.11422074,9.99999902e-05,0.0299999975,1.33299983,1.33299983,1.33299983
49.9333333,-0.487066954,0.630349934,0.0698368475,-2.41802669,2.33771682,1.63837612,-1.76424074,1.07993186,-1.29722878e-07,0.0282317325,1.33296371,1.33295476,1.33237624,-0.0163054056,-0.015678741,-0.150090307,0.0747174025,-0.469037801,0.0719678625,0.135165378,-2.47929756e-06,-0.000105592735,-1.46974344e-08,2.4241308e-05,4.70226514e-05,4.27442137e-06,-0.48797977,0.62842375,0.0683394149,-2.41533542,2.33750868,1.63782978,-1.7658993,1.10910141,0.000100000005,0.0300000012,1.33299983,1.33299983,1.33299983
50,-0.488325953,0.629091322,0.0594547316,-2.41205049,2.30621243,1.64270234,-1.75497746,1.07986736,-1.46671994e-07,0.0282306187,1.33293521,1.33292747,1.33234644,-0.0206021257,-0.022095561,-0.162553877,0.106680386,-0.476439238,0.0589731485,0.147172049,-1.25858933e-05,0.000207459991,1.48756953e-07,9.54302959e-06,-0.00715361908,-6.9461239e-05,-0.489570886,0.626449585,0.0575174876,-2.40755749,2.30634117,1.64145339,-1.75614345,1.10352361,9.99999975e-05,0.0299999993,1.33299983,1.33299983,1.33299983
50.0666667,-0.489710659,0.627492249,0.0480784848,-2.40346313,2.27428126,1.64620519,-1.7441119,1.07981014,-6.9277533e-08,0.0282438323,1.33290589,1.33289945,1.33231962,-0.0200607814,-0.0253972691,-0.179472432,0.152409211,-0.48220408,0.0477805883,0.182892933,-6.01905776e-06,-2.98225896e-05,1.22148776e-07,-1.06418738e-05,9.81110497e-06,-2.19191134e-05,-0.491031229,0.624637723,0.0460226834,-2.3978622,2.27471185,1.64465189,-1.74481928,1.09840417,9.99999975e-05,0.0299999993,1.33299983,1.33299983,1.33299983
50.1333333,-0.490879774,0.625873148,0.035478469,-2.39144874,2.2419138,1.64903593,-1.72999418,1.07976067,-1.56012785e-08,0.0282679219,1.33288205,1.33288586,1.33231962,-0.014224886,-0.0224747751,-0.198901355,0.208558336,-0.488831371,0.0387621149,0.244717389,-5.80591131e-06,8.89148168e-08,1.61555363e-07,-2.49309523e-05,-1.17168529e-05,-2.85613023e-05,-0.492099226,0.623312533,0.0336013883,-2.38557005,2.24260402,1.64748192,-1.73006034,1.09466016,0.000100000005,0.0299999993,1.33299983,1.33299983,1.33299983
50.2,-0.491484761,0.624712229,0.0215361696,-2.37544417,2.20911479,1.65130675,-1.71079743,1.07974648,1.14427472e-07,0.0282976069,1.33288205,1.33288586,1.33231962,-0.0031959659,-0.0117279552,-0.219736785,0.271489441,-0.495409489,0.0313475691,0.335081488,-4.7095773e-06,4.10691064e-05,7.31670298e-08,-3.33816424e-05,-2.92521108e-05,-2.97871011e-05,-0.492513329,0.622798741,0.0199999996,-2.36999989,2.21000004,1.64999998,-1.70999992,1.09320843,9.99999975e-05,0.0299999993,1.33299983,1.33299983,1.33299983
50.2666667,-0.491491437,0.624473989,0.00643797964,-2.35499239,2.17528892,1.65392888,-1.68551159,1.07971835,3.48432337e-07,0.0283269752,1.33288193,1.33288622,1.33232057,0.00365819456,0.00317640114,-0.234477922,0.340632558,-0.52299881,0.0546315797,0.415496081,-3.08789313e-05,0.000141000579,1.85042154e-07,-7.64669894e-05,-7.84016593e-05,-0.000101697486,-0.492513359,0.622798741,0.00446537742,-2.34995437,2.17597246,1.65379548,-1.68491304,1.09320843,0.000100000005,0.0299999993,1.33299983,1.33299983,1.33299983
50.3333333,-0.49095118,0.625016212,-0.00984189194,-2.33021712,2.13937712,1.65869594,-1.6563369,1.07971132,1.60583468e-07,0.0283470154,1.33288193,1.33288622,1.33232057,0.0120200943,0.0100047123,-0.254986376,0.398257017,-0.553215504,0.0898586139,0.453061342,1.76771209e-07,5.87154464e-05,6.97473297e-08,-2.08492565e-05,-2.82588735e-05,-1.25145016e-05,-0.492513329,0.622798741,-0.0131715517,-2.32545638,2.1400013,1.659729,-1.65692353,1.09320843,9.99999975e-05,0.0299999993,1.33299983,1.33299983,1.33299983
50.4,-0.490087688,0.625665903,-0.0275226682,-2.30218792,2.10181785,1.66539013,-1.62558699,1.07971132,-4.44365682e-08,0.0283550769,1.33288229,1.33288646,1.33232296,0.0126334624,0.00684556086,-0.276176423,0.438729554,-0.571423888,0.109999947,0.466552049,2.40951613e-06,-1.0675004e-05,2.18533387e-08,-4.43003955e-06,-1.34766015e-05,2.41195667e-05,-0.492513359,0.622798741,-0.0322882943,-2.2976563,2.10268211,1.6667639,-1.6269387,1.09320843,9.99999975e-05,0.0299999993,1.33299983,1.33299983,1.33299983
50.4666667,-0.489468008,0.625935197,-0.0465868935,-2.27188587,2.06344056,1.67265069,-1.59428906,1.07971132,-5.96299614e-08,0.0283519868,1.33289194,1.33289373,1.33232784,0.00543741137,-0.000681910373,-0.296336472,0.466869473,-0.577878535,0.107318893,0.470332533,2.23571851e-06,-9.04738554e-05,9.00909072e-08,-0.0074840663,8.21060676e-05,0.000136032875,-0.492513329,0.622798741,-0.0522623584,-2.26770449,2.06461191,1.67386365,-1.59586549,1.09320843,0.000100000005,0.0300000012,1.33299983,1.33299983,1.33299983
50.5333333,-0.489481091,0.625686467,-0.066876255,-2.24007368,2.02509522,1.67906833,-1.56308687,1.07971132,1.86200609e-07,0.0283415541,1.33289731,1.33289552,1.3323313,-0.00552350562,-0.00860790908,-0.312573254,0.483281165,-0.571114182,0.0859434009,0.46343714,5.65598157e-06,0.00179389014,-3.22615961e-08,8.40530483e-05,6.97462674e-05,0.000118312106,-0.492513299,0.622798681,-0.0724712461,-2.2367506,2.02638578,1.67999125,-1.5646106,1.09320831,9.99999902e-05,0.0299999975,1.33299983,1.33299983,1.33299983
50.6,-0.490249008,0.624927759,-0.0880161747,-2.20766568,1.98755777,1.68358719,-1.53279448,1.0797044,-1.4542772e-07,0.0283287913,1.33289874,1.33289683,1.33233476,-0.0166118275,-0.0161043014,-0.321458638,0.483817965,-0.555368006,0.0505181178,0.443190843,-0.000108156353,0.000540001492,1.08405948e-06,-0.000288865354,-0.000394953066,-0.000404768973,-0.492513359,0.6227988,-0.0922924727,-2.20594525,1.98860061,1.68411088,-1.53408158,1.09320843,0.000100000005,0.0300000012,1.33299983,1.33299983,1.33299983
50.6666667,-0.491693139,0.623692989,-0.109390274,-2.17587543,1.95122099,1.6852845,-1.50432026,1.0797044,-4.64027821e-08,0.028318407,1.33290243,1.3329004,1.33233833,-0.0253952295,-0.0228452031,-0.318759263,0.46404177,-0.533917606,0.00162256591,0.408801645,5.16706768e-06,1.54736026e-05,-2.8841896e-08,5.07567456e-05,3.96099713e-05,6.71628732e-05,-0.492513299,0.622798681,-0.11110352,-2.17643857,1.95185173,1.68518519,-1.50518513,1.09320843,9.99999975e-05,0.0299999975,1.33299983,1.33299983,1.33299983
50.7333333,-0.493614256,0.622056484,-0.130100057,-2.1461494,1.91673148,1.68331039,-1.47859538,1.0797044,1.03472935e-07,0.0283128507,1.33290243,1.3329004,1.33233833,-0.0310148261,-0.0276666284,-0.301444113,0.422169685,-0.501653671,-0.0608612373,0.361804873,2.37374252e-06,3.15186517e-05,-1.26165105e-08,1.30962098e-05,9.32500916e-06,1.13399401e-05,-0.492513359,0.622798741,-0.128281951,-2.14938116,1.91673589,1.6821779,-1.47882831,1.09320843,0.000100000005,0.0300000012,1.33299983,1.33299983,1.33299983
50.8,-0.495802999,0.620195389,-0.149151519,-2.11993575,1.88455665,1.67659867,-1.45638704,1.0797044,3.18314534e-07,0.0283128936,1.33290243,1.3329004,1.33233833,-0.0334336981,-0.0291433632,-0.268685937,0.35918507,-0.46410495,-0.140834928,0.303339243,-7.97208486e-08,8.13845472e-05,-2.99769454e-09,-1.94703789e-05,-1.66659738e-05,-3.78984696e-05,-0.492513329,0.622798741,-0.143205196,-2.12592268,1.88384831,1.67405236,-1.45591831,1.09320843,9.99999975e-05,0.0299999993,1.33299983,1.33299983,1.33299983
50.8666667,-0.498028725,0.6183393,-0.165509224,-2.09861088,1.85506034,1.66397023,-1.43848133,1.0797044,9.8458429e-08,0.0283171255,1.33290517,1.33290541,1.33233917,-0.0321496613,-0.0270793252,-0.220563442,0.276309699,-0.423135012,-0.239080384,0.233102188,6.07620677e-07,0.00184705004,1.28762622e-07,-2.11007427e-05,-3.61050043e-05,-8.51813093e-06,-0.492513329,0.622798741,-0.155250832,-2.10721374,1.85378575,1.65977216,-1.43736207,1.09320843,9.99999975e-05,0.0299999975,1.33299983,1.33299983,1.33299983
50.9333333,-0.499866694,0.616803765,-0.178459778,-2.08341885,1.82853043,1.64367676,-1.42578733,1.07968271,1.98852433e-07,0.0283251498,1.33290589,1.33290613,1.33234,-0.0176367667,-0.0144184511,-0.176898181,0.179848477,-0.380993992,-0.394230276,0.145220906,-0.000146460632,0.000246393436,-0.00610722741,-0.00028678411,-0.000300276908,-0.000256466185,-0.492484927,0.623129547,-0.164145961,-2.09410048,1.82679784,1.63695538,-1.42431915,1.09321487,9.98440446e-05,0.0298358295,1.33299983,1.33299983,1.33299983
51,-0.500696301,0.617316902,-0.188997075,-2.07395673,1.80356169,1.60871685,-1.41973293,1.07964694,3.70845839e-07,0.0283271205,1.33290637,1.3329066,1.33234048,-0.0101113915,0.0329461433,-0.134921506,0.108067922,-0.369245291,-0.653662264,0.0394748822,-2.83271074e-05,0.000124878265,1.97122063e-07,-3.69474837e-05,-2.92942295e-05,-7.93516374e-05,-0.492283165,0.625478089,-0.171541557,-2.08527946,1.80124676,1.59852254,-1.41827166,1.09326029,9.87368039e-05,0.0286702402,1.33299983,1.33299983,1.33299983
51.0666667,-0.501115859,0.621286392,-0.196163356,-2.06869078,1.77966833,1.55761755,-1.42010891,1.07961106,5.40641054e-07,0.0283216368,1.33289874,1.33290231,1.33232439,-0.000415623508,0.0828226358,-0.0796219707,0.0492760539,-0.347366184,-0.862576842,-0.0416420512,-3.04840505e-05,0.000296467479,1.10318069e-07,-2.46201816e-05,-8.04406591e-06,-7.72686617e-05,-0.491945058,0.62941438,-0.177613333,-2.07997918,1.77697861,1.54727161,-1.41797233,1.09333646,9.68810127e-05,0.0267166477,1.33299983,1.33299983,1.33299983
51.1333333,-0.500507236,0.627860665,-0.199526414,-2.06740332,1.75719357,1.49590266,-1.42468405,1.07947659,-3.16358467e-07,0.0271476153,1.33286977,1.33287275,1.33229387,0.0198168606,0.109256215,-0.0223397668,-0.0116725573,-0.329071581,-0.973971546,-0.0866976008,-0.000602460117,0.00278105261,-0.0507113896,-0.0034226696,-0.00356859108,-0.00320381671,-0.491538674,0.634144485,-0.182206824,-2.07766461,1.75416827,1.48757088,-1.42181671,1.09342802,9.46509244e-05,0.0243690461,1.33299983,1.33299983,1.33299983
51.2,-0.498514742,0.635356009,-0.199067652,-2.07007003,1.73592579,1.42966163,-1.43121958,1.07947695,1.51282177e-06,0.0249091424,1.33284175,1.33284485,1.33226585,0.0395569429,0.111587569,0.033422865,-0.0668076277,-0.311438203,-1.00437367,-0.102459185,-1.24087455e-06,0.000498481444,-0.0503043234,2.51071906e-05,3.38787177e-05,1.16648152e-07,-0.491132408,0.638874769,-0.185167715,-2.0777986,1.73299074,1.42378855,-1.4282012,1.09351957,9.24208434e-05,0.022021452,1.33299983,1.33299983,1.33299983
51.2666667,-0.495471567,0.642383039,-0.195071876,-2.07581925,1.71575212,1.36353946,-1.43800128,1.07947803,2.23072291e-07,0.0227594022,1.33281589,1.33281982,1.33223712,0.0508966073,0.0957285166,0.0824720263,-0.103255816,-0.294087827,-0.972401917,-0.0955751091,-0.000595338061,0.00290028332,-0.0506933518,-0.00333953835,-0.00348191289,-0.00312420842,-0.490794241,0.642811,-0.186341494,-2.07984567,1.71362054,1.36029279,-1.43552089,1.09359562,9.05650304e-05,0.020067852,1.33299983,1.33299983,1.33299983
51.3333333,-0.492042512,0.647765875,-0.188122779,-2.08333921,1.69710279,1.30166829,-1.44361901,1.07947814,9.95001642e-07,0.0213632099,1.33279538,1.33279562,1.33220947,0.0513624847,0.062323574,0.12086457,-0.11990121,-0.267755747,-0.877213299,-0.0692232922,-3.74686788e-05,0.000725734979,-0.0503109545,0.000179633964,0.000385253225,-4.44240868e-07,-0.49059251,0.645159602,-0.185573846,-2.08326888,1.69623268,1.3014518,-1.44217181,1.09364116,8.94578043e-05,0.0189022645,1.33299983,1.33299983,1.33299983
51.4,-0.488918215,0.650314987,-0.179050684,-2.09138894,1.68041885,1.24838436,-1.44688988,1.07915008,-1.02215651e-07,0.0206603743,1.33278823,1.33278859,1.33220279,0.042064134,0.0110192765,0.1464912,-0.119839676,-0.232536048,-0.713529348,-0.0371913947,-0.0652907044,-4.44261877e-06,-2.07644916e-07,2.59347507e-06,4.46309423e-06,-1.28044849e-06,-0.4905954,0.645126522,-0.18271026,-2.08753252,1.68100202,1.25163376,-1.4465493,1.09364045,8.94733894e-05,0.01891868,1.33299983,1.33299983,1.33299983
51.4666667,-0.486666083,0.648924351,-0.16870153,-2.09884429,1.66561651,1.20813859,-1.44637609,1.07877374,-6.90353829e-07,0.0206627883,1.33279002,1.33279049,1.33220387,0.0263556596,-0.0555154979,0.161225304,-0.10341087,-0.207296208,-0.484535784,0.0422579683,2.3214352e-06,7.08511943e-05,-2.15077307e-07,-1.73871376e-05,-2.90199387e-05,-4.48520586e-06,-0.490870982,0.641917944,-0.177596375,-2.09209967,1.66810286,1.21520698,-1.44704938,1.09357846,9.09860973e-05,0.0205111057,1.33299983,1.33299983,1.33299983
51.5333333,-0.48568818,0.642609298,-0.157374635,-2.10519695,1.65435481,1.18603742,-1.44069576,1.078879,-7.06004869e-07,0.0212734081,1.33281493,1.33281028,1.33223331,0.00355242402,-0.134195283,0.174745932,-0.0846493915,-0.13872841,-0.173720986,0.128979981,4.24461905e-05,-0.000228309305,0.0516605899,-0.000188159989,-0.000401057303,3.94647941e-07,-0.491487592,0.634739995,-0.170077756,-2.09643412,1.65771079,1.19653964,-1.44206774,1.09343946,9.4370218e-05,0.0240735449,1.33299983,1.33299983,1.33299983
51.6,-0.486274213,0.630921304,-0.145363465,-2.10980392,1.64654517,1.1865046,-1.42864585,1.078879,-5.06901586e-07,0.0246539842,1.33284652,1.3328408,1.33227718,-0.0195187163,-0.217207342,0.184646443,-0.0535038486,-0.0958525315,0.195949629,0.236163855,7.93592608e-06,0.000133162626,0.062682271,-4.23875172e-05,-8.14996311e-05,1.16240699e-07,-0.492513329,0.622798741,-0.159999996,-2.0999999,1.64999998,1.19999993,-1.42999995,1.09320843,9.99999975e-05,0.0299999993,1.33299983,1.33299983,1.33299983
51.6666667,-0.488139033,0.6134758,-0.132721975,-2.11252522,1.6407038,1.21168494,-1.40929914,1.07888007,-5.71822682e-07,0.0300736427,1.33300042,1.33300018,1.3330003,-0.039101664,-0.30755806,0.197914779,-0.040555656,-0.0493974201,0.544730663,0.338003993,-1.4123998e-07,1.36654062e-05,0.0973401517,-2.10446196e-05,-2.83397731e-05,-1.22032661e-05,-0.494012028,0.605352104,-0.146355063,-2.1035912,1.64487183,1.22484565,-1.41068995,1.09287083,0.000108225351,0.038658794,1.33299983,1.33299983,1.33299983
51.7333333,-0.491726279,0.590150237,-0.118772916,-2.11542201,1.63873434,1.25648272,-1.38443875,1.07888007,-3.58123145e-07,0.0378195457,1.33300018,1.3330003,1.3330003,-0.066347219,-0.3899872,0.219407842,-0.0481812432,-0.0132767856,0.779940248,0.40415585,-1.22534402e-07,1.25691122e-05,0.130665198,-1.66559457e-05,-2.1293492e-05,-1.07840515e-05,-0.495948434,0.582809627,-0.128724664,-2.10823131,1.64192986,1.26567376,-1.38573968,1.09243464,0.000118853204,0.0498466939,1.33299983,1.33299983,1.33299983
51.8,-0.496826887,0.561900377,-0.103118993,-2.11886692,1.63854933,1.31423903,-1.35548592,1.07888007,-1.39330467e-07,0.047798954,1.3330003,1.33300006,1.33300018,-0.0821504742,-0.454946756,0.249401882,-0.0565643795,0.00875967648,0.942899108,0.462403238,8.62828529e-08,-6.29200076e-06,0.162531495,-1.09893108e-07,-2.20265292e-07,2.19645244e-08,-0.498242408,0.556104779,-0.107838959,-2.11372805,1.64090264,1.31986165,-1.35618234,1.09191787,0.000131443405,0.0631003454,1.33299983,1.33299983,1.33299983
51.8666667,-0.502392471,0.530007839,-0.0850929767,-2.12281513,1.63988781,1.38165772,-1.32295024,1.07877457,-6.97183253e-08,0.0598029941,1.3330003,1.33300006,1.33300018,-0.0804778188,-0.499479026,0.290098399,-0.0639899895,0.0342426933,1.07284749,0.511209786,2.59763056e-07,1.87750666e-05,0.190061286,1.13936721e-07,2.15571163e-07,5.13850864e-08,-0.500813663,0.526171267,-0.0844280794,-2.11988926,1.64151812,1.38478637,-1.32305169,1.09133863,0.000145555794,0.0779564083,1.33299983,1.33299983,1.33299983
51.9333333,-0.507374227,0.495856941,-0.0641307607,-2.12720585,1.64270437,1.45669687,-1.28767169,1.07877457,3.4994919e-08,0.0734590441,1.33300018,1.33300006,1.33300018,-0.065934293,-0.523609221,0.336396545,-0.070812352,0.0524837412,1.17041934,0.543441653,5.11384769e-07,2.18586665e-05,0.2116905,1.97068402e-07,8.7760327e-08,3.2736807e-08,-0.50358212,0.493942678,-0.0592222288,-2.12652302,1.64350522,1.4578253,-1.28738046,1.09071493,0.000160750234,0.0939515233,1.33299983,1.33299983,1.33299983
52,-0.511158407,0.460690171,-0.0401101597,-2.13208413,1.6464262,1.53691459,-1.25071204,1.07877457,1.66671313e-07,0.0883850828,1.33300006,1.33299994,1.33300018,-0.0460123159,-0.531072617,0.380770355,-0.0793584138,0.0623486042,1.22758389,0.561314166,2.884168e-07,4.23049532e-05,0.227755979,-6.61329977e-08,-2.04439857e-07,9.80435289e-08,-0.506467581,0.46035257,-0.0329515673,-2.13343716,1.64659214,1.53635573,-1.25020266,1.090065,0.00017658656,0.110622361,1.33299983,1.33299983,1.33299983
52.0666667,-0.513597727,0.425492704,-0.0134563912,-2.13758135,1.65062594,1.61947823,-1.21303463,1.07877457,1.89271546e-07,0.104186334,1.33299994,1.33299983,1.33300006,-0.0267526861,-0.52520591,0.414479434,-0.089229092,0.0673625469,1.24157,0.564185083,2.85928081e-07,4.88394799e-05,0.237861156,-8.59931788e-08,-2.9662624e-07,2.93571247e-08,-0.509389758,0.42633459,-0.00634622946,-2.14043927,1.65050709,1.61775494,-1.21255112,1.08940673,0.000192624604,0.127505556,1.33299983,1.33299983,1.33299983
52.1333333,-0.514868915,0.391092509,0.0148436502,-2.14367127,1.65506005,1.7015928,-1.1756928,1.07877457,1.45470153e-07,0.120448589,1.33299983,1.33299983,1.33299994,-0.0118787754,-0.507407725,0.42975989,-0.0965195522,0.0693953335,1.21545732,0.550665975,-8.17884256e-07,1.63569712e-05,0.241768613,5.53548307e-06,1.04081555e-05,-3.35785444e-08,-0.512268484,0.392822266,0.0198635943,-2.14733744,1.65497863,1.69940019,-1.17545938,1.08875823,0.000208424259,0.144137785,1.33299983,1.33299983,1.33299983
52.2,-0.515340328,0.358263999,0.0433793142,-2.15005612,1.65955019,1.78073013,-1.13982761,1.07876742,1.04269965e-07,0.136741191,1.33299983,1.33299899,1.33299983,-0.00340706576,-0.478044003,0.421762735,-0.0975329354,0.0688194558,1.15337944,0.513028085,-0.0272867586,-3.00350948e-05,0.23805888,1.12076959e-05,2.45214032e-05,-1.22949132e-07,-0.515023589,0.360749245,0.0449477471,-2.15393901,1.65973532,1.77866888,-1.13996053,1.08813763,0.000223545343,0.160055682,1.33299983,1.33299983,1.33299983
52.2666667,-0.515462518,0.327770054,0.070530124,-2.15625811,1.66392279,1.85456741,-1.10662067,1.07866192,2.82248209e-07,0.152614236,1.33299947,1.33299804,1.33299577,-0.00178433768,-0.437100172,0.388983518,-0.090721108,0.0656478778,1.05700386,0.471500099,-1.76561753e-06,1.44221012e-05,0.22976464,1.41580822e-05,2.77048821e-05,6.0084858e-08,-0.517574787,0.331049144,0.0681760684,-2.1600523,1.66450524,1.85293794,-1.10708809,1.0875628,0.000237547676,0.174795896,1.33299983,1.33299983,1.33299983
52.3333333,-0.515664339,0.30039674,0.0946837515,-2.16177535,1.66801119,1.92081654,-1.07719529,1.07866192,3.13096984e-06,0.167584732,1.33298981,1.33299184,1.33298635,-0.00586038828,-0.383875608,0.332938492,-0.0763896555,0.0582963638,0.925169766,0.407414883,5.2955329e-08,0.000127338557,0.212741002,-2.3817458e-05,-1.67674189e-05,-1.78141308e-05,-0.519842088,0.304655552,0.0888184011,-2.16548514,1.66901696,1.91958475,-1.07787538,1.08705211,0.000249991164,0.187895104,1.33299983,1.33299983,1.33299983
52.4,-0.516237319,0.276998729,0.114433527,-2.16617179,1.67153072,1.97705495,-1.05261981,1.07851744,1.65387028e-05,0.181152835,1.33299077,1.33299279,1.33298767,-0.0125772422,-0.317222148,0.258423567,-0.0564425662,0.0506548248,0.758570254,0.319570363,-0.0343943089,0.000168596889,0.188324586,-3.76933458e-05,-3.14228164e-05,-4.88089354e-05,-0.521745086,0.282502025,0.106144577,-2.17004514,1.67299902,1.97598684,-1.05335569,1.08662355,0.000260435656,0.198889956,1.33299983,1.33299983,1.33299983
52.4666667,-0.51725775,0.258518428,0.128703043,-2.16909695,1.67459667,2.02099776,-1.03383064,1.0784775,2.8463226e-05,0.192812026,1.33298719,1.33299267,1.33298349,-0.0192978308,-0.235694662,0.169891506,-0.0319932923,0.0419111103,0.554892778,0.233405575,-2.10614257e-06,1.29955006e-05,0.156712562,-9.29459347e-05,-6.5634682e-05,-0.000106997948,-0.523203671,0.265522182,0.119424425,-2.17354035,1.67617941,2.019521,-1.03456223,1.08629489,0.000268440926,0.207317069,1.33299983,1.33299983,1.33299983
52.5333333,-0.518625677,0.245981216,0.13671653,-2.17031837,1.67691588,2.05002522,-1.0218215,1.07840705,4.12727641e-05,0.202016398,1.33295786,1.33296859,1.33295488,-0.0228870939,-0.138580814,0.0721662939,-0.00506784208,0.0278135873,0.311836571,0.125634685,-4.49431082e-06,6.4690772e-05,0.116914257,-0.000144932215,-9.73548304e-05,-0.000178517745,-0.524137616,0.254649669,0.12792778,-2.17577839,1.67828691,2.04756522,-1.02252829,1.08608449,0.000273566839,0.212713122,1.33299983,1.33299983,1.33299983
52.6,-0.520046234,0.240444615,0.138020113,-2.16974568,1.67796123,2.06133914,-1.01745129,1.07840705,7.01321624e-05,0.208244488,1.33294666,1.33296323,1.33292735,-0.0207769889,-0.0254665166,-0.029983582,0.0218113363,0.00499715889,0.0249033365,0.00252849096,-2.63778611e-06,0.000275231112,0.0695239976,1.49206026e-05,2.7645292e-05,-2.34867912e-08,-0.524466753,0.250818014,0.130924493,-2.17656684,1.67904973,2.05749583,-1.01828742,1.08601034,0.000275373313,0.214614779,1.33299983,1.33299983,1.33299983
52.6666667,-0.519473433,0.241682619,0.131809235,-2.17231178,1.65137196,2.05653429,-1.01945102,1.07871282,0.00287422887,0.156272933,1.32190597,1.32211947,1.32230437,0.0178347677,0.0479000919,-0.100358918,-0.0621003658,-0.333654255,-0.0532693788,-0.0986946821,-5.72060708e-06,-0.000137624156,-0.585270226,4.58946452e-05,9.27949441e-05,-6.12926669e-08,-0.524466753,0.250818014,0.130924493,-2.17656684,1.67904973,2.05749583,-1.01828742,1.11583018,0.0212545898,0.0946057886,1.33299983,1.33299983,1.33299983
52.7333333,-0.517006159,0.247501925,0.123054579,-2.17654634,1.62499368,2.05492091,-1.03078401,1.0805434,0.00720536942,0.102740228,1.321648,1.32187581,1.32204568,0.0473697372,0.117275119,-0.143039674,-0.0565522462,-0.36405611,-0.0165135432,-0.196880281,-1.19523429e-06,-0.000172765722,-0.592526495,5.69722033e-05,0.000116220152,-2.21189111e-08,-0.524466753,0.250818014,0.130924493,-2.17656684,1.67904973,2.05749583,-1.01828742,1.19131291,0.0561195388,0.0405630916,1.33299983,1.33299983,1.33299983
52.8,-0.51384604,0.256807327,0.114230998,-2.18153548,1.60381854,2.05158091,-1.05305088,1.08112657,0.00778033724,0.0530342571,1.32158887,1.32182109,1.32198834,0.0413400456,0.158719316,-0.10775277,-0.0800113305,-0.254166275,-0.0202939883,-0.386884779,6.92810136e-06,-7.58622846e-05,-0.585288703,3.26855807e-05,7.14313355e-05,-6.14672899e-08,-0.524466753,0.250818014,0.130924493,-2.17656684,1.67904973,2.05749583,-1.01828742,1.24014401,0.0656305477,0,1.33299983,1.33299983,1.33299983
52.8666667,-0.510845244,0.268702954,0.107003234,-2.18767381,1.59166515,2.04786849,-1.08645093,1.08111846,0.0106472261,0.0251402054,1.32155907,1.32179272,1.32195783,0.0435885154,0.197203323,-0.0973945931,-0.088234596,-0.136875823,-0.0434180088,-0.531710863,1.15027869e-05,-7.19486125e-05,-0.27906242,2.2042921e-05,4.81194293e-05,-1.65775418e-07,-0.524466753,0.250818014,0.130924493,-2.17656684,1.67904973,2.05749583,-1.01828742,1.22826123,0.0792972893,0,1.33299983,1.33299983,1.33299983
52.9333333,-0.508418441,0.283259183,0.102116585,-2.19272828,1.57739294,2.04739857,-1.11630404,1.07265568,0.0250507854,0.0116123455,1.32140791,1.3216486,1.3218019,0.0290214401,0.232770756,-0.0486894026,-0.0543471053,-0.180581704,0.0178412143,-0.424017817,-0.0376001373,-6.65182597e-05,-0.124209516,2.80824315e-05,4.61122836e-05,2.91675678e-06,-0.524466753,0.250818014,0.130924493,-2.17656684,1.67904973,2.05749583,-1.01828742,1.11219072,0.103279233,0,1.33299983,1.33299983,1.33299983
53,-0.506541252,0.299893916,0.0994284898,-2.19598103,1.56913388,2.04655766,-1.15321434,1.04368126,0.0351068303,0.00446682191,1.32149589,1.32173836,1.3218919,0.0257573761,0.257518739,-0.0296641458,-0.03346112,-0.0317029878,-0.0112993335,-0.569944799,-0.409309655,0.121977419,-0.521991491,0.0725931525,0.0727848411,0.0724098533,-0.524466753,0.250818014,0.130924493,-2.17656684,1.67904973,2.05749583,-1.01828742,1.00902927,0.108622164,0,1.33299983,1.33299983,1.33299983
53.0666667,-0.504539549,0.31790784,0.0970299989,-2.19767213,1.57030761,2.0427084,-1.19530129,1.05013752,0.0329390615,6.94471373e-06,1.33058786,1.33090615,1.33104956,0.0336832479,0.277129382,-0.0424772501,0.0058810371,0.0176022593,-0.0970570073,-0.633247137,0.133496031,0.0234365091,-0.00384871382,0.142477334,0.143173963,0.142610043,-0.524466753,0.250818014,0.130924493,-2.17656684,1.67904973,2.05749583,-1.01828742,1.11046064,0.0925579146,0,1.33299983,1.33299983,1.33299983
53.1333333,-0.502004385,0.337423056,0.0937873721,-2.19432878,1.57336509,2.03510118,-1.23942006,1.05440354,0.0318364166,8.67398194e-06,1.33300042,1.33300006,1.33300006,0.0425490551,0.298211902,-0.0583410412,0.0903792307,0.0366295502,-0.141239882,-0.631294131,5.55200713e-05,-0.0014956966,-5.063157e-07,0.000634230266,0.00103370659,0.00028342646,-0.524466753,0.250818014,0.130924493,-2.17656684,1.67904973,2.05749583,-1.01828742,1.10931039,0.114053488,0,1.33299983,1.33299983,1.33299983
53.2,-0.499648929,0.357768476,0.0911039114,-2.18610311,1.56691182,2.03059101,-1.27118814,1.04158962,0.0359346494,2.61729701e-06,1.33294141,1.33293712,1.33293581,0.0326012969,0.302689195,-0.03356665,0.15423809,-0.11350815,-0.0658021867,-0.401280493,-0.178354755,0.0841171518,-0.000934253214,7.61430128e-05,2.1515938e-05,0.000127348641,-0.524466753,0.250818014,0.130924493,-2.17656684,1.67904973,2.05749583,-1.01828742,1.02607334,0.10834758,0,1.33299983,1.33299983,1.33299983
53.2666667,-0.496543735,0.377845198,0.0864155814,-2.17514229,1.56265271,2.02213287,-1.3036226,1.05035496,0.0330128223,5.8870387e-06,1.33300006,1.33299983,1.33300018,0.0546116494,0.294968247,-0.0935596675,0.179385036,-0.0641991943,-0.164310053,-0.491236687,0.123243257,-0.077896066,5.32963895e-08,1.36604103e-05,1.65840247e-05,1.52420125e-05,-0.524466753,0.250818014,0.130924493,-2.17656684,1.67904973,2.05749583,-1.01828742,1.11286175,0.0991312414,0,1.33299983,1.33299983,1.33299983
53.3333333,-0.492327213,0.396731108,0.0782922432,-2.16338992,1.55839932,2.00905466,-1.33691108,1.07402647,0.0242161155,1.22014653e-05,1.33300018,1.33300006,1.33300006,0.0677125528,0.270828038,-0.13884303,0.180834115,-0.0623690486,-0.229818851,-0.566205084,-0.0534040332,2.53645703e-05,-1.03304046e-07,-9.36316974e-06,-1.5148451e-05,4.39056566e-06,-0.524466753,0.250818014,0.130924493,-2.17656684,1.67904973,2.05749583,-1.01828742,1.16263032,0.0727686137,0,1.33299983,1.33299983,1.33299983
53.4,-0.487894356,0.413773209,0.0686892644,-2.15236545,1.55269647,1.99343896,-1.36984336,1.07406974,0.0242009573,2.46778236e-05,1.33299959,1.33299863,1.33299994,0.0642196536,0.241189748,-0.144566014,0.159647524,-0.075669691,-0.246942058,-0.47779125,-4.23011807e-06,1.49110274e-05,6.97110409e-06,-1.94659378e-06,-3.6014535e-06,-4.0513828e-07,-0.524466753,0.250818014,0.130924493,-2.17656684,1.67904973,2.05749583,-1.01828742,1.18014014,0.0690790713,0,1.33299983,1.33299983,1.33299983
53.4666667,-0.484739542,0.429237664,0.061561089,-2.14309549,1.54809654,1.97928309,-1.40255761,1.07394981,0.0237961132,3.47208443e-05,1.33299935,1.33299947,1.33299959,0.0359537341,0.222473785,-0.0817737356,0.13219136,-0.0484087765,-0.203842714,-0.489071935,9.40030532e-06,-5.73279685e-05,-0.0010222533,0.000138738716,0.000110368652,0.000141535857,-0.524466753,0.250818014,0.130924493,-2.17656684,1.67904973,2.05749583,-1.01828742,1.15995932,0.0362570174,0,1.33299983,1.33299983,1.33299983
53.5333333,-0.484218717,0.442417175,0.0609392822,-2.13787937,1.56817687,1.98500991,-1.43675292,1.07745135,0.0223430283,0.00087216933,1.33300006,1.33300018,1.33299994,0.00206211419,0.170267716,-1.58170224e-07,0.0355166234,0.322457075,0.101808317,-0.511952043,-1.18557655e-05,-4.08703927e-05,2.22353265e-08,-2.03961808e-05,-9.5324458e-06,-2.94721085e-05,-0.524466753,0.250818014,0.130924493,-2.17656684,1.67904973,2.05749583,-1.01828742,1.24212396,0.0597569495,0,1.33299983,1.33299983,1.33299983
53.6,-0.484981835,0.451145887,0.0628139153,-2.14082003,1.58982861,1.99220085,-1.47359574,1.07340884,0.0243957806,0.000915444165,1.33299983,1.33299983,1.33299947,-0.0199394096,0.0955561846,0.0449516065,-0.100415692,0.35267657,0.100033686,-0.569667757,-3.94795425e-05,-0.00032669105,1.69558916e-07,0.000147809624,0.000219039852,0.00725780707,-0.524466753,0.250818014,0.130924493,-2.17656684,1.67904973,2.05749583,-1.01828742,1.11459994,0.0874027088,0,1.33299983,1.33299983,1.33299983
53.6666667,-0.486638397,0.45402351,0.0661344677,-2.15195513,1.61435831,1.99778426,-1.51272404,1.07389474,0.0244976263,0.000962712569,1.33300006,1.33299839,1.33299994,-0.0277361553,0.000955250929,0.0511230379,-0.213293031,0.382675052,0.0699629113,-0.595099032,-8.59472129e-06,-0.000141808763,1.39174517e-07,-2.22640683e-05,-0.000661925937,-3.38871323e-05,-0.524466753,0.250818014,0.130924493,-2.17656684,1.67904973,2.05749583,-1.01828742,1.16099358,0.109864876,0,1.33299983,1.33299983,1.33299983
53.7333333,-0.48765111,0.450443506,0.0667132139,-2.16992569,1.64021063,2.00115776,-1.5526979,1.07582843,0.0241977666,0.00100444537,1.33299983,1.33300006,1.33299959,-0.00685801124,-0.0957316458,-0.0200898331,-0.308435708,0.399410456,0.0250461139,-0.604502678,-1.23380414e-05,2.11397419e-05,1.28755346e-07,-3.07240407e-05,-2.5585492e-05,-3.43769279e-05,-0.524466753,0.250818014,0.130924493,-2.17656684,1.67904973,2.05749583,-1.01828742,1.24616504,0.123679847,0,1.33299983,1.33299983,1.33299983
53.8,-0.488203257,0.441499949,0.0651704893,-2.19426942,1.6671077,2.00328779,-1.59484947,1.07582843,0.0243722834,0.00103835575,1.33299768,1.33299732,1.33299899,-0.0104832891,-0.162051633,-0.0214669053,-0.398924857,0.431553811,0.0270229056,-0.64785707,-8.24952076e-06,5.0347895e-05,1.04861101e-07,-3.0717114e-05,-3.99657147e-05,-2.52753889e-05,-0.524466753,0.250818014,0.130924493,-2.17656684,1.67904973,2.05749583,-1.01828742,1.24616504,0.139340058,0,1.33299983,1.33299983,1.33299983
53.8666667,-0.489342034,0.42937395,0.064636685,-2.22350597,1.69675159,2.00641227,-1.63986504,1.07579148,0.0245689526,0.00105878315,1.33299744,1.33299601,1.33299899,-0.0225657336,-0.195423976,0.00446747662,-0.457551479,0.480451971,0.0476358756,-0.693669856,2.32364982e-05,8.72265082e-06,-4.54456313e-08,2.6283964e-05,1.86846628e-05,6.24426393e-05,-0.524466753,0.250818014,0.130924493,-2.17656684,1.67904973,2.05749583,-1.01828742,1.24616504,0.152063981,0,1.33299983,1.33299983,1.33299983
53.9333333,-0.49198854,0.417151779,0.0681503415,-2.25286388,1.73245728,2.01284528,-1.68746078,1.07570493,0.0246693082,0.00106813246,1.33299673,1.3329941,1.33299851,-0.0506587736,-0.175114438,0.0834783912,-0.422873706,0.56240803,0.108563803,-0.715119779,-1.05908839e-06,2.62416434e-05,5.19576133e-08,-1.07256055e-05,-1.74371598e-05,-5.24919597e-06,-0.524466753,0.250818014,0.130924493,-2.17656684,1.67904973,2.05749583,-1.01828742,1.2372849,0.158211038,0,1.33299983,1.33299983,1.33299983
54,-0.49668172,0.406720132,0.0775892362,-2.27684379,1.77337098,2.02178741,-1.73398614,1.07580853,0.0247159023,1.27446503e-06,1.33299816,1.33299792,1.33299816,-0.079756014,-0.148621976,0.168785796,-0.324611306,0.623546958,0.139098585,-0.679812253,-1.47558458e-05,-0.000312373624,0.00034661399,0.00672503561,0.00754541438,-5.91236967e-05,-0.524466753,0.250818014,0.130924493,-2.17656684,1.67904973,2.05749583,-1.01828742,1.24616504,0.164987713,0,1.33299983,1.33299983,1.33299983
54.0666667,-0.502946854,0.399352133,0.0919571817,-2.29492998,1.81465018,2.03559422,-1.77882707,1.07580853,0.0248915683,1.21060953e-06,1.33300006,1.33299994,1.33299947,-0.0992776975,-0.085442692,0.236742347,-0.237633109,0.623911858,0.219994083,-0.669189274,-1.56566966e-06,4.30992804e-05,0.000168110826,-2.98390678e-05,-3.54829936e-05,-2.08688471e-05,-0.524466753,0.250818014,0.130924493,-2.17656684,1.67904973,2.05749583,-1.01828742,1.24616504,0.172902703,0,1.33299983,1.33299983,1.33299983
54.1333333,-0.509550095,0.396120071,0.108680025,-2.30731082,1.85730898,2.05106187,-1.82361972,1.07425249,0.0255575571,8.76641082e-07,1.33299971,1.33300006,1.33300006,-0.0948890671,-0.0266282018,0.249867558,-0.155429885,0.637345672,0.220893845,-0.665503442,3.19788523e-06,3.90947098e-05,0.000205159318,-3.27329253e-05,-3.53096038e-05,-2.54658335e-05,-0.524466753,0.250818014,0.130924493,-2.17656684,1.67904973,2.05749583,-1.01828742,1.14945269,0.179333627,0,1.33299983,1.33299983,1.33299983
54.2,-0.514261246,0.396352887,0.12229111,-2.31539249,1.89867616,2.06537962,-1.86770439,1.07435453,0.0255626012,2.16603098e-06,1.33299935,1.33299935,1.33299971,-0.0513249896,0.0189629458,0.164476663,-0.105019435,0.602899611,0.17746602,-0.652318954,4.69203223e-06,-0.000497629866,-0.000667656306,0.000186894962,0.000334372337,6.06215326e-05,-0.524466753,0.250818014,0.130924493,-2.17656684,1.67904973,2.05749583,-1.01828742,1.16392767,0.184558764,0,1.33299983,1.33299983,1.33299983
54.2666667,-0.515299916,0.397782624,0.127532408,-2.32287526,1.93552339,2.07369637,-1.90945387,1.07507145,0.0254821219,0.00919636618,1.33299971,1.33299971,1.33299983,0.00725672534,0.0180821475,0.0222151112,-0.12028268,0.52474165,0.0730117336,-0.608250201,-1.23823702e-06,-0.00491314195,0.123830266,8.22555376e-05,0.000159418167,-5.56610757e-08,-0.524466753,0.250818014,0.130924493,-2.17656684,1.67904973,2.05749583,-1.01828742,1.24616504,0.188804179,0.0214819461,1.33299983,1.33299983,1.33299983
54.3333333,-0.513093889,0.396349013,0.123968393,-2.33177423,1.9696945,2.0720582,-1.94594693,1.07512856,0.0254037045,0.0731590614,1.33200574,1.33195317,1.33208215,0.0418745726,-0.0667545274,-0.0899986997,-0.132285178,0.464942485,-0.086022824,-0.481978357,-1.53623732e-05,0.00103607308,0.997734189,0.00014198634,0.00090118224,-0.00109395513,-0.524466753,0.250818014,0.130924493,-2.17656684,1.67904973,2.05749583,-1.01828742,1.24616504,0.188927323,0.182674482,1.33299983,1.33299983,1.33299983
54.4,-0.509889185,0.390208334,0.116522014,-2.33989453,1.99882531,2.06892157,-1.97523904,1.07513082,0.0253781471,0.139497444,1.33299315,1.33292317,1.33299971,0.0280070286,-0.0600604154,-0.0373075977,-0.032878682,0.620334625,0.0495919585,-0.496923983,4.9902068e-05,0.0892707407,0.986134946,0.0245760605,0.0933414921,-2.14669853e-07,-0.524466753,0.250818014,0.130924493,-2.17656684,1.67904973,2.05749583,-1.01828742,1.24616504,0.192353636,0.313643396,1.33299983,1.33299983,1.33299983
54.4666667,-0.51112473,0.386317641,0.121286668,-2.3400178,2.02995062,2.07681036,-1.99984539,1.07454312,0.0255809445,0.205733806,1.33105755,1.33200693,1.32912695,-0.0467731468,-0.0635845363,0.136812687,0.00648162235,0.448927879,0.137036964,-0.359351367,2.99006933e-05,-0.000220956048,0.995928764,-0.00537790591,-0.00518575124,1.86555553e-08,-0.524466753,0.250818014,0.130924493,-2.17656684,1.67904973,2.05749583,-1.01828742,1.17858016,0.195137516,0.411629051,1.33299983,1.33299983,1.33299983
54.5333333,-0.51656431,0.379005224,0.134252846,-2.34150481,2.04966879,2.0939889,-2.01584864,1.06436193,0.0291683357,0.257690936,1.32763696,1.32821429,1.32614386,-0.0840008706,-0.15405558,0.177072927,-0.0872982591,0.286058217,0.25890556,-0.25372386,-0.146460295,0.000838033855,0.856259167,-0.000227489538,-0.000513674226,3.67044777e-07,-0.524466753,0.250818014,0.130924493,-2.17656684,1.67904973,2.05749583,-1.01828742,1.06297064,0.176460937,0.349713385,1.33299983,1.33299983,1.33299983
54.6,-0.522573829,0.369030029,0.147111773,-2.34829116,2.07397103,2.11099243,-2.03888559,1.03584445,0.0379406288,0.323739201,1.32769418,1.32825792,1.32624173,-0.0954288095,-0.148186371,0.203493536,-0.120108791,0.39560762,0.218205705,-0.332732528,-0.186185986,-0.0836790204,0.993128777,-0.000432722387,-0.000935968477,7.15139322e-07,-0.524466753,0.250818014,0.130924493,-2.17656684,1.67904973,2.05749583,-1.01828742,0.984635353,0.179143608,0.449362546,1.33299983,1.33299983,1.33299983
54.6666667,-0.529493809,0.359257281,0.162022948,-2.35476923,2.09948158,2.12954259,-2.06094337,1.0105145,0.037668623,0.380785495,1.32729077,1.3278569,1.3259021,-0.0992616564,-0.156958535,0.204075173,-0.1175116,0.355600953,0.27054733,-0.319930017,-0.32696867,0.000201460905,0.738511324,-0.000138073694,-0.00791655481,1.84372766e-07,-0.524466753,0.250818014,0.130924493,-2.17656684,1.67904973,2.05749583,-1.01828742,0.932705939,0.172438294,0.471938431,1.33299983,1.33299983,1.33299983
54.7333333,-0.536743343,0.349262208,0.177199155,-2.36319041,2.12652516,2.1464498,-2.0866096,0.994087756,0.0377844535,0.396296173,1.32852447,1.32902932,1.32719171,-0.10401652,-0.155698776,0.209335864,-0.151151761,0.397874534,0.231096625,-0.403832346,-0.180685177,0.0021610409,0.197432682,-0.000280773616,-0.000622999854,5.23228664e-07,-0.524466753,0.250818014,0.130924493,-2.17656684,1.67904973,2.05749583,-1.01828742,0.938471556,0.176394418,0.437499702,1.33299983,1.33299983,1.33299983
54.8,-0.543525219,0.339897931,0.191414744,-2.37239933,2.15754223,2.16119075,-2.11800647,0.95991832,0.0378822424,0.426556587,1.32876694,1.32919502,1.32742274,-0.0893766806,-0.143596396,0.18092446,-0.148151726,0.466525257,0.171465427,-0.464049518,-0.481129378,-0.0862749368,0.349812478,-0.00026181445,-0.000488634338,-4.06784238e-05,-0.524466753,0.250818014,0.130924493,-2.17656684,1.67904973,2.05749583,-1.01828742,0.867882371,0.173699647,0.507880569,1.33299983,1.33299983,1.33299983
54.8666667,-0.549775064,0.331466407,0.204882354,-2.38094091,2.19304109,2.17160892,-2.1519146,0.942384541,0.0384334326,0.463026971,1.32902384,1.32941079,1.32770503,-0.0959566385,-0.12219663,0.206389278,-0.122811578,0.503610551,0.164065257,-0.508963466,-0.178257301,0.000119304284,0.598730087,-0.000153508969,-0.000304574147,-1.86511315e-05,-0.524466753,0.250818014,0.130924493,-2.17656684,1.67904973,2.05749583,-1.01828742,0.903015435,0.170190066,0.577873409,1.33299983,1.33299983,1.33299983
54.9333333,-0.55689317,0.322665602,0.219546005,-2.38803458,2.22079325,2.18607187,-2.1794982,0.925291479,0.0378850214,0.483563036,1.32877505,1.32910299,1.32745266,-0.107983351,-0.142850086,0.20829314,-0.13635923,0.355053037,0.217731073,-0.421394497,-0.243608311,0.0102874041,4.45917249e-06,-0.00118934223,-0.00134717871,-0.00238870457,-0.524466753,0.250818014,0.130924493,-2.17656684,1.67904973,2.05749583,-1.01828742,0.872529566,0.177129626,0.579212189,1.33299983,1.33299983,1.33299983
55,-0.562717438,0.314592361,0.230976611,-2.39775777,2.2442193,2.19749546,-2.19135666,0.925551653,0.0394637585,0.470672309,1.32894468,1.32919061,1.32756734,-0.0630540922,-0.107628278,0.123607896,-0.163754493,0.373678654,0.121376775,-0.194970191,5.01953764e-06,-0.00063689705,-0.134032786,9.03382897e-07,-0.0015101023,-2.28809658e-05,-0.524466753,0.250818014,0.130924493,-2.17656684,1.67904973,2.05749583,-1.01828742,0.914014101,0.182768002,0.517646849,1.33299983,1.33299983,1.33299983
55.0666667,-0.567158878,0.308090985,0.240301654,-2.40761662,2.27350235,2.20351958,-2.2084322,0.918621778,0.0394173823,0.471992165,1.33300114,1.33267605,1.33211708,-0.0597573742,-0.0888181776,0.12971428,-0.139992699,0.444983274,0.0965783522,-0.268084973,-0.0741050094,-0.000247433782,0.152989745,-3.36822122e-05,0.0512797125,0.0667346343,-0.524466753,0.250818014,0.130924493,-2.17656684,1.67904973,2.05749583,-1.01828742,0.886698961,0.164739802,0.550078392,1.33299983,1.33299983,1.33299983
55.1333333,-0.574227393,0.30072093,0.254196733,-2.41618443,2.29601073,2.21587491,-2.21675563,0.94579494,0.0382490903,0.446360648,1.33243048,1.33244014,1.33195472,-0.121921539,-0.127398819,0.228259847,-0.127490848,0.307295918,0.267717153,-0.111866698,0.368304133,5.36106527e-05,-0.226386517,-6.13626326e-05,-0.000130551518,1.27765816e-07,-0.524466753,0.250818014,0.130924493,-2.17656684,1.67904973,2.05749583,-1.01828742,1.01191008,0.115146682,0.448025584,1.33299983,1.33299983,1.33299983
55.2,-0.581805646,0.29259932,0.268124908,-2.42555475,2.31608224,2.23050213,-2.21731257,0.958709776,0.0381565876,0.414028078,1.33291841,1.33288741,1.33237016,-0.0919345468,-0.109181948,0.168052822,-0.15464513,0.315199107,0.209901676,-0.0305016283,0.10079401,0.00012894813,-0.290873885,-4.27046325e-05,-8.71485681e-05,7.90460035e-08,-0.524466753,0.250818014,0.130924493,-2.17656684,1.67904973,2.05749583,-1.01828742,0.98206532,0.123455435,0.406101227,1.33299983,1.33299983,1.33299983
55.2666667,-0.58295393,0.289277226,0.271868408,-2.43653893,2.34925008,2.22626781,-2.22813821,0.954092503,0.0375365317,0.425745964,1.33300126,1.33300114,1.33300161,0.0366443284,-0.00769660249,-0.0295096021,-0.163891777,0.513191938,-0.149947837,-0.194993138,-0.101922587,0.00112214684,0.336955577,-0.000373916788,-0.000754066044,-3.06395377e-05,-0.524466753,0.250818014,0.130924493,-2.17656684,1.67904973,2.05749583,-1.01828742,0.928374767,0.0895878524,0.495177627,1.33299983,1.33299983,1.33299983
55.3333333,-0.577379048,0.290774912,0.264530778,-2.44736695,2.38387108,2.20455098,-2.25035381,0.921030641,0.0389139988,0.452584177,1.33282924,1.33282256,1.33282399,0.112733319,0.0412124805,-0.164153174,-0.163505986,0.458514035,-0.382173419,-0.310328394,-0.51770556,0.000455334783,0.459370553,-0.000178979826,-0.000338832499,-1.50628621e-05,-0.524466753,0.250818014,0.130924493,-2.17656684,1.67904973,2.05749583,-1.01828742,0.859678805,0.0913659185,0.529449761,1.33299983,1.33299983,1.33299983
55.4,-0.569287956,0.293528318,0.252128571,-2.45770359,2.41248107,2.17742276,-2.27291036,0.871199667,0.0418622456,0.483543336,1.33250701,1.33250701,1.33252907,0.120406702,0.04354693,-0.18668288,-0.144523278,0.382590443,-0.400738239,-0.2876212,-0.648145974,6.90133311e-05,0.460821658,-7.861224e-05,-0.000145216007,-2.96230428e-06,-0.524466753,0.250818014,0.130924493,-2.17656684,1.67904973,2.05749583,-1.01828742,0.803863287,0.107980251,0.563113987,1.33299983,1.33299983,1.33299983
55.4666667,-0.564410269,0.295275986,0.24488087,-2.47012949,2.43384385,2.15421605,-2.29487681,0.826419413,0.0412524901,0.441110075,1.33158851,1.33161056,1.33173895,0.0575653203,0.0150649203,-0.0843058974,-0.215039343,0.382460326,-0.379844457,-0.3546727,-0.348182201,-0.162255406,-0.551069081,-0.000217094785,-0.000451698666,3.71015631e-07,-0.524466753,0.250818014,0.130924493,-2.17656684,1.67904973,2.05749583,-1.01828742,0.758513212,0.126584142,0.416820884,1.33299983,1.33299983,1.33299983
55.5333333,-0.563742161,0.298884064,0.241562948,-2.47474003,2.44063139,2.14123607,-2.29142809,0.826712787,0.0353400558,0.427720279,1.32856691,1.32838249,1.32838893,0.0366716646,0.102444321,-0.085204415,-0.00428516511,0.015772948,-0.193906352,0.182247952,0.0802248344,-0.14795585,-0.168250993,-1.5513564e-05,-2.99904495e-05,4.13274392e-08,-0.562873125,0.302278399,0.243125692,-2.47043896,2.43721247,2.14216185,-2.28772378,0.832123339,0.0402037948,0.430633664,1.33299983,1.33299983,1.33299983
55.6,-0.56076932,0.31019032,0.232647613,-2.47499943,2.44281793,2.11794043,-2.27572179,0.83405757,0.0265002046,0.416364908,1.32862139,1.32843506,1.32844543,0.0495074578,0.247607306,-0.184047028,-0.011951034,0.057322707,-0.517790258,0.310070366,0.124729089,-0.13275221,-0.152772233,-7.49606261e-05,-0.000148310632,-5.47937816e-06,-0.558634281,0.321588159,0.238197848,-2.47122216,2.44626808,2.10895777,-2.2678442,0.847852349,0.0373420939,0.402045488,1.33299983,1.33299983,1.33299983
55.6666667,-0.558030903,0.332710236,0.219657421,-2.4772172,2.44948816,2.0703547,-2.24779105,0.846808195,0.0172969662,0.399927408,1.33159947,1.33118904,1.33080745,0.0535668097,0.445645362,-0.186732411,-0.0284929778,0.175323337,-0.89638418,0.519337893,0.227788329,-0.119977757,-0.357251793,0.105695091,0.0983950272,0.0861308351,-0.552252769,0.350658834,0.230603889,-2.47226048,2.45943284,2.05904245,-2.23760891,0.87153244,0.0330939814,0.35960722,1.33299983,1.33299983,1.33299983
55.7333333,-0.552999437,0.368973017,0.206810981,-2.47945309,2.46408248,2.00360012,-2.20643091,0.863816917,0.00782444794,0.366561562,1.33142686,1.33178186,1.33299041,0.129066676,0.66761899,-0.14640975,0.0250875931,0.330128103,-1.10654044,0.693179846,0.315332204,0.002184788,-0.570529521,-5.75779741e-05,-0.000125259787,-2.05704418e-06,-0.544287503,0.386944145,0.220850348,-2.47333574,2.4751308,1.99685419,-2.19938803,0.901089251,0.0278860405,0.307580292,1.33299983,1.33299983,1.33299983
55.8,-0.541464627,0.419337004,0.199359849,-2.47458768,2.48605013,1.92833948,-2.15709209,0.888688087,0.00682712626,0.321892202,1.33141696,1.33176732,1.33296561,0.209886596,0.812823236,-0.0871297419,0.101576433,0.364889562,-1.13955891,0.742450237,0.44021973,0.123106837,-0.709135652,-4.54000838e-06,-2.95789578e-05,1.61671778e-08,-0.535297453,0.427897751,0.209443763,-2.47422981,2.4917841,1.92683113,-2.15555191,0.9344486,0.0221448652,0.250226438,1.33299983,1.33299983,1.33299983
55.8666667,-0.527578235,0.471885264,0.191441253,-2.4678328,2.51291752,1.84937251,-2.10646224,0.920416594,0.0100584961,0.272948265,1.33299649,1.33216059,1.33212256,0.116348803,0.7004354,-0.161231324,0.109463982,0.416581005,-1.24110699,0.814034224,0.483662367,0.076043427,-0.802289903,-5.12271072e-07,-0.0936626419,-0.0986620411,-0.525841653,0.470973372,0.196890697,-2.47472453,2.50781679,1.85341215,-2.10847068,0.969536543,0.0162970442,0.191807181,1.33299983,1.33299983,1.33299983
55.9333333,-0.520718694,0.514580607,0.17951642,-2.46358132,2.52778864,1.77388263,-2.05374694,0.951984763,0.0122185824,0.219192818,1.32968473,1.32571542,1.32520545,0.13450855,0.587405801,-0.206508726,0.00454203598,0.143227592,-1.0761987,0.725923896,0.483376086,0.0012925379,-0.757447481,-0.0534309708,-0.000638122146,1.36940798e-06,-0.516478956,0.513624489,0.183697626,-2.47460103,2.52165151,1.78103483,-2.06051445,1.00427878,0.0107691633,0.136584088,1.33299983,1.33299983,1.33299983
56,-0.512979627,0.55142808,0.164085299,-2.46389031,2.53766632,1.70659208,-2.00791168,0.985219359,0.01135753,0.16733855,1.33065212,1.32955968,1.32906723,0.106513023,0.537871599,-0.216191173,-0.0161515009,0.0534872822,-0.905425251,0.6381042,0.500381947,0.000401124998,-0.778122008,-0.109162949,-3.1961099e-07,2.77359504e-08,-0.507768452,0.553304911,0.170371145,-2.47364187,2.53171158,1.71413827,-2.01405382,1.03660107,0.00598781416,0.0888187885,1.33299983,1.33299983,1.33299983
56.0666667,-0.5049721,0.586995125,0.151120633,-2.46531224,2.54054427,1.65097487,-1.96815896,1.01826668,0.0105125746,0.115950868,1.32444,1.32956111,1.32906699,0.124224551,0.521446228,-0.168692812,-0.0240850616,0.0238786712,-0.750731349,0.566635549,0.476415813,-0.0201087072,-0.701301515,-0.0765494779,0.000322815729,1.25552251e-05,-0.500268996,0.587468326,0.157417804,-2.47162819,2.53642035,1.65716028,-1.97145903,1.06442952,0.00237958389,0.052772861,1.33299983,1.33299983,1.33299983
56.1333333,-0.497369498,0.619299173,0.141743049,-2.46692896,2.53878093,1.60871661,-1.93201101,1.04731095,0.00855292939,0.0754018128,1.31956935,1.32955503,1.32905066,0.102480881,0.430748463,-0.117746823,-0.0291304924,-0.0846884549,-0.504302502,0.511573195,0.385496438,-0.0202088766,-0.504275799,-0.0724424645,0.000351977476,1.27449166e-05,-0.494539559,0.613568246,0.145344093,-2.46834207,2.53420091,1.6145395,-1.93510008,1.08568966,0.000371061644,0.0327078812,1.33299983,1.33299983,1.33299983
56.2,-0.49231723,0.641561091,0.134303749,-2.46745801,2.53348541,1.58150458,-1.89954805,1.06903195,0.00633811112,0.0519038737,1.31947529,1.32552505,1.33175254,0.0280801132,0.215050116,-0.12560758,0.0440743081,-0.131228954,-0.318062991,0.473859668,0.256691337,-0.0129494146,-0.279039979,0.000795851462,-0.259653389,3.00354441e-05,-0.490960658,0.629871905,0.134473547,-2.46375299,2.523803,1.58938622,-1.90651476,1.09896994,9.99999975e-05,0.0299999975,1.33299983,1.33299983,1.33299983
56.2666667,-0.490739673,0.649851382,0.124065772,-2.46372843,2.51526546,1.56990004,-1.87382889,1.07755339,0.00516235828,0.0379689075,1.31938863,1.30847347,1.3246249,0.033225961,0.0518556125,-0.178916082,0.059774287,-0.365779907,-0.0621743985,0.309550494,5.43408096e-05,-0.0176044516,-0.126580715,6.22135121e-06,-0.155351833,-0.161357284,-0.488740325,0.639986515,0.123980306,-2.45877504,2.50656223,1.57587206,-1.88195968,1.10720897,9.99999975e-05,0.0299999993,1.33299983,1.33299983,1.33299983
56.3333333,-0.488822937,0.650783241,0.11240463,-2.45912266,2.488693,1.56962073,-1.85528469,1.07784653,0.004373868,0.0327699259,1.31930864,1.30591917,1.31794488,0.021090569,-0.00949391164,-0.165913612,0.0834033862,-0.420731544,0.0355465561,0.255628407,-0.00061594171,-0.0161416046,-0.0549987517,-0.00313163945,-0.00290046399,-0.00319869281,-0.487544775,0.64543283,0.113589428,-2.45338416,2.48364878,1.57122898,-1.86011755,1.11164534,0.000100000005,0.0300000012,1.33299983,1.33299983,1.33299983
56.4,-0.488164246,0.649691761,0.102117464,-2.4522028,2.460711,1.5731312,-1.83829451,1.07881212,0.00175511267,0.0258033909,1.3192656,1.30807436,1.31921077,-0.00122818816,-0.0211032089,-0.148989663,0.124557905,-0.435149878,0.0693593472,0.258109808,-0.000382432743,0.0317741483,-0.0509343632,-0.00200544763,0.0832225829,-0.00196356489,-0.487187624,0.647059679,0.103183024,-2.44736886,2.45601153,1.5737617,-1.84037936,1.11297059,9.99999975e-05,0.0299999975,1.33299983,1.33299983,1.33299983
56.4666667,-0.48842594,0.64768976,0.0920191333,-2.44288611,2.42805672,1.58020961,-1.82060492,1.07894349,0.00107247033,0.0262029059,1.31921279,1.31315923,1.31916213,-0.0039308886,-0.0420598648,-0.152367651,0.147116408,-0.524240077,0.142325684,0.263712883,-3.76305543e-05,0.000773113454,-2.6775524e-09,0.000214416534,0.0695952028,-1.40573829e-05,-0.487482667,0.645715833,0.0926432163,-2.44051766,2.42459989,1.58177495,-1.82213688,1.11187589,0.000100000005,0.0300000012,1.33299983,1.33299983,1.33299983
56.5333333,-0.488659233,0.643903852,0.0819733813,-2.43321753,2.39235234,1.59163821,-1.80339122,1.07894361,0.00106502662,0.0264620502,1.31918323,1.31775784,1.31913233,-0.00308776298,-0.0712181851,-0.150404379,0.141098827,-0.546408534,0.19789508,0.252828926,-1.49048356e-06,-0.000168981875,-4.51109372e-09,5.42937487e-05,0.0689853206,2.59165536e-05,-0.488243431,0.642249942,0.0818520635,-2.43261862,2.39036226,1.59357309,-1.80478096,1.10905266,9.99999902e-05,0.0299999975,1.33299983,1.33299983,1.33299983
56.6,-0.48889482,0.638523877,0.0718538016,-2.42391229,2.35519505,1.60590184,-1.78662777,1.07887125,0.00103245024,0.0267311521,1.31917596,1.3226862,1.31911242,-0.00413182704,-0.0870922804,-0.154337808,0.140051633,-0.562494278,0.225686803,0.251819164,2.17339257e-05,0.000309455208,0.0503683425,-0.000177575974,0.0844461173,4.29339707e-07,-0.489283741,0.637510896,0.0706916973,-2.42346025,2.35424829,1.60746098,-1.78770339,1.10519242,0.000100000005,0.0300000012,1.33299983,1.33299983,1.33299983
56.6666667,-0.489211529,0.632790625,0.0612087138,-2.41406989,2.31691146,1.62097609,-1.76954257,1.07888532,-8.17585828e-07,0.0273812562,1.32168281,1.32861722,1.32124305,-0.00492508197,-0.0824379325,-0.166155368,0.157600865,-0.586307704,0.222595617,0.261450529,1.51097775e-05,0.00134936534,-1.61082426e-07,0.139148936,0.0910908431,0.118695736,-0.490417212,0.632347465,0.0590442084,-2.41283083,2.31720591,1.62174296,-1.77029502,1.1009866,9.99999975e-05,0.0299999993,1.33299983,1.33299983,1.33299983
56.7333333,-0.489584684,0.627856016,0.049749326,-2.40265346,2.27881026,1.63488626,-1.75157046,1.07894206,1.07395874e-06,0.0278338864,1.33299923,1.33299887,1.33179629,-0.0052375691,-0.0647404566,-0.18115741,0.186804444,-0.573364377,0.194488212,0.281064928,-2.47593853e-05,-0.000149649684,8.30332283e-08,-4.41789161e-05,0.000172037166,0.144951299,-0.491457522,0.627608478,0.0467916951,-2.40051842,2.28018427,1.63472366,-1.75194752,1.09712625,9.99999975e-05,0.0299999993,1.33299983,1.33299983,1.33299983
56.8,-0.489882469,0.624363661,0.0370771997,-2.38906837,2.24129891,1.64601207,-1.73194373,1.07888031,4.61557505e-07,0.0282364096,1.33299947,1.33242357,1.33299947,-0.00234970846,-0.039769996,-0.201035798,0.221994027,-0.569399178,0.140852451,0.312510788,0.000604457571,-0.00224327785,0.0502157211,0.00344566768,-0.0595776737,0.00317285932,-0.492218345,0.624142647,0.0338162594,-2.38631225,2.244133,1.64470792,-1.73205209,1.09430313,0.000100000005,0.0299999993,1.33299983,1.33299983,1.33299983
56.8666667,-0.489943743,0.622787952,0.0232143588,-2.37313271,2.20637608,1.65239227,-1.71045625,1.07888031,-1.6111656e-07,0.0293031186,1.33300006,1.33229709,1.3330003,-0.000199302347,-0.0066269841,-0.216894388,0.257548004,-0.486709177,0.0486500748,0.338023543,-5.43180067e-06,6.40548096e-05,9.79052857e-08,-7.38981835e-05,-3.02746485e-05,-3.35576988e-05,-0.492513329,0.622798741,0.0199999996,-2.36999989,2.21000004,1.64999998,-1.70999992,1.09320843,9.99999975e-05,0.0299999993,1.33299983,1.33299983,1.33299983
56.9333333,-0.490173578,0.62347281,0.00825819466,-2.35387635,2.17347383,1.65452361,-1.68557048,1.07888114,5.73770194e-07,0.0293430295,1.33300006,1.33231688,1.3330003,-0.00395272672,0.0227509253,-0.234094307,0.32182461,-0.504227638,0.0356809683,0.40863359,-7.13294867e-06,1.17806867e-05,5.43659553e-08,-3.97957847e-05,-3.79812263e-05,-4.00059289e-05,-0.492513359,0.622798741,0.00446537742,-2.34995437,2.17597246,1.65379548,-1.68491304,1.09320843,0.000100000005,0.0299999993,1.33299983,1.33299983,1.33299983
57,-0.490173876,0.6252985,-0.00828124583,-2.33024502,2.13854742,1.65835977,-1.65641606,1.07888114,3.32222356e-07,0.029384451,1.33299994,1.33231783,1.33300006,0.0043362733,0.0268061459,-0.262940049,0.382589012,-0.542844117,0.0839532763,0.45802021,-7.06503488e-06,-9.05249726e-06,4.57512215e-08,-3.67248103e-05,-3.5821613e-05,-3.63580621e-05,-0.492513329,0.622798741,-0.0131715517,-2.32545638,2.1400013,1.659729,-1.65692353,1.09320843,9.99999975e-05,0.0299999993,1.33299983,1.33299983,1.33299983
57.0666667,-0.489769191,0.626740694,-0.0266662762,-2.3031795,2.10149026,1.66519701,-1.62527478,1.07888114,-5.29372848e-08,0.0294169858,1.33299994,1.33231783,1.33300006,0.0063756411,0.0138133056,-0.288523108,0.425794989,-0.565984786,0.117968686,0.47170797,-5.82679604e-06,-2.40996542e-05,1.00495527e-07,-2.81139746e-05,-2.53501057e-05,-2.67615778e-05,-0.492513359,0.622798741,-0.0322882943,-2.2976563,2.10268211,1.6667639,-1.6269387,1.09320843,9.99999975e-05,0.0299999993,1.33299983,1.33299983,1.33299983
57.1333333,-0.489560276,0.627204716,-0.0465673879,-2.27354026,2.0634656,1.6730758,-1.59378314,1.07888114,-1.47829667e-07,0.0294372886,1.33299983,1.33229744,1.33299983,-0.000731583918,-0.00103887939,-0.308634639,0.460702866,-0.572623193,0.115866236,0.47116071,-4.91555738e-06,-9.07822323e-05,1.13854185e-07,-1.00834441e-05,4.13355883e-06,-1.5912854e-05,-0.492513329,0.622798741,-0.0522623584,-2.26770449,2.06461191,1.67386365,-1.59586549,1.09320843,0.000100000005,0.0300000012,1.33299983,1.33299983,1.33299983
57.2,-0.489977777,0.626796722,-0.0676027909,-2.24181485,2.02543759,1.6798811,-1.56261528,1.07888114,-1.71426592e-07,0.0294451956,1.3329699,1.33226693,1.33299649,-0.0112261288,-0.0126652354,-0.322479099,0.486733139,-0.566754878,0.088627249,0.4618541,-3.72826548e-06,-4.62416065e-05,1.24433427e-07,7.30945612e-06,2.68801814e-05,-5.6190911e-06,-0.492513299,0.622798681,-0.0724712461,-2.2367506,2.02638578,1.67999125,-1.5646106,1.09320831,9.99999902e-05,0.0299999975,1.33299983,1.33299983,1.33299983
57.2666667,-0.491066605,0.625686884,-0.0892778486,-2.20891738,1.98811913,1.68440354,-1.53246439,1.07888114,-1.36430927e-07,0.0294428058,1.33293939,1.33224225,1.33296597,-0.0202168655,-0.022611551,-0.327469856,0.494103789,-0.552472472,0.0486059338,0.440431416,-1.85088265e-06,-5.33126986e-05,-6.91215973e-08,1.82226649e-05,3.7548627e-05,3.14618228e-06,-0.492513359,0.6227988,-0.0922924727,-2.20594525,1.98860061,1.68411088,-1.53408158,1.09320843,0.000100000005,0.0300000012,1.33299983,1.33299983,1.33299983
57.3333333,-0.492651194,0.623959184,-0.110897698,-2.17635608,1.95197856,1.6859349,-1.50419736,1.07888114,-1.1693745e-07,0.02943312,1.33291602,1.33222711,1.33294439,-0.0259751305,-0.0309808422,-0.320372939,0.475987285,-0.531652153,-0.00140626973,0.40570882,3.63465524e-08,5.13122359e-06,-5.53700374e-08,2.20028305e-05,3.68180044e-05,9.21677565e-06,-0.492513299,0.622798681,-0.11110352,-2.17643857,1.95185173,1.68518519,-1.50518513,1.09320843,9.99999975e-05,0.0299999975,1.33299983,1.33299983,1.33299983
57.4,-0.494513303,0.621787131,-0.131575987,-2.14587712,1.91746795,1.68372154,-1.47866035,1.07888114,7.52462483e-08,0.029419275,1.33291304,1.33222711,1.33294427,-0.0286578815,-0.0353044719,-0.298926741,0.432198375,-0.50382787,-0.0646254197,0.359145224,1.76729145e-06,5.22852679e-06,-2.93948688e-08,2.23586976e-05,3.09433781e-05,1.32286659e-05,-0.492513359,0.622798741,-0.128281951,-2.14938116,1.91673589,1.6821779,-1.47882831,1.09320843,0.000100000005,0.0300000012,1.33299983,1.33299983,1.33299983
57.4666667,-0.496462226,0.619501531,-0.150330037,-2.11911702,1.88509452,1.6767689,-1.45661056,1.07888114,4.37469254e-07,0.0294021703,1.33291304,1.33222723,1.33294427,-0.0287920684,-0.033976648,-0.26239872,0.36529088,-0.46707961,-0.1440804,0.301376402,0.000178829854,-0.000405279163,0.00714862393,0.00036784244,0.000382369559,0.000328015914,-0.492513329,0.622798741,-0.143205196,-2.12592268,1.88384831,1.67405236,-1.45591831,1.09320843,9.99999975e-05,0.0299999993,1.33299983,1.33299983,1.33299983
57.5333333,-0.498339325,0.617457271,-0.166179359,-2.09753513,1.85541534,1.663939,-1.43880677,1.07888114,-1.97551628e-07,0.0293930341,1.33291304,1.33222878,1.33294284,-0.0266755428,-0.0278428756,-0.211768463,0.277884781,-0.424052179,-0.24160251,0.231932744,2.23922552e-06,-1.09454732e-05,-0.000134645612,2.03472737e-05,1.65034726e-05,1.89280108e-05,-0.492513329,0.622798741,-0.155250832,-2.10721374,1.85378575,1.65977216,-1.43736207,1.09320843,9.99999975e-05,0.0299999975,1.33299983,1.33299983,1.33299983
57.6,-0.499825329,0.6160025,-0.178532496,-2.08237576,1.82881868,1.64348483,-1.42611682,1.07888114,5.7340535e-06,0.0293799639,1.33291304,1.33223176,1.33294284,-0.0127264038,-0.0113995373,-0.168117478,0.177467152,-0.382372916,-0.396439552,0.146135852,5.29865883e-06,0.000156868613,-0.00026357235,3.58962207e-05,0.000305815251,3.72796494e-05,-0.492484927,0.623129547,-0.164145961,-2.09410048,1.82679784,1.63695538,-1.42431915,1.09321487,9.98440446e-05,0.0298358295,1.33299983,1.33299983,1.33299983
57.6666667,-0.500366092,0.6168015,-0.188539818,-2.07318544,1.80373037,1.60840738,-1.41996324,1.07878947,2.80184649e-05,0.0293524712,1.33291829,1.33223641,1.3329438,-0.0064925612,0.0382292122,-0.128037348,0.102541015,-0.371635318,-0.654924512,0.0417650938,2.78573634e-06,0.000224677497,-0.000193165892,3.04393689e-05,2.3906221e-05,2.79456872e-05,-0.492283165,0.625478089,-0.171541557,-2.08527946,1.80124676,1.59852254,-1.41827166,1.09326029,9.87368039e-05,0.0286702402,1.33299983,1.33299983,1.33299983
57.7333333,-0.500591338,0.621154428,-0.19535163,-2.06834435,1.77955508,1.55724347,-1.42016923,1.07878935,9.24810024e-07,0.0291734263,1.33291686,1.33223426,1.33293998,0.00197824882,0.0889546201,-0.0763793513,0.043057777,-0.358657122,-0.864782095,-0.0393594727,-0.000497776433,0.0036153337,-0.046388898,-0.00324076694,-0.00339885196,-0.00302704819,-0.491945058,0.62941438,-0.177613333,-2.07997918,1.77697861,1.54727161,-1.41797233,1.09333646,9.68810127e-05,0.0267166477,1.33299983,1.33299983,1.33299983
57.8,-0.499877661,0.628097475,-0.198539361,-2.06751943,1.75676775,1.49556065,-1.42460239,1.07878935,9.6733138e-06,0.0271643512,1.33291149,1.3322196,1.33292425,0.020343015,0.113861978,-0.0201098844,-0.0193758942,-0.323722154,-0.970112383,-0.0846520513,0.000509015634,-0.0348573178,-0.00696581602,0.0034752409,0.0035484843,0.0033225962,-0.491538674,0.634144485,-0.182206824,-2.07766461,1.75416827,1.48757088,-1.42181671,1.09342802,9.46509244e-05,0.0243690461,1.33299983,1.33299983,1.33299983
57.8666667,-0.497907519,0.635856032,-0.198077172,-2.07057142,1.73545265,1.42945242,-1.43100882,1.0786773,-2.15657266e-07,0.025599489,1.33289802,1.33219802,1.33289576,0.0383833311,0.114569388,0.0317378789,-0.0710251853,-0.314502239,-1.00329483,-0.100707144,-0.00058890559,0.00279816519,-0.0505882092,-0.00343685364,-0.00358098163,-0.00321169035,-0.491132408,0.638874769,-0.185167715,-2.0777986,1.73299074,1.42378855,-1.4282012,1.09351957,9.24208434e-05,0.022021452,1.33299983,1.33299983,1.33299983
57.9333333,-0.494987607,0.642988801,-0.194265291,-2.07651925,1.71519566,1.36341679,-1.4377135,1.07867718,1.8008709e-06,0.0235394426,1.33288574,1.3321712,1.33286715,0.0484504253,0.0959234312,0.0787620395,-0.104821444,-0.293937415,-0.971004725,-0.094949387,-2.27065902e-06,0.000131119567,-0.0507798046,0.00555097312,0.000294173602,-8.84756446e-08,-0.490794241,0.642811,-0.186341494,-2.07984567,1.71362054,1.36029279,-1.43552089,1.09359562,9.05650304e-05,0.020067852,1.33299983,1.33299983,1.33299983
58,-0.491743684,0.648297846,-0.187613279,-2.08403206,1.69657314,1.30162311,-1.44334519,1.07867813,1.18500645e-06,0.0218186025,1.33287442,1.33215165,1.33284628,0.0481781736,0.0598153248,0.116390169,-0.119118169,-0.261300743,-0.875065863,-0.068596296,0.000598177488,-0.0023918855,-6.45592809e-06,0.00332990917,0.00349367852,0.00308481557,-0.49059251,0.645159602,-0.185573846,-2.08326888,1.69623268,1.3014518,-1.44217181,1.09364116,8.94578043e-05,0.0189022645,1.33299983,1.33299983,1.33299983
58.0666667,-0.488838434,0.650635064,-0.178877234,-2.09190011,1.68007994,1.24839962,-1.44661939,1.07867813,-5.86977897e-08,0.0218291841,1.3328743,1.33214831,1.33284628,0.0387393944,0.00720805954,0.141391784,-0.115987048,-0.230186626,-0.713005602,-0.0250603929,-1.47875198e-06,2.39348647e-05,-1.08339009e-07,-1.21872108e-05,-1.20389668e-05,-1.21210014e-05,-0.4905954,0.645126522,-0.18271026,-2.08753252,1.68100202,1.25163376,-1.4465493,1.09364045,8.94733894e-05,0.01891868,1.33299983,1.33299983,1.33299983
58.1333333,-0.486818433,0.648955226,-0.168813169,-2.09916711,1.66603661,1.20837581,-1.44625235,1.0787133,-2.54018829e-07,0.0218437593,1.33287442,1.33214843,1.33284676,0.0219589341,-0.0596403331,0.157156363,-0.101368546,-0.189805895,-0.479205012,0.0393163525,3.20832442e-07,4.56920134e-05,1.99186616e-07,-2.66682619e-05,-3.75020027e-05,-1.29386463e-05,-0.490870982,0.641917944,-0.177596375,-2.09209967,1.66810286,1.21520698,-1.44704938,1.09357846,9.09860973e-05,0.0205111057,1.33299983,1.33299983,1.33299983
58.2,-0.486015975,0.642472208,-0.157897323,-2.10502195,1.65422332,1.18603575,-1.44088113,1.07882035,-5.00233512e-07,0.0218997747,1.33289397,1.3321594,1.33287656,0.00206172513,-0.137431264,0.171043769,-0.0789459571,-0.138972104,-0.174280196,0.129476935,0.000601297594,-0.00226279069,0.0498310104,0.0031700437,0.00329328002,0.00297184149,-0.491487592,0.634739995,-0.170077756,-2.09643412,1.65771079,1.19653964,-1.44206774,1.09343946,9.4370218e-05,0.0240735449,1.33299983,1.33299983,1.33299983
58.2666667,-0.486668468,0.630577922,-0.145997539,-2.10939693,1.6466794,1.18657625,-1.42879784,1.07882035,-5.17439162e-07,0.0249814671,1.33292174,1.33218741,1.33290803,-0.0199214593,-0.21956189,0.184255719,-0.0516017228,-0.0906800479,0.197287306,0.235998914,6.635305e-06,0.000112602931,0.0582249202,-3.65568558e-05,-6.78070937e-05,1.07625965e-07,-0.492513329,0.622798741,-0.159999996,-2.0999999,1.64999998,1.19999993,-1.42999995,1.09320843,9.99999975e-05,0.0299999993,1.33299983,1.33299983,1.33299983
58.3333333,-0.488624841,0.613093376,-0.133353829,-2.11213064,1.64143205,1.21178758,-1.40958703,1.0788213,-3.66616852e-08,0.0300665796,1.33299923,1.33299708,1.33300042,-0.0379867069,-0.305515975,0.194520161,-0.0350639634,-0.0739249662,0.538715303,0.333114505,-1.1982178e-05,-0.00157624786,0.0919243246,-0.000680429803,0.00552533148,-4.61368472e-08,-0.494012028,0.605352104,-0.146355063,-2.1035912,1.64487183,1.22484565,-1.41068995,1.09287083,0.000108225351,0.038658794,1.33299983,1.33299983,1.33299983
58.4,-0.492071599,0.589860737,-0.119418517,-2.11491632,1.63873708,1.25651944,-1.38467443,1.0788213,-3.95997859e-07,0.0377036519,1.33300042,1.3330003,1.33300042,-0.0638882592,-0.388872981,0.22206004,-0.0496388413,-0.0152759738,0.781876087,0.407127231,-2.70836154e-07,1.36089675e-05,0.128910571,-1.57121576e-05,-2.11827137e-05,-9.14907014e-06,-0.495948434,0.582809627,-0.128724664,-2.10823131,1.64192986,1.26567376,-1.38573968,1.09243464,0.000118853204,0.0498466939,1.33299983,1.33299983,1.33299983
58.4666667,-0.497006118,0.561711371,-0.103498571,-2.11856914,1.63865876,1.31438291,-1.35556698,1.0788213,-2.23686868e-07,0.047576461,1.3330009,1.33300042,1.3330003,-0.0797971934,-0.45282191,0.254036069,-0.0603803843,0.0109812235,0.943165183,0.463661313,4.94086862e-06,0.000371698698,0.16039589,3.72771174e-05,-0.000464926707,-8.93842298e-08,-0.498242408,0.556104779,-0.107838959,-2.11372805,1.64090264,1.31986165,-1.35618234,1.09191787,0.000131443405,0.0631003454,1.33299983,1.33299983,1.33299983
58.5333333,-0.502416968,0.529989421,-0.0851768777,-2.12275577,1.64001489,1.38172507,-1.32297993,1.07870877,-7.0584484e-08,0.0595117137,1.3330003,1.33300018,1.3330003,-0.0782040134,-0.496762842,0.294285804,-0.0672924817,0.0332311206,1.07112288,0.505442679,-0.0272679068,1.48303843e-05,0.189068779,-8.67978088e-07,1.92110019e-06,-9.17183911e-08,-0.500813663,0.526171267,-0.0844280794,-2.11988926,1.64151812,1.38478637,-1.32305169,1.09133863,0.000145555794,0.0779564083,1.33299983,1.33299983,1.33299983
58.6,-0.507256031,0.495997727,-0.0639623329,-2.12734938,1.64274526,1.45666051,-1.28763175,1.07870877,3.81290448e-08,0.0731813014,1.33300018,1.33300006,1.3330003,-0.0640008822,-0.521672428,0.339727998,-0.0735189021,0.0511337891,1.16927671,0.544459403,4.1783278e-07,-7.74294313e-06,0.212298363,2.19035883e-08,-1.46292223e-07,1.45854301e-07,-0.50358212,0.493942678,-0.0592222288,-2.12652302,1.64350522,1.4578253,-1.28738046,1.09071493,0.000160750234,0.0939515233,1.33299983,1.33299983,1.33299983
58.6666667,-0.510933697,0.460920215,-0.039761398,-2.13237357,1.6463896,1.53682601,-1.25061274,1.07870877,1.17306847e-07,0.0881707594,1.33300006,1.33299994,1.33300018,-0.0448236205,-0.530325115,0.382822186,-0.0809150711,0.0613558218,1.22714734,0.561898291,2.00021759e-07,-1.11196641e-06,0.229000896,2.88665433e-07,4.04115099e-07,1.63267941e-08,-0.506467581,0.46035257,-0.0329515673,-2.13343716,1.64659214,1.53635573,-1.25020266,1.090065,0.00017658656,0.110622361,1.33299983,1.33299983,1.33299983
58.7333333,-0.513325155,0.425734609,-0.0130210007,-2.13792443,1.65053618,1.6193707,-1.2129184,1.07870877,1.68281943e-07,0.104068525,1.33299994,1.33299983,1.33300006,-0.0265318137,-0.525569618,0.415038437,-0.0892848521,0.0668101683,1.24137878,0.564120531,1.0685244e-07,-4.41090524e-05,0.239467785,5.57646217e-07,4.8916263e-07,-5.1146344e-08,-0.509389758,0.42633459,-0.00634622946,-2.14043927,1.65050709,1.61775494,-1.21255112,1.08940673,0.000192624604,0.127505556,1.33299983,1.33299983,1.33299983
58.8,-0.514612496,0.391280144,0.0152679551,-2.14397025,1.65494537,1.70147622,-1.17559969,1.07870877,1.61913377e-07,0.120440006,1.33299983,1.33299983,1.33299994,-0.0125538521,-0.508610189,0.428921282,-0.0952573419,0.0692573562,1.21541989,0.55010432,-5.91295247e-07,-7.02895923e-05,0.243413582,8.56969564e-06,1.70156927e-05,-4.53510438e-08,-0.512268484,0.392822266,0.0198635943,-2.14733744,1.65497863,1.69940019,-1.17545938,1.08875823,0.000208424259,0.144137785,1.33299983,1.33299983,1.33299983
58.8666667,-0.515150189,0.358355463,0.0437099338,-2.15023947,1.6594336,1.78061771,-1.13977921,1.07870877,1.24759381e-07,0.136833817,1.33299983,1.33299899,1.33299983,-0.00468317745,-0.479652762,0.419878393,-0.0954539031,0.0689776167,1.15356112,0.518973053,-1.90836545e-06,-7.65993609e-05,0.240571693,1.40589691e-05,2.82989058e-05,-1.04177161e-07,-0.515023589,0.360749245,0.0449477471,-2.15393901,1.65973532,1.77866888,-1.13996053,1.08813763,0.000223545343,0.160055682,1.33299983,1.33299983,1.33299983
58.9333333,-0.515368223,0.327756017,0.0707150623,-2.15629745,1.66382194,1.85447776,-1.10663986,1.07860291,3.64140561e-07,0.152778819,1.33299816,1.33299708,1.33299804,-0.00327486172,-0.438602567,0.386560798,-0.0884063169,0.0657739416,1.05744851,0.471401304,-1.5091151e-05,-9.91194247e-06,0.231185004,5.36253792e-05,7.35323119e-05,-1.32160494e-07,-0.517574787,0.331049144,0.0681760684,-2.1600523,1.66450524,1.85293794,-1.10708809,1.0875628,0.000237547676,0.174795896,1.33299983,1.33299983,1.33299983
59,-0.51566875,0.300296456,0.094710134,-2.16167879,1.66794395,1.92077076,-1.0772382,1.07860291,3.52693041e-06,0.167792156,1.33298862,1.33299029,1.33298767,-0.00722922618,-0.384908348,0.330652595,-0.0746614188,0.0594871715,0.926156044,0.406874985,-3.44781483e-07,0.00013561458,0.213009268,-3.28586902e-05,-2.45509655e-05,-2.86242575e-05,-0.519842088,0.304655552,0.0888184011,-2.16548514,1.66901696,1.91958475,-1.07787538,1.08705211,0.000249991164,0.187895104,1.33299983,1.33299983,1.33299983
59.0666667,-0.516324461,0.276853293,0.114319526,-2.16597986,1.67151463,1.97706199,-1.05264831,1.07860291,1.80076167e-05,0.181359127,1.33298957,1.33299124,1.33298862,-0.0136687113,-0.317541599,0.25663805,-0.0556532852,0.0515671074,0.759212852,0.32684055,-4.88606929e-07,0.000171817039,0.188612461,-4.28408093e-05,-3.1710515e-05,-4.20692013e-05,-0.521745086,0.282502025,0.106144577,-2.17004514,1.67299902,1.97598684,-1.05335569,1.08662355,0.000260435656,0.198889956,1.33299983,1.33299983,1.33299983
59.1333333,-0.517396748,0.258374959,0.128490925,-2.16887903,1.67460775,2.02104211,-1.03389335,1.07845104,3.20658837e-05,0.192975059,1.33298123,1.33299005,1.33297884,-0.0198093243,-0.235350922,0.168849722,-0.0320582986,0.0422089063,0.555458009,0.233685538,-2.31058903e-06,8.90663068e-06,0.155900434,-9.91383713e-05,-7.06385181e-05,-0.000114974304,-0.523203671,0.265522182,0.119424425,-2.17354035,1.67617941,2.019521,-1.03456223,1.08629489,0.000268440926,0.207317069,1.33299983,1.33299983,1.33299983
59.2,-0.518779635,0.245877713,0.136466086,-2.17013717,1.67694724,2.05009317,-1.02185082,1.07845104,4.48773608e-05,0.202114657,1.33295381,1.33296251,1.33294928,-0.0227690618,-0.137742355,0.0718706846,-0.00601075729,0.0271557309,0.311494321,0.125993073,1.96315923e-05,0.000776538043,0.115002245,-0.00391656207,0.00709801912,0.00736577157,-0.524137616,0.254649669,0.12792778,-2.17577839,1.67828691,2.04756522,-1.02252829,1.08608449,0.000273566839,0.212713122,1.33299983,1.33299983,1.33299983
59.2666667,-0.520176768,0.240405619,0.137794107,-2.16965127,1.67796922,2.06139565,-1.01746631,1.07845104,7.44957506e-05,0.208293855,1.33294356,1.33296049,1.33292377,-0.0201242194,-0.024428457,-0.02915016,0.0203705505,0.00520331645,0.0251110811,0.00272689015,-2.9644325e-06,0.000273385638,0.0685057119,1.48143736e-05,2.79602245e-05,-4.71191015e-08,-0.524466753,0.250818014,0.130924493,-2.17656684,1.67904973,2.05749583,-1.01828742,1.08601034,0.000275373313,0.214614779,1.33299983,1.33299983,1.33299983
59.3333333,-0.518490613,0.241870105,0.129047498,-2.17272329,1.65722942,2.05184126,-1.02593017,1.07712352,0.0111739673,0.163824305,1.32336009,1.32363665,1.32391608,0.0448728688,0.054061994,-0.164791167,-0.0765370429,-0.251107484,-0.159070581,-0.219194308,-0.0494511351,0.125612482,-0.505295813,1.56118767e-05,2.53150356e-05,7.04312697e-09,-0.524466753,0.250818014,0.130924493,-2.17656684,1.67904973,2.05749583,-1.01828742,1.11463404,0.0490170047,0.111138009,1.33299983,1.33299983,1.33299983
59.4,-0.513414562,0.24752377,0.113614768,-2.17989731,1.63790321,2.03992534,-1.04952228,1.07167554,0.0248587318,0.098641187,1.32323265,1.32353866,1.32384419,0.0922666565,0.109055236,-0.261619449,-0.121367507,-0.245839655,-0.182696879,-0.396969527,-0.0311889537,-0.000167813967,-0.8951509,5.70358243e-05,0.000113069953,-1.19092874e-07,-0.524466753,0.250818014,0.130924493,-2.17656684,1.67904973,2.05749583,-1.01828742,1.08673716,0.062096376,0.00558254123,1.33299983,1.33299983,1.33299983
59.4666667,-0.506826699,0.256244481,0.0956429467,-2.18992639,1.6278882,2.02459764,-1.09042549,1.07459211,0.0239958465,0.0499309674,1.32318389,1.32349658,1.32379639,0.0958882272,0.152012929,-0.255033046,-0.158757359,-0.0945007578,-0.209980473,-0.674061894,-7.11034227e-06,-6.4796739e-05,-0.553106785,1.95258763e-05,4.41180891e-05,-9.82836355e-08,-0.524466753,0.250818014,0.130924493,-2.17656684,1.67904973,2.05749583,-1.01828742,1.19308376,0.0725134388,0,1.33299983,1.33299983,1.33299983
59.5333333,-0.500535071,0.268146366,0.079257004,-2.20008945,1.61968935,2.01264882,-1.13251901,1.07644284,0.023189947,0.0233785938,1.32315624,1.32347262,1.32376611,0.0874835849,0.203635588,-0.222861648,-0.133975357,-0.105909638,-0.143208608,-0.62525785,-9.93688082e-06,0.000321311294,-0.261005789,1.56603055e-05,3.59475671e-05,-1.66182872e-08,-0.524466753,0.250818014,0.130924493,-2.17656684,1.67904973,2.05749583,-1.01828742,1.24616504,0.0717000812,0,1.33299983,1.33299983,1.33299983
59.6,-0.496673375,0.283852369,0.0697357953,-2.20666623,1.6108284,2.00788689,-1.16894603,1.07729936,0.0221916344,0.0108480966,1.32313228,1.32345665,1.32374859,0.0351287052,0.261255205,-0.0797199681,-0.0599368326,-0.109752566,-0.0216747336,-0.51873529,-6.64427535e-06,3.12523625e-05,-0.117955796,1.32119167e-05,6.20953506e-06,-4.60859155e-08,-0.524466753,0.250818014,0.130924493,-2.17656684,1.67904973,2.05749583,-1.01828742,1.24616504,0.0383865908,0,1.33299983,1.33299983,1.33299983
59.6666667,-0.495766014,0.302969038,0.0684363991,-2.20897102,1.60647476,2.00565696,-1.20805824,1.077142,0.0227548797,0.00505448924,1.32313156,1.32345521,1.32374859,-0.000687553082,0.301815927,0.0214639809,-0.00330830063,-0.0322166979,-0.0242535975,-0.576900959,-1.71453576e-06,2.43387185e-05,-0.0632377043,-8.97311111e-06,-1.6489088e-05,5.56465238e-08,-0.524466753,0.250818014,0.130924493,-2.17656684,1.67904973,2.05749583,-1.01828742,1.24616504,0.0700392872,0,1.33299983,1.33299983,1.33299983
59.7333333,-0.495600611,0.324276417,0.0697358102,-2.20717812,1.60637867,2.00507998,-1.24839079,1.07674038,0.0226900522,3.59292312e-06,1.32945788,1.32967031,1.3299036,0.00878344662,0.328080326,0.00757358642,0.0697563589,-0.00968479551,-0.0370945781,-0.559389591,2.39977417e-05,-0.00446430407,-0.00115357293,0.125722975,0.122139752,0.119478382,-0.524466753,0.250818014,0.130924493,-2.17656684,1.67904973,2.05749583,-1.01828742,1.20740831,0.0488971844,0,1.33299983,1.33299983,1.33299983
59.8,-0.49468708,0.346640259,0.0696138144,-2.20116043,1.60601962,1.99922717,-1.28894746,1.07673609,0.0230172295,7.99850568e-07,1.33299994,1.33300006,1.33300006,0.0179064758,0.33414489,-0.0108646825,0.11589279,-0.00168133387,-0.114924915,-0.581183612,1.86406396e-07,1.29262917e-05,-2.64735718e-08,-7.18062347e-06,-1.0032757e-05,-4.41629072e-06,-0.524466753,0.250818014,0.130924493,-2.17656684,1.67904973,2.05749583,-1.01828742,1.2183243,0.0785791501,0,1.33299983,1.33299983,1.33299983
59.8666667,-0.493402243,0.368466675,0.0686353743,-2.19321775,1.60536933,1.98956394,-1.32882881,1.0769552,0.0232050736,1.28862494e-05,1.33300006,1.33300006,1.33300018,0.0219883882,0.316636205,-0.0222557429,0.129375726,-0.00325547275,-0.170259818,-0.581901312,1.65327219e-06,-1.24068247e-05,-9.6359101e-05,1.34088223e-05,1.27636376e-05,1.38073938e-05,-0.524466753,0.250818014,0.130924493,-2.17656684,1.67904973,2.05749583,-1.01828742,1.24616504,0.102695741,0,1.33299983,1.33299983,1.33299983
59.9333333,-0.491786003,0.38818714,0.0665279925,-2.1850462,1.60323834,1.97719824,-1.36618805,1.07695544,0.0233539976,1.04196133e-05,1.33300006,1.33300006,1.33300018,0.0271103121,0.276190758,-0.0417111702,0.124756493,-0.0310106091,-0.204236686,-0.536074162,2.81528628e-06,-2.02421506e-05,-0.000123008562,1.83144639e-05,1.8992765e-05,1.73893459e-05,-0.524466753,0.250818014,0.130924493,-2.17656684,1.67904973,2.05749583,-1.01828742,1.24616504,0.113143921,0,1.33299983,1.33299983,1.33299983
60,-0.490005314,0.405088753,0.0635576546,-2.17677093,1.59992802,1.9638952,-1.4000448,1.07590997,0.0236280486,1.24178632e-05,1.33300018,1.33299994,1.33300006,0.0272877049,0.233453825,-0.049270153,0.129452869,-0.0643681064,-0.203819722,-0.463936985,1.06229563e-05,-0.00041301173,-0.000137391369,2.15217678e-05,2.39446617e-05,1.90544524e-05,-0.524466753,0.250818014,0.130924493,-2.17656684,1.67904973,2.05749583,-1.01828742,1.16023779,0.109085426,0,1.33299983,1.33299983,1.33299983
60.0666667,-0.488112271,0.419598758,0.0597798899,-2.1679666,1.58982325,1.95507538,-1.42456627,1.07586336,0.0235483516,2.92282243e-06,1.33299983,1.33299971,1.33299983,0.0302218199,0.201688588,-0.064508073,0.138958648,-0.164700627,-0.128657281,-0.323305964,1.01389596e-05,-0.000191779924,-6.5394539e-05,1.03208367e-05,1.15925677e-05,9.22955587e-06,-0.524466753,0.250818014,0.130924493,-2.17656684,1.67904973,2.05749583,-1.01828742,1.1521486,0.102128275,0,1.33299983,1.33299983,1.33299983
60.1333333,-0.487558365,0.429859221,0.0591346622,-2.16492653,1.60577857,1.95894396,-1.4553808,1.07696414,0.0234528333,0.000846284558,1.33300018,1.33300006,1.33300018,0.00293675135,0.112285033,-0.00252883346,-0.0231498349,0.278045624,0.0661644861,-0.483578235,-4.75765046e-06,-0.000406347797,9.59262252e-08,-3.38860955e-05,-3.09748029e-05,-3.53688738e-05,-0.524466753,0.250818014,0.130924493,-2.17656684,1.67904973,2.05749583,-1.01828742,1.23998678,0.121829405,0,1.33299983,1.33299983,1.33299983
60.2,-0.487380713,0.434467822,0.0584702902,-2.17242098,1.62636244,1.96371865,-1.49254441,1.07615364,0.023576716,0.00089318573,1.33300006,1.33300006,1.33300018,0.00277533242,0.0334024988,-0.0163342189,-0.171763107,0.339509457,0.0514195971,-0.58606708,-2.05850301e-06,-0.00198916113,1.07218511e-07,-4.55518311e-05,-3.9992392e-05,-4.82321411e-05,-0.524466753,0.250818014,0.130924493,-2.17656684,1.67904973,2.05749583,-1.01828742,1.17175913,0.108229518,0,1.33299983,1.33299983,1.33299983
60.2666667,-0.487266809,0.434353203,0.057094723,-2.18888474,1.64969647,1.9674685,-1.53571367,1.06288385,0.0289973859,0.00094846281,1.3330003,1.33300018,1.33300018,0.00106132042,-0.0298065692,-0.0236082952,-0.292940915,0.381412834,0.040283747,-0.652337134,-0.130626857,0.0777709559,6.3679181e-08,-8.37945845e-05,-0.000139991986,-6.65812986e-05,-0.524466753,0.250818014,0.130924493,-2.17656684,1.67904973,2.05749583,-1.01828742,1.0574286,0.126786664,0,1.33299983,1.33299983,1.33299983
60.3333333,-0.48769322,0.431244314,0.0566684939,-2.21044803,1.67830348,1.97173691,-1.58088338,1.06529713,0.0284365695,0.00100362778,1.33300006,1.33299994,1.33300018,-0.010812467,-0.061559435,0.00331071392,-0.33778435,0.455773234,0.0556721725,-0.700594425,-0.000166142359,0.000405925442,-0.00752640143,-0.000354536052,-0.000363605621,-0.000279756641,-0.524466753,0.250818014,0.130924493,-2.17656684,1.67904973,2.05749583,-1.01828742,1.12542486,0.131449014,0,1.33299983,1.33299983,1.33299983
60.4,-0.488869518,0.426261991,0.0580085292,-2.23313832,1.71047342,1.97594202,-1.62666452,1.07339942,0.0253409948,0.00105493481,1.33299959,1.33299971,1.33299994,-0.0219983216,-0.086254321,0.0304547735,-0.337299228,0.491102278,0.0581246652,-0.687021554,-1.35225091e-05,-0.000232465143,-4.63915057e-08,-3.99760756e-05,-3.4575678e-05,-4.19723583e-05,-0.524466753,0.250818014,0.130924493,-2.17656684,1.67904973,2.05749583,-1.01828742,1.19340503,0.129805595,0,1.33299983,1.33299983,1.33299983
60.4666667,-0.491409361,0.421121716,0.0630734041,-2.25371742,1.74566865,1.98316646,-1.67232335,1.07240188,0.0254709031,0.00109378749,1.33299947,1.33299839,1.33299983,-0.0469814055,-0.0740199238,0.100940973,-0.288414031,0.535838902,0.116906203,-0.668397307,-4.01774378e-06,0.000150298612,5.17757144e-08,-3.07194132e-05,-3.10359828e-05,-2.9526549e-05,-0.524466753,0.250818014,0.130924493,-2.17656684,1.67904973,2.05749583,-1.01828742,1.12052286,0.120409101,0,1.33299983,1.33299983,1.33299983
60.5333333,-0.495192587,0.417645991,0.0719603524,-2.27000618,1.78260803,1.99395597,-1.71781743,1.05489314,0.0318257101,0.00111496099,1.33299923,1.33299816,1.33299959,-0.0600885898,-0.0405567363,0.146262512,-0.217969149,0.553103447,0.165064096,-0.646027565,-0.232933745,0.0839522406,-8.80390871e-08,-8.17441469e-06,-2.89342643e-06,-1.22131478e-05,-0.524466753,0.250818014,0.130924493,-2.17656684,1.67904973,2.05749583,-1.01828742,1.03556943,0.133960858,0,1.33299983,1.33299983,1.33299983
60.6,-0.500347555,0.416284412,0.0851742327,-2.2817235,1.81823456,2.00969863,-1.75451875,1.07220829,0.0261067245,0.00111361255,1.33299899,1.33299994,1.33299875,-0.0865259543,-0.0128879948,0.226227388,-0.150083348,0.515643239,0.258352876,-0.582525015,0.063818261,3.4888857e-05,-6.54399628e-08,3.91388021e-05,1.9563362e-05,4.51651067e-05,-0.524466753,0.250818014,0.130924493,-2.17656684,1.67904973,2.05749583,-1.01828742,1.18043029,0.136527404,0,1.33299983,1.33299983,1.33299983
60.6666667,-0.505974054,0.416167587,0.100380883,-2.29065037,1.85329437,2.02777171,-1.79204488,1.071962,0.0259975251,1.28958732e-06,1.33298135,1.33298242,1.3329798,-0.0802235454,0.000495938933,0.221328899,-0.125621662,0.519004047,0.260175288,-0.541959107,-4.8163929e-06,0.00037028204,0.000176441579,-1.19296601e-07,2.24802352e-05,-2.20256043e-05,-0.524466753,0.250818014,0.130924493,-2.17656684,1.67904973,2.05749583,-1.01828742,1.11252999,0.134116471,0,1.33299983,1.33299983,1.33299983
60.7333333,-0.509753346,0.416188985,0.111480303,-2.29966712,1.89061666,2.03931618,-1.83373702,1.07202852,0.0260435157,0.0219658483,1.33297193,1.33297348,1.33296931,-0.0408550836,-0.00396086602,0.127806544,-0.141882092,0.548592031,0.123248085,-0.630866826,-2.88866795e-06,0.00031358283,0.280642331,1.90188875e-05,3.85500607e-05,7.86385499e-08,-0.524466753,0.250818014,0.130924493,-2.17656684,1.67904973,2.05749583,-1.01828742,1.12439644,0.143661276,0.0499204397,1.33299983,1.33299983,1.33299983
60.8,-0.510416985,0.414658129,0.114607669,-2.31028843,1.92624962,2.04279327,-1.87529159,1.06732678,0.0278224722,0.0821170956,1.33298588,1.33299041,1.3329792,0.00847356115,-0.038763877,-0.00283978856,-0.167873487,0.505283177,0.00415436365,-0.587329805,-0.0289356727,-5.0219438e-05,0.746950626,1.98080816e-05,3.39855906e-05,-6.57310011e-08,-0.524466753,0.250818014,0.130924493,-2.17656684,1.67904973,2.05749583,-1.01828742,1.07836199,0.148541808,0.157467306,1.33299983,1.33299983,1.33299983
60.8666667,-0.508452177,0.410612911,0.110796675,-2.32023501,1.95965493,2.03974271,-1.91151941,1.07181323,0.0264385119,0.148335889,1.33037829,1.33037817,1.33036458,0.0367280543,-0.080064334,-0.0788565874,-0.129136264,0.455908298,-0.065615505,-0.503511906,-0.0313035846,4.78259608e-07,0.996141672,-0.0708384216,-0.0702339113,-0.070281215,-0.524466753,0.250818014,0.130924493,-2.17656684,1.67904973,2.05749583,-1.01828742,1.17119288,0.159540415,0.293162584,1.33299983,1.33299983,1.33299983
60.9333333,-0.509984732,0.40891698,0.117240056,-2.32141876,1.99456108,2.04452276,-1.94443262,1.07101715,0.0269630849,0.212840423,1.32908559,1.32907438,1.3291471,-0.054441154,-0.0116625028,0.177342996,0.0174308382,0.414058805,0.144770965,-0.438825727,-0.000196192588,-0.00323322695,0.99812156,0.00303731859,-0.0429541767,-0.00671232119,-0.524466753,0.250818014,0.130924493,-2.17656684,1.67904973,2.05749583,-1.01828742,1.12270153,0.16847676,0.329155922,1.33299983,1.33299983,1.33299983
61,-0.513188541,0.406564325,0.127352387,-2.32389593,2.02571607,2.05054808,-1.97735977,1.06781042,0.0281828251,0.277148455,1.3329916,1.33192945,1.33269739,-0.047267653,-0.0518059693,0.13728708,-0.0810832456,0.376664251,0.101863071,-0.463218242,5.86121132e-07,0.150006264,0.995420516,2.30647856e-08,-0.0754855797,-0.073731035,-0.524466753,0.250818014,0.130924493,-2.17656684,1.67904973,2.05749583,-1.01828742,1.08929908,0.17573756,0.381692618,1.33299983,1.33299983,1.33299983
61.0666667,-0.51508528,0.40099293,0.132499188,-2.3329854,2.05242157,2.05369949,-2.01273417,1.0382458,0.0380379595,0.306225806,1.33183873,1.33093798,1.33181798,-0.0091629196,-0.107257202,0.0171391629,-0.194159284,0.390500039,0.0170254912,-0.484612912,-0.246599182,0.160654575,0.596270621,-2.6514288e-05,-0.000102844671,1.14319846e-07,-0.524466753,0.250818014,0.130924493,-2.17656684,1.67904973,2.05749583,-1.01828742,0.991311014,0.181636944,0.368944824,1.33299983,1.33299983,1.33299983
61.1333333,-0.514764845,0.393982202,0.131437406,-2.34729934,2.08068657,2.05246353,-2.0510056,1.00225282,0.0380820557,0.312741101,1.33295274,1.33299994,1.33246958,0.00558761135,-0.115657382,-0.02734657,-0.251739591,0.374962449,-0.0546122752,-0.538564563,-0.457161367,-0.00325445412,0.216597259,0.00163386948,-0.00980346184,-0.00737379678,-0.524466753,0.250818014,0.130924493,-2.17656684,1.67904973,2.05749583,-1.01828742,0.913247705,0.186430201,0.337857604,1.33299983,1.33299983,1.33299983
61.2,-0.515711606,0.387244254,0.133522183,-2.36194849,2.1133709,2.04951167,-2.09196162,0.951688051,0.0395142697,0.355293632,1.33198476,1.33199,1.33200228,-0.0176631175,-0.111358963,0.0284868255,-0.239054427,0.37068823,-0.00678429287,-0.539223254,-0.650255442,0.160970971,0.775427818,-0.0795953646,-0.0786112547,-0.0767019317,-0.524466753,0.250818014,0.130924493,-2.17656684,1.67904973,2.05749583,-1.01828742,0.847388029,0.190324739,0.439729691,1.33299983,1.33299983,1.33299983
61.2666667,-0.517497957,0.381946057,0.138426006,-2.374156,2.15128779,2.0476563,-2.13567638,0.893665493,0.0413838066,0.393171012,1.33195972,1.33193624,1.33174932,-0.0366774835,-0.0706746206,0.100358151,-0.16082871,0.551187515,-0.0317094997,-0.610123992,-0.747741163,0.000650522299,0.645531654,-0.000267411582,-0.000488427468,-4.58264258e-05,-0.524466753,0.250818014,0.130924493,-2.17656684,1.67904973,2.05749583,-1.01828742,0.793877125,0.19348903,0.522500813,1.33299983,1.33299983,1.33299983
61.3333333,-0.519417942,0.377195001,0.143814325,-2.3834362,2.18330646,2.04790902,-2.17445135,0.838606,0.0447129644,0.429679334,1.33128059,1.33118796,1.33107698,-0.0352694578,-0.0712060779,0.09439715,-0.135138616,0.453369498,0.00559359603,-0.51143837,-0.469587356,-0.176632583,0.439130098,-0.000232694671,-0.000447451603,-3.60759441e-05,-0.524466753,0.250818014,0.130924493,-2.17656684,1.67904973,2.05749583,-1.01828742,0.750399351,0.190538645,0.527558982,1.33299983,1.33299983,1.33299983
61.4,-0.522445679,0.37104401,0.150696397,-2.393852,2.20853353,2.04917741,-2.20839,0.819960296,0.0407559462,0.431517124,1.33106959,1.33101165,1.3309319,-0.0597602725,-0.117224142,0.120665997,-0.189927101,0.3573111,0.00670099771,-0.507948458,-0.167733803,-0.102524251,-1.11572444e-06,0.000547874719,0.000455721689,0.000597326085,-0.524466753,0.250818014,0.130924493,-2.17656684,1.67904973,2.05749583,-1.01828742,0.748581886,0.193662837,0.465730131,1.33299983,1.33299983,1.33299983
61.4666667,-0.527477741,0.362594813,0.160913423,-2.4070127,2.23783183,2.05110407,-2.24541903,0.811005175,0.038394209,0.444037825,1.33003807,1.32999206,1.32995081,-0.0898926333,-0.136570334,0.181791067,-0.198206797,0.48375082,0.0362822935,-0.54777509,-0.143737003,-0.0943199694,0.240209147,-9.7673852e-05,-0.000242587412,2.09135469e-05,-0.524466753,0.250818014,0.130924493,-2.17656684,1.67904973,2.05749583,-1.01828742,0.775413334,0.196201235,0.54362613,1.33299983,1.33299983,1.33299983
61.5333333,-0.533274114,0.354545832,0.173221543,-2.41817188,2.27226114,2.05461693,-2.28493357,0.792891741,0.034539938,0.471579671,1.32912743,1.32910144,1.32910359,-0.0818806738,-0.12207713,0.170954794,-0.161625698,0.49620375,0.0303390548,-0.570633531,-0.172675744,-0.0886030197,0.542196929,-0.00598997995,-0.000366187654,-5.11528924e-06,-0.524466753,0.250818014,0.130924493,-2.17656684,1.67904973,2.05749583,-1.01828742,0.735397577,0.19826369,0.606916606,1.33299983,1.33299983,1.33299983
61.6,-0.539390445,0.346637011,0.186134979,-2.42724681,2.30294609,2.05937147,-2.32096457,0.783563495,0.0317068398,0.501278579,1.3285464,1.32853234,1.32856143,-0.0948000327,-0.118039854,0.19912453,-0.117852144,0.410119444,0.10773427,-0.508525074,-0.157185897,-0.200348452,0.427437425,-0.000119550154,-0.000264935661,4.65731137e-06,-0.524466753,0.250818014,0.130924493,-2.17656684,1.67904973,2.05749583,-1.01828742,0.746339679,0.19993943,0.623732746,1.33299983,1.33299983,1.33299983
61.6666667,-0.546344936,0.337658852,0.199835971,-2.43713307,2.32841754,2.06673241,-2.35333657,0.776915848,0.0285078306,0.507924139,1.32877612,1.32876098,1.32877755,-0.111928537,-0.132914305,0.221919298,-0.157119989,0.415968508,0.128926381,-0.503697097,-0.125799686,-0.00949568301,0.0726194009,1.64918602e-05,-1.17742456e-05,4.11905348e-05,-0.524466753,0.250818014,0.130924493,-2.17656684,1.67904973,2.05749583,-1.01828742,0.79596436,0.192055091,0.642837942,1.33299983,1.33299983,1.33299983
61.7333333,-0.553311586,0.329590499,0.213983148,-2.44737649,2.35980153,2.07137966,-2.38758826,0.769036174,0.0175422337,0.525251329,1.33030021,1.33018076,1.33010399,-0.0989685208,-0.111279897,0.204073265,-0.147703588,0.465853602,0.0582776368,-0.503413737,-0.105529964,-0.166537046,0.288044006,-0.00682234764,-0.0071036946,-0.0069209775,-0.524466753,0.250818014,0.130924493,-2.17656684,1.67904973,2.05749583,-1.01828742,0.782598376,0.179432303,0.687526226,1.33299983,1.33299983,1.33299983
61.8,-0.558636904,0.322994411,0.224981233,-2.45848083,2.3889339,2.07170582,-2.41737628,0.762393653,0.0149692567,0.529715061,1.33059406,1.33045816,1.33037579,-0.0716358945,-0.0788340643,0.15811561,-0.164412409,0.448873222,0.00208893442,-0.435561627,-0.0935435593,-0.00864811987,0.0746013671,2.7412083e-05,-1.36718154e-05,5.53312711e-05,-0.524466753,0.250818014,0.130924493,-2.17656684,1.67904973,2.05749583,-1.01828742,0.741235495,0.183273703,0.653435826,1.33299983,1.33299983,1.33299983
61.8666667,-0.560193181,0.320483118,0.230148211,-2.46993589,2.42016459,2.06133962,-2.44162035,0.758119941,0.00772338547,0.541375458,1.33190215,1.33141994,1.3313061,0.00949125271,-0.00285370788,0.0268438775,-0.165983841,0.452695012,-0.195531189,-0.330070168,8.41129804e-07,-0.122278191,0.16586566,-5.69224358e-05,-0.000161046628,3.47704627e-05,-0.524466753,0.250818014,0.130924493,-2.17656684,1.67904973,2.05749583,-1.01828742,0.707628071,0.14373593,0.655139804,1.33299983,1.33299983,1.33299983
61.9333333,-0.557842255,0.321947306,0.229073569,-2.48089361,2.44862032,2.04179049,-2.46169567,0.751527667,-2.34311228e-05,0.554317653,1.33236969,1.33192658,1.33182645,0.0520965829,0.0288886782,-0.0518742092,-0.170048207,0.371469051,-0.302241087,-0.278682858,-0.167648092,0.00215650885,0.0527637303,-8.14041123e-05,-0.000243522227,5.3348951e-05,-0.524466753,0.250818014,0.130924493,-2.17656684,1.67904973,2.05749583,-1.01828742,0.680322111,0.122726068,0.678936243,1.33299983,1.33299983,1.33299983
62,-0.553489387,0.32540369,0.224422276,-2.49298024,2.47396851,2.01635575,-2.47526813,0.75172478,-3.16651349e-05,0.556780517,1.33300483,1.3328433,1.3327409,0.0679170936,0.0648292527,-0.0695171207,-0.172523722,0.37346673,-0.366423905,-0.172174245,-0.000181255862,0.00461203,0.0073359292,-0.00171485078,-0.00148871029,-0.0015050089,-0.524466753,0.250818014,0.130924493,-2.17656684,1.67904973,2.05749583,-1.01828742,0.715138078,0.126394629,0.713642716,1.33299983,1.33299983,1.33299983
62.0666667,-0.548696041,0.330488443,0.219445005,-2.50431609,2.49875355,1.99012077,-2.48708439,0.746195197,-3.93949449e-05,0.558325112,1.33300602,1.33300614,1.33300602,0.0713717639,0.0835894942,-0.0714601576,-0.158244312,0.359053701,-0.354011208,-0.0995209217,0.0767502487,0.00445270585,4.79072332e-06,-0.00230627228,-0.002150018,-0.00238839537,-0.524466753,0.250818014,0.130924493,-2.17656684,1.67904973,2.05749583,-1.01828742,0.686993599,0.0990201533,0.745055079,1.33299983,1.33299983,1.33299983
62.1333333,-0.54399693,0.335365862,0.213997796,-2.51638651,2.52184606,1.96072137,-2.49733067,0.746650875,-2.92804398e-05,0.558571756,1.33281946,1.33300531,1.33300424,0.0696735457,0.0882596523,-0.0736737326,-0.174527988,0.354414672,-0.433335423,-0.170215294,-2.49232398e-05,0.00133575487,0.0580316745,0.000110980589,0.00020819722,3.28937094e-05,-0.524466753,0.250818014,0.130924493,-2.17656684,1.67904973,2.05749583,-1.01828742,0.663556516,0.106970325,0.69956404,1.33299983,1.33299983,1.33299983
62.2,-0.539263308,0.342006534,0.208965197,-2.52873683,2.54544783,1.92783523,-2.51132345,0.746645153,-1.49688467e-05,0.557118237,1.33300197,1.33300185,1.33300257,0.0632751808,0.112009272,-0.0551094413,-0.177031681,0.356246382,-0.486516595,-0.20665969,-0.0345798209,0.000926489709,0.004684994,-0.00105055002,-0.00123977661,-0.000912161078,-0.524466753,0.250818014,0.130924493,-2.17656684,1.67904973,2.05749583,-1.01828742,0.644513965,0.0833927765,0.629022896,1.33299983,1.33299983,1.33299983
62.2666667,-0.53472203,0.350288004,0.204715341,-2.54080176,2.56917548,1.89264345,-2.52650428,0.746671617,-9.29680755e-06,0.558127463,1.33299577,1.33299494,1.33300161,0.0670267642,0.127944559,-0.0635098964,-0.184706554,0.352154404,-0.557828546,-0.212781176,1.23765203e-05,0.000713842979,0.096786648,-4.76823188e-05,-0.000261572422,1.55014714e-05,-0.524466753,0.250818014,0.130924493,-2.17656684,1.67904973,2.05749583,-1.01828742,0.629041851,0.0895881206,0.615158319,1.33299983,1.33299983,1.33299983
62.3333333,-0.530695677,0.35916394,0.201352939,-2.55222893,2.59191155,1.85742319,-2.53981233,0.74611342,-1.79565868e-05,0.559783816,1.33293927,1.33294725,1.3329612,0.0494582467,0.139156476,-0.0263296869,-0.157962427,0.340864331,-0.488240421,-0.184681624,-5.5860728e-06,0.000626269612,0.069383204,-8.76919366e-05,-0.00027247332,4.87908255e-05,-0.524466753,0.250818014,0.130924493,-2.17656684,1.67904973,2.05749583,-1.01828742,0.616470754,0.0898836553,0.654560924,1.33299983,1.33299983,1.33299983
62.4,-0.527514815,0.36816752,0.199386075,-2.56304765,2.61387014,1.82311606,-2.55182219,0.746054351,-1.79346862e-05,0.561216652,1.33288491,1.33290362,1.33292818,0.0376508459,0.126301497,-0.0162689481,-0.164972857,0.313401103,-0.512915909,-0.151281446,-0.000466636789,0.00307886791,5.28991222e-06,-0.00279446365,-0.00297313556,-0.002547279,-0.524466753,0.250818014,0.130924493,-2.17656684,1.67904973,2.05749583,-1.01828742,0.606256723,0.10925585,0.652989268,1.33299983,1.33299983,1.33299983
62.4666667,-0.525271177,0.377463341,0.19920218,-2.57300067,2.63553905,1.79060924,-2.56321168,0.745470047,-2.43270406e-05,0.562878609,1.33283019,1.33286119,1.33290732,0.0195636731,0.141764656,0.0270419922,-0.135484383,0.323778272,-0.450461984,-0.130628183,-0.000554274768,0.00357799674,6.15790486e-06,-0.00319294166,-0.00340553047,-0.00295364903,-0.524466753,0.250818014,0.130924493,-2.17656684,1.67904973,2.05749583,-1.01828742,0.59795785,0.107751131,0.675353885,1.33299983,1.33299983,1.33299983
62.5333333,-0.523154914,0.387308627,0.199177518,-2.58317995,2.6568532,1.7558341,-2.57518601,0.745667636,-2.87085968e-05,0.571471512,1.33299208,1.3329941,1.33299208,0.0176458191,0.1653945,0.0375728384,-0.135407656,0.30848676,-0.485668361,-0.181551054,-0.000355303288,0.00238208473,4.44054604e-06,-0.00246617338,-0.00286494335,-0.00209083781,-0.524466753,0.250818014,0.130924493,-2.17656684,1.67904973,2.05749583,-1.01828742,0.591215074,0.126397982,0.713945389,1.33299983,1.33299983,1.33299983
62.6,-0.522208333,0.397570878,0.201712355,-2.59160686,2.67901158,1.72646129,-2.58156681,0.743697584,-3.55822631e-05,0.575312316,1.33064795,1.33067191,1.33072495,-0.00640524132,0.145518422,0.0765002221,-0.121999122,0.326032996,-0.40312618,-0.0424975976,3.91533831e-06,-0.00198035291,0.0585911199,-0.0591735505,-0.0610523596,-0.0619981959,-0.524466753,0.250818014,0.130924493,-2.17656684,1.67904973,2.05749583,-1.01828742,0.585736513,0.135346085,0.745301008,1.33299983,1.33299983,1.33299983
62.6666667,-0.52168709,0.404406279,0.20156832,-2.59237027,2.68476892,1.71809757,-2.56835294,0.753382683,-4.82443875e-06,0.555568874,1.32134473,1.3210634,1.320943,0.0168563873,0.0814696774,-0.0619551726,0.0527469851,-0.0801862702,-0.0369425453,0.28952828,-2.03706441e-06,0.000153880334,-0.310042143,-0.0923583135,-0.0959761068,-0.0968695208,-0.521573484,0.402386218,0.200880125,-2.58931923,2.67713881,1.72355247,-2.56828427,0.751170099,0,0.56141603,1.33299983,1.33299983,1.33299983
62.7333333,-0.520444155,0.411628932,0.195389345,-2.586411,2.67387009,1.71644902,-2.53951406,0.760384202,-7.1187751e-06,0.532924831,1.3197192,1.31925082,1.31907034,0.0212811604,0.158117086,-0.116580173,0.115100868,-0.202723652,-0.0545236431,0.583092809,0.178523153,0.000571138749,-0.368538827,-3.7011574e-05,-8.7102002e-05,6.83357939e-08,-0.519822717,0.415664971,0.198497355,-2.58294058,2.67173958,1.71556747,-2.53150249,0.77177614,0,0.523495555,1.33299983,1.33299983,1.33299983
62.8,-0.519761503,0.426718146,0.187253863,-2.57812452,2.66052723,1.70736623,-2.4886651,0.777122319,-6.39993186e-06,0.500553489,1.31973708,1.31926513,1.31906927,0.0131150596,0.29775089,-0.141884431,0.136216447,-0.188071162,-0.202888384,0.938980162,0.275862694,0.000324068329,-0.567461789,-0.00692372397,-8.11214704e-05,1.99108399e-07,-0.517187059,0.435656071,0.194735005,-2.57319641,2.66314363,1.70361948,-2.47582102,0.80279851,0,0.467203766,1.33299983,1.33299983,1.33299983
62.8666667,-0.519249678,0.451290786,0.178919658,-2.56729507,2.64904571,1.68974042,-2.41572809,0.800808012,-1.70830765e-06,0.459200054,1.31972635,1.31924975,1.31903279,0.00879352912,0.428783476,-0.112868212,0.191512808,-0.161172733,-0.302083015,1.21991956,0.392643899,-0.000263636961,-0.6484707,4.14176029e-05,6.42991508e-05,-8.9063542e-07,-0.51389724,0.460608393,0.189763978,-2.56081367,2.65167999,1.68882096,-2.40583849,0.841519833,8.45525392e-06,0.39819327,1.33299983,1.33299983,1.33299983
62.9333333,-0.517384887,0.482901394,0.171975911,-2.55170631,2.63804388,1.67062199,-2.32945514,0.830711782,4.94219876e-06,0.407408148,1.31964695,1.31916153,1.3189255,0.0561396182,0.512227178,-0.0789590478,0.284436971,-0.166365981,-0.280168653,1.33852947,0.494276732,0.000530712539,-0.862169147,8.44949973e-05,0.000164850731,-1.99885108e-07,-0.510184109,0.488770992,0.183755219,-2.54651809,2.63767743,1.67228448,-2.32615423,0.885222852,2.73703045e-05,0.322116852,1.33299983,1.33299983,1.33299983
63,-0.511753142,0.518177032,0.167435914,-2.53080821,2.62490034,1.65460503,-2.24081016,0.869117081,2.27097589e-05,0.343326658,1.31962419,1.31913066,1.31888378,0.101141743,0.523494363,-0.058134675,0.308657646,-0.240520671,-0.23295629,1.31121314,0.620027244,0.000107314059,-0.991163015,3.16975202e-05,4.38079587e-05,-1.24389771e-07,-0.506278634,0.518392801,0.176879615,-2.53103614,2.62146592,1.65512347,-2.24136782,0.931190372,4.66367201e-05,0.244627297,1.33299983,1.33299983,1.33299983
63.0666667,-0.504854023,0.550772429,0.164245799,-2.51255131,2.60600781,1.63869524,-2.15466213,0.912097394,5.75628073e-05,0.276815504,1.31959367,1.31910014,1.31885278,0.104188867,0.449960023,-0.039880231,0.235718057,-0.314524055,-0.240317002,1.26960182,0.654295921,0.000302557106,-0.99691999,3.54186632e-05,5.8355683e-05,-9.51695256e-08,-0.502411664,0.547722816,0.169308111,-2.51509356,2.60337424,1.63844991,-2.15607762,0.976704776,6.48490386e-05,0.171377257,1.33299983,1.33299983,1.33299983
63.1333333,-0.498141527,0.578383863,0.161820292,-2.49863124,2.58400702,1.62322915,-2.07234931,0.955522358,0.000104244762,0.210419238,1.31956291,1.31906939,1.31882119,0.0962778777,0.383291245,-0.0361646004,0.188842848,-0.337695152,-0.217505872,1.19013238,0.636081755,0.000372704235,-0.98235482,2.37105123e-05,4.39606956e-05,-8.44011083e-08,-0.498814046,0.575009942,0.161211655,-2.49941707,2.58373165,1.6233772,-2.07488394,1.01904917,8.06018288e-05,0.108019516,1.33299983,1.33299983,1.33299983
63.2,-0.494628072,0.601526618,0.155062526,-2.48526335,2.56756783,1.6076628,-1.99616289,0.995686769,1.44416463e-05,0.149094611,1.33194983,1.33125079,1.33044267,-0.000430537155,0.297647387,-0.134430379,0.21126458,-0.254331738,-0.252423286,1.07186806,0.563287735,0.000418931479,-0.865600348,0.199957907,0.27280888,0.218879342,-0.495716572,0.598503053,0.152761146,-2.48473239,2.56286716,1.6110177,-2.00238466,1.05550611,9.24896085e-05,0.0602068081,1.33299983,1.33299983,1.33299983
63.2666667,-0.495404482,0.618752956,0.145274535,-2.47115922,2.54473996,1.59610105,-1.93315327,1.03055239,4.03323465e-05,0.0948846564,1.33300018,1.3330003,1.33300018,0.0036539936,0.226355985,-0.15747045,0.201874554,-0.356753349,-0.103544109,0.797662258,0.479574621,-2.72023972e-05,-0.690397799,5.10663995e-07,1.08486165e-06,5.63563844e-08,-0.493350208,0.616451204,0.144127488,-2.47176552,2.54111028,1.60248411,-1.94317973,1.08335829,9.91069464e-05,0.0335918404,1.33299983,1.33299983,1.33299983
63.3333333,-0.494365513,0.631184816,0.134879947,-2.45944953,2.52148438,1.59296536,-1.89024937,1.05935836,3.36682388e-05,0.0601217858,1.33300006,1.3330003,1.33300042,0.0246828347,0.143503651,-0.154995009,0.145922706,-0.354600132,0.00403302303,0.514851868,0.388097525,-1.54285699e-05,-0.364510685,5.0932158e-08,1.50143848e-07,1.22280142e-07,-0.491872042,0.627662778,0.135405809,-2.46112967,2.51850843,1.59862399,-1.90032339,1.10075641,9.99999975e-05,0.0299999975,1.33299983,1.33299983,1.33299983
63.4,-0.492608219,0.638082504,0.124564439,-2.45116758,2.49699926,1.59523809,-1.86128473,1.07952785,-9.81760628e-09,0.0435563177,1.33300006,1.33300078,1.33300042,0.0214675479,0.0653687418,-0.157501295,0.112040035,-0.385374337,0.0535443425,0.337768942,1.90871688e-05,0.000449390296,-0.17163302,4.07717889e-05,-0.00408285111,1.62720676e-06,-0.490954995,0.634618282,0.126245707,-2.45239997,2.49369621,1.59831977,-1.86691475,1.11155009,9.99999975e-05,0.0299999993,1.33299983,1.33299983,1.33299983
63.4666667,-0.49180001,0.640564203,0.114320919,-2.4440639,2.46951365,1.59964788,-1.83800912,1.07937717,1.94953159e-07,0.0359300636,1.33299983,1.33300006,1.3330003,0.004215213,0.0158336293,-0.148407772,0.10104344,-0.430121392,0.0753656179,0.345012546,-8.31692887e-07,2.21249102e-05,-0.0728624165,8.04531055e-08,1.65746769e-07,-5.38072982e-08,-0.49046123,0.63836354,0.116572678,-2.4449892,2.4667058,1.60078979,-1.84030533,1.11736202,0.000100000005,0.0300000012,1.33299983,1.33299983,1.33299983
63.5333333,-0.491685539,0.640751243,0.10463316,-2.43760443,2.44049215,1.60467863,-1.81672347,1.07944,-6.30716841e-07,0.0290060956,1.33300126,1.33300138,1.33300173,-0.000464333396,-0.00775042316,-0.13993077,0.0882534608,-0.407821685,0.0685123801,0.283653259,2.01389194e-05,-0.001082798,-0.249572784,-5.04506643e-05,-5.40406945e-05,-1.19628967e-05,-0.490313709,0.63948226,0.106380694,-2.43837047,2.43785095,1.60544729,-1.81914306,1.11909807,9.99999975e-05,0.0299999975,1.33299983,1.33299983,1.33299983
63.6,-0.491548449,0.639656007,0.0948726833,-2.43184233,2.41023493,1.61020029,-1.7993027,1.07944024,4.49487914e-07,0.0266904999,1.33299994,1.33299983,1.33300006,0.00668433262,-0.0246584509,-0.152937368,0.0927338377,-0.473014712,0.101098463,0.237139061,5.43068199e-06,1.98053822e-05,-2.79396772e-09,3.21544503e-05,3.48797912e-05,3.23697313e-05,-0.490435541,0.638558149,0.0956637561,-2.4320178,2.40744519,1.6117053,-1.80207694,1.11766398,0.000100000005,0.0300000012,1.33299983,1.33299983,1.33299983
63.6666667,-0.491058081,0.637462139,0.0845326036,-2.42564607,2.37751746,1.61787069,-1.78525579,1.07937694,7.11630008e-08,0.0267119277,1.33299911,1.33298254,1.33299983,0.00813725777,-0.0413997211,-0.157606483,0.0908313394,-0.502852738,0.124320716,0.18267633,-0.0273218453,-6.29836723e-05,-1.76078174e-07,7.24325073e-05,8.07880424e-05,0.000102717531,-0.490749747,0.636174738,0.084415786,-2.42540431,2.37580204,1.61897695,-1.78775477,1.11396539,9.99999902e-05,0.0299999975,1.33299983,1.33299983,1.33299983
63.7333333,-0.490540296,0.634310722,0.073857002,-2.41950369,2.34386468,1.62630105,-1.7732563,1.07936335,-9.90384734e-08,0.0268098209,1.33297586,1.33295536,1.33298182,0.00642122002,-0.0514234081,-0.16340661,0.0966675282,-0.501648843,0.126793414,0.176554382,3.40684201e-05,-0.00171407661,0.0509665124,-0.000157645438,-0.00034992327,2.19326466e-07,-0.491179436,0.632915854,0.0726308078,-2.41800356,2.34323525,1.62667561,-1.77482533,1.1089083,0.000100000005,0.0300000012,1.33299983,1.33299983,1.33299983
63.8,-0.490269214,0.630862534,0.062553145,-2.41224146,2.31007147,1.63449502,-1.76107168,1.0792774,4.14209822e-08,0.0274716467,1.33295918,1.3329252,1.33295214,0.00154254737,-0.0508753844,-0.176533088,0.123403959,-0.50920552,0.118179068,0.191939488,4.16794501e-06,0.000241203787,-4.43496901e-08,-0.00715341698,-6.18868507e-05,2.01225921e-05,-0.491647601,0.629365146,0.0603027679,-2.40928936,2.31005812,1.63421392,-1.76193678,1.10339832,9.99999975e-05,0.0299999993,1.33299983,1.33299983,1.33299983
63.8666667,-0.490329444,0.627702296,0.050236363,-2.40272856,2.27613401,1.64174747,-1.74731815,1.07917833,-4.08632026e-08,0.0279442947,1.33293808,1.3328954,1.33292246,-0.00298815756,-0.043535661,-0.193728894,0.163189694,-0.509639442,0.0999138504,0.223547459,-7.33712568e-06,-2.90217176e-05,-6.88160071e-08,6.65019616e-06,1.78087212e-05,-1.75354944e-05,-0.492077261,0.626106262,0.0474256352,-2.39873457,2.27658391,1.64100528,-1.74773741,1.09834099,9.99999975e-05,0.0299999993,1.33299983,1.33299983,1.33299983
63.9333333,-0.490631729,0.625212431,0.0367422625,-2.39026475,2.24227524,1.64755213,-1.73092103,1.07917845,-5.34093907e-08,0.028418541,1.33293593,1.33287275,1.33289301,-0.00556304306,-0.0307396874,-0.211296439,0.211197719,-0.506464839,0.0747953579,0.270716965,-7.74535874e-06,-2.50235607e-05,-3.94356903e-08,-1.00138386e-05,-6.08366099e-06,-2.7486094e-05,-0.492391497,0.623722911,0.0339933895,-2.38581371,2.24312711,1.64646304,-1.73087573,1.09464252,0.000100000005,0.0299999993,1.33299983,1.33299983,1.33299983
64,-0.49099645,0.623824775,0.0221416485,-2.37436104,2.208673,1.65140653,-1.71072042,1.07917833,-8.04855844e-08,0.028634917,1.33293355,1.33286619,1.33288157,-0.00496900221,-0.0101438602,-0.226052523,0.265874594,-0.498818219,0.0414213464,0.337463468,-6.97885389e-06,-3.03896995e-05,7.50296749e-08,-2.52601094e-05,-2.9320976e-05,-3.28285532e-05,-0.492513329,0.622798741,0.0199999996,-2.36999989,2.21000004,1.64999998,-1.70999992,1.09320843,9.99999975e-05,0.0299999993,1.33299983,1.33299983,1.33299983
64.0666667,-0.49129644,0.623960972,0.00670580892,-2.35438895,2.17500854,1.65407181,-1.68560386,1.07916403,7.25838163e-07,0.0286695044,1.33293355,1.33286667,1.33288157,-0.0016197802,0.0115370285,-0.239670679,0.333215207,-0.519286513,0.0506838076,0.412810415,-4.90491675e-06,0.000176079193,1.40280463e-08,-3.48587928e-05,-4.70788218e-05,-3.18389029e-05,-0.492513359,0.622798741,0.00446537742,-2.34995437,2.17597246,1.65379548,-1.68491304,1.09320843,0.000100000005,0.0299999993,1.33299983,1.33299983,1.33299983
64.1333333,-0.491055101,0.62506634,-0.00993821025,-2.33008599,2.13926029,1.65868533,-1.65644336,1.07914972,5.14790202e-07,0.0286995042,1.33293879,1.33289361,1.33288229,0.00861851033,0.0176003985,-0.260391146,0.391327322,-0.551930666,0.0902108774,0.454880118,-1.94333552e-06,0.000128784872,-1.98488124e-08,-3.04996211e-05,-4.29403444e-05,-2.24545947e-05,-0.492513329,0.622798741,-0.0131715517,-2.32545638,2.1400013,1.659729,-1.65692353,1.09320843,9.99999975e-05,0.0299999993,1.33299983,1.33299983,1.33299983
64.2,-0.490342677,0.62609005,-0.0279280003,-2.30251455,2.10173845,1.66555965,-1.62553728,1.07914972,5.2552604e-08,0.0287182629,1.3329457,1.33291936,1.33288229,0.0114117237,0.010445741,-0.279832244,0.432143182,-0.571875989,0.114164636,0.468974411,1.13801389e-06,2.85059214e-05,9.97533789e-08,-2.02543597e-05,-3.0004303e-05,-9.37392178e-06,-0.492513359,0.622798741,-0.0322882943,-2.2976563,2.10268211,1.6667639,-1.6269387,1.09320843,9.99999975e-05,0.0299999993,1.33299983,1.33299983,1.33299983
64.2666667,-0.489759028,0.626484931,-0.0471404344,-2.27258444,2.06337714,1.67307663,-1.59413397,1.07914269,-7.92580295e-08,0.0287246276,1.3329457,1.33292735,1.3328824,0.00538377371,-0.000177061578,-0.297153175,0.462774932,-0.576732159,0.110110551,0.47125113,3.01783257e-06,-2.80211516e-05,1.84727469e-08,-1.27162639e-05,2.27162891e-05,1.21325138e-06,-0.492513329,0.622798741,-0.0522623584,-2.26770449,2.06461191,1.67386365,-1.59586549,1.09320843,0.000100000005,0.0300000012,1.33299983,1.33299983,1.33299983
64.3333333,-0.489752084,0.62620908,-0.0674099773,-2.24090552,2.02508426,1.67957032,-1.56289208,1.07914269,-9.78461472e-08,0.0287208427,1.3329457,1.33292735,1.33290946,-0.00486248638,-0.00974474754,-0.311304271,0.483636171,-0.57097429,0.0853597522,0.463730395,5.08440644e-06,-4.02717378e-05,-1.00779289e-07,-5.99501072e-06,5.19619789e-05,9.46811633e-06,-0.492513299,0.622798681,-0.0724712461,-2.2367506,2.02638578,1.67999125,-1.5646106,1.09320831,9.99999902e-05,0.0299999975,1.33299983,1.33299983,1.33299983
64.4,-0.490448833,0.625333488,-0.0884136111,-2.20834494,1.98750615,1.68396461,-1.53260195,1.07914269,-9.08712394e-08,0.0287108887,1.33294678,1.33292961,1.332932,-0.0151308272,-0.0184965227,-0.318630129,0.487596244,-0.555505037,0.0479439646,0.442516148,5.47398713e-06,-3.94592607e-05,-4.57948772e-08,9.16690624e-07,6.25536268e-05,9.95399896e-05,-0.492513359,0.6227988,-0.0922924727,-2.20594525,1.98860061,1.68411088,-1.53408158,1.09320843,0.000100000005,0.0300000012,1.33299983,1.33299983,1.33299983
64.4666667,-0.491778374,0.623902023,-0.109565869,-2.17625237,1.95127261,1.68549895,-1.50420761,1.07914269,-5.71232555e-08,0.0286990684,1.33294702,1.33293045,1.33293283,-0.0236131176,-0.026229417,-0.315356225,0.46909371,-0.531943858,-0.000944871688,0.407521397,-0.000158521318,0.000251326943,-0.00658385968,-0.000309423049,-0.000153324101,-0.000123926118,-0.492513299,0.622798681,-0.11110352,-2.17643857,1.95185173,1.68518519,-1.50518513,1.09320843,9.99999975e-05,0.0299999975,1.33299983,1.33299983,1.33299983
64.5333333,-0.493581116,0.622035086,-0.130071908,-2.14617991,1.91674101,1.68332791,-1.47854376,1.07914269,2.93696672e-07,0.0287001394,1.33294725,1.33294964,1.33293343,-0.0291489717,-0.0310844537,-0.298691243,0.427147001,-0.504221678,-0.0637795404,0.360795736,1.84143209e-06,7.04605482e-05,-2.21885603e-06,7.94309017e-07,-2.56946078e-06,-7.37557048e-06,-0.492513359,0.622798741,-0.128281951,-2.14938116,1.91673589,1.6821779,-1.47882831,1.09320843,0.000100000005,0.0300000012,1.33299983,1.33299983,1.33299983
64.6,-0.495647192,0.619971275,-0.148949116,-2.11968136,1.88443065,1.67646253,-1.45641971,1.07914269,6.37433061e-07,0.0287003908,1.33294749,1.3329711,1.33293974,-0.0316911936,-0.0316406451,-0.266300708,0.362670302,-0.466055453,-0.142621249,0.302220821,3.42445833e-06,0.000145727245,-4.09040076e-05,-9.64469109e-06,-1.14582945e-05,5.6027784e-06,-0.492513329,0.622798741,-0.143205196,-2.12592268,1.88384831,1.67405236,-1.45591831,1.09320843,9.99999975e-05,0.0299999993,1.33299983,1.33299983,1.33299983
64.6666667,-0.497781068,0.617999852,-0.165156797,-2.09819627,1.85495746,1.66376603,-1.4385941,1.07914269,7.6696233e-07,0.0286971591,1.33294749,1.3329711,1.33293974,-0.031399291,-0.0280427933,-0.218419373,0.277558714,-0.418693423,-0.239075139,0.231735364,2.47901971e-06,0.000162718323,-6.28031703e-05,-1.82973804e-06,-2.52631435e-06,9.09017399e-06,-0.492513329,0.622798741,-0.155250832,-2.10721374,1.85378575,1.65977216,-1.43736207,1.09320843,9.99999975e-05,0.0299999975,1.33299983,1.33299983,1.33299983
64.7333333,-0.499619395,0.616458893,-0.17802982,-2.08297062,1.8286922,1.64346325,-1.42592525,1.07913566,3.98146142e-07,0.0286845118,1.33294749,1.3329711,1.33293974,-0.018342603,-0.013735977,-0.176788628,0.179591507,-0.377900243,-0.394530445,0.145558998,-2.37375498e-05,7.86989622e-05,-0.00017509007,-1.58371186e-05,-1.35734481e-05,-4.5816385e-05,-0.492484927,0.623129547,-0.164145961,-2.09410048,1.82679784,1.63695538,-1.42431915,1.09321487,9.98440446e-05,0.0298358295,1.33299983,1.33299983,1.33299983
64.8,-0.500522852,0.617054641,-0.188635111,-2.07357287,1.80379128,1.60849452,-1.41983235,1.07905126,5.26586291e-07,0.0286714006,1.33294666,1.33296978,1.33293939,-0.0115492241,0.0345940776,-0.136848271,0.106276296,-0.369323313,-0.653259814,0.0401401371,1.52430857e-07,0.000144381585,-1.39465556e-07,1.84618693e-05,2.66401039e-05,9.10746166e-06,-0.492283165,0.625478089,-0.171541557,-2.08527946,1.80124676,1.59852254,-1.41827166,1.09326029,9.87368039e-05,0.0286702402,1.33299983,1.33299983,1.33299983
64.8666667,-0.501048982,0.621150851,-0.195971072,-2.0684669,1.7798636,1.55746686,-1.42016447,1.07905126,9.08036895e-07,0.0286570322,1.33293116,1.33294177,1.33291447,-0.00213394524,0.0849156454,-0.0826032013,0.0464456528,-0.348084629,-0.860952854,-0.0411489345,-2.00641057e-06,0.000241224276,-1.19471224e-08,3.0723575e-05,4.59325965e-05,8.79180152e-06,-0.491945058,0.62941438,-0.177613333,-2.07997918,1.77697861,1.54727161,-1.41797233,1.09333646,9.68810127e-05,0.0267166477,1.33299983,1.33299983,1.33299983
64.9333333,-0.500554442,0.627868235,-0.199540868,-2.06737542,1.75733113,1.49587667,-1.42471135,1.07892513,3.08281614e-07,0.0269139633,1.33290946,1.33291388,1.33288634,0.018124599,0.111379862,-0.0254343674,-0.0144581394,-0.329941332,-0.972048044,-0.0854396373,-0.000602627813,0.0029769286,-0.0505247265,-0.00341213332,-0.00356329465,-0.00319584575,-0.491538674,0.634144485,-0.182206824,-2.07766461,1.75416827,1.48757088,-1.42181671,1.09342802,9.46509244e-05,0.0243690461,1.33299983,1.33299983,1.33299983
65,-0.49866581,0.635490298,-0.199270979,-2.07021427,1.73599136,1.42974687,-1.43117154,1.07892382,1.17939612e-06,0.0251316428,1.33288383,1.33288515,1.33285224,0.0383478478,0.113279186,0.0307446495,-0.0687573999,-0.314614922,-1.00341916,-0.101837426,-0.00053817709,0.00309385685,-0.0512732901,-0.00351721421,-0.00367447129,-0.00330445403,-0.491132408,0.638874769,-0.185167715,-2.0777986,1.73299074,1.42378855,-1.4282012,1.09351957,9.24208434e-05,0.022021452,1.33299983,1.33299983,1.33299983
65.0666667,-0.495677471,0.642595947,-0.195402026,-2.07607675,1.71572804,1.36370385,-1.43791759,1.0789243,6.65038499e-07,0.0230320469,1.33286548,1.33285522,1.33281529,0.050411988,0.0964128375,0.0813727602,-0.104498908,-0.294320017,-0.97138232,-0.0952302068,-0.000600996311,0.00276925787,-0.0500456542,-0.00332471984,-0.00345927174,-0.00311445468,-0.490794241,0.642811,-0.186341494,-2.07984567,1.71362054,1.36029279,-1.43552089,1.09359562,9.05650304e-05,0.020067852,1.33299983,1.33299983,1.33299983
65.1333333,-0.492252111,0.647992671,-0.188482895,-2.08362746,1.6970402,1.30186069,-1.44352472,1.07892513,6.78604181e-07,0.0213922523,1.33284962,1.3328315,1.33278668,0.0516880788,0.061896883,0.121388584,-0.120309152,-0.264700562,-0.87654376,-0.0681363568,4.54381225e-05,-0.00045201974,-1.94559107e-08,-9.09001101e-05,-0.000272971112,5.09193633e-05,-0.49059251,0.645159602,-0.185573846,-2.08326888,1.69623268,1.3014518,-1.44217181,1.09364116,8.94578043e-05,0.0189022645,1.33299983,1.33299983,1.33299983
65.2,-0.489080667,0.650493026,-0.179349542,-2.09162712,1.68034029,1.24854851,-1.44672799,1.07892513,-6.7745269e-08,0.021391226,1.3328495,1.33282924,1.33277357,0.0431140549,0.00988984946,0.147987455,-0.118685238,-0.233637586,-0.714452147,-0.0237914026,9.01253316e-07,1.67079124e-05,-8.70568329e-08,1.01445403e-06,-2.42759779e-06,-2.50230369e-06,-0.4905954,0.645126522,-0.18271026,-2.08753252,1.68100202,1.25163376,-1.4465493,1.09364045,8.94733894e-05,0.01891868,1.33299983,1.33299983,1.33299983
65.2666667,-0.486759901,0.649001539,-0.168847814,-2.09904957,1.66583276,1.20834994,-1.44628036,1.07906449,1.40881975e-05,0.021397708,1.33285558,1.33283436,1.33277547,0.0274692141,-0.0557496957,0.161559686,-0.0986886695,-0.22258766,-0.4909302,0.0356395878,2.95129348e-06,-0.000458488532,-3.25962901e-09,-1.33177091e-05,-2.37461209e-05,-3.41552368e-06,-0.490870982,0.641917944,-0.177596375,-2.09209967,1.66810286,1.21520698,-1.44704938,1.09357846,9.09860973e-05,0.0205111057,1.33299983,1.33299983,1.33299983
65.3333333,-0.485673159,0.642613709,-0.15742138,-2.10516548,1.6541642,1.18602872,-1.44074106,1.07906461,-7.57232158e-07,0.0217055921,1.33288658,1.3328644,1.33280694,0.00516822515,-0.13596417,0.177367061,-0.0824189037,-0.1383297,-0.174726844,0.129827708,4.33760579e-05,-0.000333269127,0.0516771078,-0.000189047772,-0.00040188618,4.45870683e-07,-0.491487592,0.634739995,-0.170077756,-2.09643412,1.65771079,1.19653964,-1.44206774,1.09343946,9.4370218e-05,0.0240735449,1.33299983,1.33299983,1.33299983
65.4,-0.486141354,0.630822003,-0.145259663,-2.10959506,1.64609575,1.18638849,-1.42869294,1.07906568,1.09819439e-05,0.0248018876,1.3329128,1.33299565,1.33299899,-0.0164713189,-0.218008846,0.185132906,-0.0472604781,-0.119297743,0.191387802,0.2351062,-7.18335787e-06,-0.00119973975,0.0601767004,0.000108761771,6.38074707e-05,-0.000854260055,-0.492513329,0.622798741,-0.159999996,-2.0999999,1.64999998,1.19999993,-1.42999995,1.09320843,9.99999975e-05,0.0299999993,1.33299983,1.33299983,1.33299983
65.4666667,-0.487945616,0.613279045,-0.132398874,-2.1123569,1.64082646,1.21162403,-1.40928364,1.07906568,-5.2374287e-07,0.0301892441,1.3330003,1.33300018,1.3330003,-0.0391325206,-0.307800621,0.199871793,-0.0408467315,-0.045209296,0.543567896,0.336250842,3.87258297e-07,1.23087211e-05,0.0951548666,-2.04032149e-05,2.33652918e-06,-1.29250111e-05,-0.494012028,0.605352104,-0.146355063,-2.1035912,1.64487183,1.22484565,-1.41068995,1.09287083,0.000108225351,0.038658794,1.33299983,1.33299983,1.33299983
65.5333333,-0.491542995,0.589989185,-0.118422851,-2.1152339,1.63884485,1.25631297,-1.38451958,1.07906568,-3.48940915e-07,0.0378419422,1.33300018,1.33300018,1.33300042,-0.0666344613,-0.389044046,0.218774945,-0.0479186252,-0.015708724,0.778819859,0.403613716,1.79207746e-07,1.44164514e-05,0.129793108,-1.68073821e-05,1.87365549e-06,-1.10887504e-05,-0.495948434,0.582809627,-0.128724664,-2.10823131,1.64192986,1.26567376,-1.38573968,1.09243464,0.000118853204,0.0498466939,1.33299983,1.33299983,1.33299983
65.6,-0.496677309,0.561801016,-0.102836505,-2.11871672,1.63858747,1.31408465,-1.35554576,1.07906568,-9.27573964e-08,0.0477905944,1.33299875,1.33299994,1.33299935,-0.0830183849,-0.454045087,0.248152584,-0.0580598786,0.0101480344,0.944400489,0.463098645,-3.9464685e-05,-0.000489323109,0.162188396,0.00712301489,0.000656421762,0.00547135994,-0.498242408,0.556104779,-0.107838959,-2.11372805,1.64090264,1.31986165,-1.35618234,1.09191787,0.000131443405,0.0631003454,1.33299983,1.33299983,1.33299983
65.6666667,-0.502314091,0.529978335,-0.0849292278,-2.12276387,1.63992679,1.38158381,-1.3229779,1.07895279,-7.78297817e-08,0.0597650073,1.33300018,1.33299994,1.33300042,-0.0817051679,-0.498364925,0.287977397,-0.065509297,0.033984229,1.07402956,0.51164031,4.2884858e-07,1.79468152e-05,0.189822003,1.0891381e-07,1.17458058e-07,4.83032636e-09,-0.500813663,0.526171267,-0.0844280794,-2.11988926,1.64151812,1.38478637,-1.32305169,1.09133863,0.000145555794,0.0779564083,1.33299983,1.33299983,1.33299983
65.7333333,-0.507381916,0.495897621,-0.0641150177,-2.12725019,1.64272594,1.45669508,-1.28767288,1.07895279,3.13795532e-08,0.0734129101,1.33300018,1.33299994,1.3330003,-0.0672008172,-0.522653997,0.334158152,-0.0720664486,0.0523012541,1.17140651,0.543811321,6.25987013e-07,2.09165701e-05,0.211669654,1.43082843e-07,8.78515038e-08,-4.00268618e-08,-0.50358212,0.493942678,-0.0592222288,-2.12652302,1.64350522,1.4578253,-1.28738046,1.09071493,0.000160750234,0.0939515233,1.33299983,1.33299983,1.33299983
65.8,-0.511242867,0.460780531,-0.0402315557,-2.13219619,1.64643931,1.5369705,-1.25069046,1.07895279,2.47637729e-07,0.0883427337,1.33300006,1.33299994,1.33300018,-0.0469966568,-0.530550003,0.378953099,-0.0800722837,0.0622584969,1.2283082,0.561567783,5.63766889e-07,6.19767961e-05,0.227874801,-2.44468083e-07,-6.78812057e-07,3.07118171e-08,-0.506467581,0.46035257,-0.0329515673,-2.13343716,1.64659214,1.53635573,-1.25020266,1.090065,0.00017658656,0.110622361,1.33299983,1.33299983,1.33299983
65.8666667,-0.513731837,0.425600201,-0.0136740496,-2.13772082,1.65063369,1.61957216,-1.21300173,1.07895279,3.06984532e-07,0.104155101,1.33299994,1.33299983,1.33300006,-0.0272413082,-0.525202751,0.413441807,-0.089304477,0.0672992095,1.24196029,0.564296067,1.5089131e-07,8.88618379e-05,0.238055632,-4.57224814e-07,-8.92129492e-07,-2.62302819e-08,-0.509389758,0.42633459,-0.00634622946,-2.14043927,1.65050709,1.61775494,-1.21255112,1.08940673,0.000192624604,0.127505556,1.33299983,1.33299983,1.33299983
65.9333333,-0.515017569,0.391185284,0.0145884436,-2.14379549,1.65506494,1.70170069,-1.17565751,1.07895279,2.62925056e-07,0.120431677,1.33299983,1.33299983,1.33299994,-0.0118279522,-0.507827044,0.429663122,-0.096026428,0.0693402886,1.21545649,0.550641477,-4.05835408e-07,6.86536659e-05,0.241977736,4.6235582e-06,8.5302745e-06,-7.22211553e-08,-0.512268484,0.392822266,0.0198635943,-2.14733744,1.65497863,1.69940019,-1.17545938,1.08875823,0.000208424259,0.144137785,1.33299983,1.33299983,1.33299983
66,-0.515468657,0.358320147,0.0431471728,-2.15013242,1.65955079,1.78082514,-1.13981831,1.07883966,1.30170037e-07,0.136738375,1.33299983,1.33299923,1.33299983,-0.00287981681,-0.478706539,0.422514677,-0.0966008529,0.0686728135,1.15299237,0.52012074,-1.26228042e-06,1.6288097e-05,0.239497811,1.21495395e-05,2.36056731e-05,-9.74105205e-08,-0.515023589,0.360749245,0.0449477471,-2.15393901,1.65973532,1.77866888,-1.13996053,1.08813763,0.000223545343,0.160055682,1.33299983,1.33299983,1.33299983
66.0666667,-0.515545487,0.327780962,0.070371367,-2.15627599,1.66392398,1.85463035,-1.10660505,1.07883966,1.32060094e-07,0.152622372,1.33299768,1.33299828,1.33299029,-0.00096449937,-0.437770873,0.390344977,-0.0898112431,0.065587379,1.05638468,0.471216857,-1.35552955e-06,2.46051786e-06,0.229898527,1.54333538e-05,3.0662748e-05,-9.9389581e-08,-0.517574787,0.331049144,0.0681760684,-2.1600523,1.66450524,1.85293794,-1.10708809,1.0875628,0.000237547676,0.174795896,1.33299983,1.33299983,1.33299983
66.1333333,-0.515687704,0.300367624,0.094624795,-2.16173363,1.66799188,1.92083061,-1.0772512,1.0785234,1.02704416e-06,0.167600065,1.33298063,1.3329978,1.33296859,-0.00489713531,-0.384452045,0.334614247,-0.075499028,0.0585754253,0.924941957,0.40877676,1.78941195e-06,0.000157630857,0.213548526,0.00760316709,-4.50936786e-05,-6.76310447e-05,-0.519842088,0.304655552,0.0888184011,-2.16548514,1.66901696,1.91958475,-1.07787538,1.08705211,0.000249991164,0.187895104,1.33299983,1.33299983,1.33299983
66.2,-0.51620096,0.276937366,0.114481084,-2.16608477,1.67156327,1.97706211,-1.0526036,1.07839835,1.32302357e-05,0.181179285,1.33298099,1.33299994,1.33295727,-0.0118739987,-0.317579687,0.259895086,-0.0561631918,0.0519569442,0.758427382,0.327247679,-1.59871479e-06,0.000154410445,0.18889223,-2.20794027e-05,-1.14335489e-05,5.07134246e-08,-0.521745086,0.282502025,0.106144577,-2.17004514,1.67299902,1.97598684,-1.05335569,1.08662355,0.000260435656,0.198889956,1.33299983,1.33299983,1.33299983
66.2666667,-0.517185509,0.258446127,0.128820553,-2.16899729,1.67463696,2.02096844,-1.03384161,1.07839835,2.5742771e-05,0.192827851,1.33297372,1.33299875,1.33295727,-0.0189636089,-0.235689148,0.170605361,-0.0319693759,0.0409452803,0.554035783,0.233246312,-1.78973642e-06,1.54047448e-05,0.156630486,-0.000102044869,-7.46338774e-05,-3.97267286e-08,-0.523203671,0.265522182,0.119424425,-2.17354035,1.67617941,2.019521,-1.03456223,1.08629489,0.000268440926,0.207317069,1.33299983,1.33299983,1.33299983
66.3333333,-0.518538415,0.245919779,0.136866823,-2.17023492,1.67687356,2.04993153,-1.02182686,1.07839835,3.95283496e-05,0.202026844,1.33294559,1.3329767,1.33295333,-0.0227279272,-0.138246879,0.0724239424,-0.00559020089,0.026013514,0.310534358,0.125433162,1.8236502e-05,0.000395583513,0.116539195,-0.000363779312,-0.00486342935,-0.000398646138,-0.524137616,0.254649669,0.12792778,-2.17577839,1.67828691,2.04756522,-1.02252829,1.08608449,0.000273566839,0.212713122,1.33299983,1.33299983,1.33299983
66.4,-0.519951403,0.240411907,0.138184279,-2.1697042,1.67790139,2.06123924,-1.01748419,1.07839835,6.80594676e-05,0.208259448,1.33292007,1.33297372,1.33294213,-0.0207350776,-0.0249452367,-0.0299868789,0.021196546,0.00497700227,0.0251916144,0.00265098223,-2.50488392e-06,0.000289219141,0.0763807446,1.34594738e-05,2.85935239e-05,-2.86643626e-07,-0.524466753,0.250818014,0.130924493,-2.17656684,1.67904973,2.05749583,-1.01828742,1.08601034,0.000275373313,0.214614779,1.33299983,1.33299983,1.33299983
66.4666667,-0.519184113,0.241618305,0.131469712,-2.17249632,1.65244448,2.05501461,-1.02127182,1.0824008,0.00553845568,0.154143125,1.32215416,1.32263124,1.32285202,0.0217847805,0.0462473519,-0.111197196,-0.0694546402,-0.3141855,-0.0761403888,-0.134134457,3.71225178e-06,0.00109189749,-0.615013421,-0.000326697394,-0.000670234847,5.92961442e-07,-0.524466753,0.250818014,0.130924493,-2.17656684,1.67904973,2.05749583,-1.01828742,1.24616504,0.0585822575,0.0897067562,1.33299983,1.33299983,1.33299983
66.5333333,-0.516786695,0.246558994,0.122530118,-2.17902422,1.62856662,2.05093455,-1.0376265,1.08243132,0.00563614815,0.111934341,1.32209134,1.32256961,1.32278848,0.0428590328,0.0984267518,-0.139003173,-0.104953118,-0.313007891,-0.0499763116,-0.285823792,-3.50439404e-06,-0.000156160444,-0.458861232,5.11935796e-05,0.000105101732,-8.37608241e-08,-0.524466753,0.250818014,0.130924493,-2.17656684,1.67904973,2.05749583,-1.01828742,1.24616504,0.0551155843,0.0634668171,1.33299983,1.33299983,1.33299983
66.6,-0.513290703,0.254681528,0.11227531,-2.18588996,1.60155499,2.04997253,-1.0531317,1.08243024,0.0061961147,0.0586881042,1.3215698,1.32204735,1.32225728,0.0531040244,0.140769541,-0.146230653,-0.0934197605,-0.367957681,0.0211054627,-0.243325263,4.68191138e-06,-0.000105321204,-0.641887605,3.47689493e-05,7.01658428e-05,-6.3853804e-08,-0.524466753,0.250818014,0.130924493,-2.17656684,1.67904973,2.05749583,-1.01828742,1.24616504,0.0667937621,0,1.33299983,1.33299983,1.33299983
66.6666667,-0.510291576,0.265303254,0.104499266,-2.19263291,1.58342147,2.04887319,-1.07817221,1.08243942,0.00569432229,0.0278578401,1.32153845,1.32201684,1.32222581,0.0348508433,0.177050605,-0.0831403136,-0.0915170088,-0.210732087,-0.000999638345,-0.409773618,1.60118543e-06,-7.98421097e-05,-0.307867676,2.61891983e-05,5.28063392e-05,-1.39989424e-07,-0.524466753,0.250818014,0.130924493,-2.17656684,1.67904973,2.05749583,-1.01828742,1.24616504,0.0534654893,0,1.33299983,1.33299983,1.33299983
66.7333333,-0.507950127,0.278720468,0.0995053053,-2.1980021,1.57313561,2.04794955,-1.11124992,1.08242917,0.00536535447,0.0133212386,1.32151091,1.32198954,1.32219553,0.0337925069,0.218760997,-0.0649564862,-0.0571542457,-0.117296197,-0.0171415992,-0.501755238,1.82639269e-06,0.000868529489,-0.144175991,7.49126775e-06,1.49490952e-05,-4.49508661e-08,-0.524466753,0.250818014,0.130924493,-2.17656684,1.67904973,2.05749583,-1.01828742,1.24616504,0.0492055416,0,1.33299983,1.33299983,1.33299983
66.8,-0.504798114,0.294861287,0.0933121294,-2.19998384,1.56446052,2.04666853,-1.14517879,1.08242846,0.00647869008,0.00349937403,1.32179928,1.32226014,1.32247663,0.0512799062,0.252586305,-0.0986805484,0.00110635592,-0.0445199944,-0.00572741218,-0.519514978,1.37854367e-05,-1.73470471e-06,-0.362821996,0.0932687446,0.0913349539,0.0906120241,-0.524466753,0.250818014,0.130924493,-2.17656684,1.67904973,2.05749583,-1.01828742,1.24616504,0.0735698938,0,1.33299983,1.33299983,1.33299983
66.8666667,-0.501775265,0.31275326,0.0878630728,-2.1981256,1.55566168,2.04501224,-1.17565453,1.08242881,0.00705333892,3.93682376e-06,1.3288759,1.32893765,1.32906675,0.0386286229,0.275112301,-0.0628232211,0.0655405819,-0.127415881,-0.0353597812,-0.416879356,1.54630379e-05,6.4126798e-06,6.68089342e-05,0.145649657,0.138430834,0.136441126,-0.524466753,0.250818014,0.130924493,-2.17656684,1.67904973,2.05749583,-1.01828742,1.24616504,0.0821770206,0,1.33299983,1.33299983,1.33299983
66.9333333,-0.500093699,0.331758052,0.0861328095,-2.19254208,1.55039918,2.04144359,-1.2088238,1.0824399,0.0066960929,6.09985636e-06,1.33300006,1.33300006,1.33300006,0.0165013205,0.287251592,-0.00228605815,0.108802184,-0.0579226278,-0.0600299276,-0.483506799,1.27428848e-05,1.64888916e-05,-3.26635927e-08,-9.08129277e-06,-1.3339969e-05,-4.86761337e-06,-0.524466753,0.250818014,0.130924493,-2.17656684,1.67904973,2.05749583,-1.01828742,1.24616504,0.0709039569,0,1.33299983,1.33299983,1.33299983
67,-0.499543875,0.351049155,0.08750958,-2.18553019,1.54948592,2.03594708,-1.24706566,1.08239257,0.00703878002,9.38032281e-06,1.33300042,1.33300018,1.3330003,0.00495754927,0.285977483,0.0297668017,0.113117337,-0.00291226665,-0.0955868214,-0.565355241,-3.43082502e-05,0.0188408121,4.52011591e-07,-0.000520407048,-0.000850969809,-0.000234227686,-0.524466753,0.250818014,0.130924493,-2.17656684,1.67904973,2.05749583,-1.01828742,1.24616504,0.0832703412,0,1.33299983,1.33299983,1.33299983
67.0666667,-0.498888791,0.369590372,0.0886247754,-2.17833281,1.54788899,2.02877665,-1.28521919,1.08039832,0.0151875876,1.43801535e-05,1.3330003,1.33300066,1.33300054,0.0148029216,0.266972899,0.00311061507,0.111889727,-0.00349374325,-0.122772552,-0.553927124,8.32831138e-05,0.000801155576,-1.61555363e-07,-0.00693673175,-0.0070308391,-0.00693172961,-0.524466753,0.250818014,0.130924493,-2.17656684,1.67904973,2.05749583,-1.01828742,1.21088886,0.0926966518,0,1.33299983,1.33299983,1.33299983
67.1333333,-0.496228337,0.386815637,0.0843274146,-2.17098498,1.54430211,2.0193274,-1.32232869,1.07074201,0.0259898789,2.26007105e-05,1.33300018,1.33300018,1.33300018,0.056742046,0.246937782,-0.111155793,0.115146995,-0.0535087176,-0.183213249,-0.533557951,-0.0422653109,0.00193744153,-0.00688805571,-0.000995633891,-0.00142376451,-0.00059869606,-0.524466753,0.250818014,0.130924493,-2.17656684,1.67904973,2.05749583,-1.01828742,1.08922148,0.108187795,0,1.33299983,1.33299983,1.33299983
67.2,-0.492750227,0.400180787,0.0772019774,-2.16775894,1.56158531,2.02120733,-1.35807538,1.07467449,0.0245857481,0.000808386249,1.33299994,1.33299804,1.33300042,0.0584496595,0.157911584,-0.133289143,-0.00367322913,0.289005846,0.0103028063,-0.53825438,8.055742e-06,0.000112080714,-5.41331246e-09,-0.000325896603,0.00541952252,-0.00629416946,-0.524466753,0.250818014,0.130924493,-2.17656684,1.67904973,2.05749583,-1.01828742,1.22402263,0.118609279,0,1.33299983,1.33299983,1.33299983
67.2666667,-0.489195913,0.406434029,0.0682385862,-2.17385173,1.58145821,2.01952291,-1.39572704,1.07143736,0.0260914527,0.000853825535,1.33300006,1.33300006,1.33300006,0.0461803228,0.0431107879,-0.12624377,-0.15235123,0.323684007,-0.0418869071,-0.570418417,-5.79171319e-06,1.15802977e-05,8.59727152e-08,-4.04349848e-05,-3.47784626e-05,-4.39616706e-05,-0.524466753,0.250818014,0.130924493,-2.17656684,1.67904973,2.05749583,-1.01828742,1.09989274,0.13522023,0,1.33299983,1.33299983,1.33299983
67.3333333,-0.487206042,0.40648967,0.0620635003,-2.18866086,1.60455596,2.01976585,-1.43839836,1.04038811,0.0368710496,0.000905439141,1.33299947,1.33300018,1.33300006,0.0185992289,-0.0321424417,-0.0696460009,-0.268123478,0.37541613,0.0137747237,-0.59069562,-0.334053069,0.143572465,1.37079041e-07,-5.32176637e-05,-5.3041651e-05,-5.24482894e-05,-0.524466753,0.250818014,0.130924493,-2.17656684,1.67904973,2.05749583,-1.01828742,0.999037087,0.148716629,0,1.33299983,1.33299983,1.33299983
67.4,-0.487914264,0.402970135,0.0622213036,-2.20932484,1.63396621,2.02483511,-1.48303294,1.02045643,0.0368863381,0.000958240242,1.33299923,1.33299899,1.33299983,-0.0296727736,-0.0689192042,0.0488611646,-0.329455197,0.478459507,0.0959225595,-0.679020643,-0.210989252,6.14133896e-05,2.17696652e-08,-5.13446648e-05,-5.38055101e-05,-4.90865932e-05,-0.524466753,0.250818014,0.130924493,-2.17656684,1.67904973,2.05749583,-1.01828742,0.980879486,0.10114862,0,1.33299983,1.33299983,1.33299983
67.4666667,-0.490393817,0.398585379,0.06677109,-2.23095131,1.66716886,2.03483033,-1.53176284,0.976305008,0.0373324491,0.00100248889,1.33299768,1.33299744,1.33299923,-0.0392434634,-0.0651577935,0.0736242235,-0.315576166,0.507515848,0.150351942,-0.688153803,-0.63099581,2.70082601e-05,6.05359674e-08,-3.53513824e-05,-2.91349916e-05,-3.61786115e-05,-0.524466753,0.250818014,0.130924493,-2.17656684,1.67904973,2.05749583,-1.01828742,0.902338862,0.0964921117,0,1.33299983,1.33299983,1.33299983
67.5333333,-0.494151741,0.394869298,0.0747767165,-2.25099373,1.70283771,2.04602718,-1.57550812,0.990000367,0.0372607149,0.00103311474,1.33299482,1.33299482,1.33299828,-0.0666911006,-0.0546998903,0.147992462,-0.286673456,0.560711741,0.163935244,-0.701392472,0.312264502,0.000697866897,1.47265382e-08,-2.46826821e-05,-1.92226726e-05,-2.73598635e-05,-0.524466753,0.250818014,0.130924493,-2.17656684,1.67904973,2.05749583,-1.01828742,1.04059505,0.0948058367,0,1.33299983,1.33299983,1.33299983
67.6,-0.498983383,0.391688913,0.0857716873,-2.26940989,1.73978305,2.05837798,-1.62364483,0.990924954,0.0372786932,0.00104590878,1.33299363,1.3329947,1.33299732,-0.0731876269,-0.0466337018,0.168437704,-0.267033845,0.567238927,0.177577496,-0.705451488,-3.68811743e-06,-1.95903121e-05,-5.67961251e-08,1.13646092e-06,1.09797111e-05,-8.35092214e-06,-0.524466753,0.250818014,0.130924493,-2.17656684,1.67904973,2.05749583,-1.01828742,0.98096323,0.105022967,0,1.33299983,1.33299983,1.33299983
67.6666667,-0.504507005,0.389180124,0.098984994,-2.2858696,1.77971435,2.07083845,-1.66795444,1.04182816,0.0352089591,0.00104274671,1.33298159,1.33298779,1.33297896,-0.087926507,-0.0381841734,0.214187935,-0.233168527,0.646185577,0.177676663,-0.775501728,0.605760515,-0.369022727,-2.9525836e-08,0.000419238437,0.000275055994,0.0041838279,-0.524466753,0.250818014,0.130924493,-2.17656684,1.67904973,2.05749583,-1.01828742,1.13606286,0.0981306285,0,1.33299983,1.33299983,1.33299983
67.7333333,-0.510314643,0.387987763,0.113797903,-2.29853439,1.82162714,2.08490753,-1.71752369,1.03960681,0.036649812,1.19099229e-06,1.33297956,1.33298028,1.33297157,-0.0818530321,-0.00805526692,0.215316236,-0.164552733,0.6146577,0.207501888,-0.673442662,-0.0489413477,0.0567974858,-0.00243649492,0.000524818024,-0.00246253028,-0.00258374098,-0.524466753,0.250818014,0.130924493,-2.17656684,1.67904973,2.05749583,-1.01828742,1.02842534,0.099467054,0,1.33299983,1.33299983,1.33299983
67.8,-0.51451081,0.388191849,0.125465989,-2.30857468,1.86074293,2.09814072,-1.76303184,1.02843034,0.0371806175,1.0924316e-07,1.33297706,1.33297348,1.33296323,-0.0477924198,0.00557346828,0.140948072,-0.144488677,0.572396517,0.165898129,-0.661210299,-0.137143776,-1.8577266e-06,4.05424544e-05,-2.02634692e-06,-6.34038006e-05,-0.000132692396,-0.524466753,0.250818014,0.130924493,-2.17656684,1.67904973,2.05749583,-1.01828742,0.991129398,0.119667172,0,1.33299983,1.33299983,1.33299983
67.8666667,-0.515734851,0.388206512,0.129970238,-2.31904316,1.89643061,2.10617185,-1.80514443,1.05060089,0.0335425697,3.67647795e-06,1.33297062,1.33296633,1.33295083,-0.000282759807,-0.00924099423,0.0206747744,-0.168013677,0.524631977,0.0675508007,-0.676876664,0.132329494,-0.0768946931,0.000105653045,0.00755371433,-8.85464324e-05,2.12491432e-06,-0.524466753,0.250818014,0.130924493,-2.17656684,1.67904973,2.05749583,-1.01828742,1.13317561,0.136079758,0,1.33299983,1.33299983,1.33299983
67.9333333,-0.514721751,0.383516818,0.127670869,-2.32997036,1.93305564,2.10349512,-1.84554279,1.05075622,0.0335788764,0.0556084141,1.33263123,1.33263505,1.33263075,0.0173729006,-0.0987375155,-0.0500747226,-0.156186923,0.465701818,-0.0222063158,-0.531166732,-1.97856934e-06,-3.116281e-05,0.743401825,9.16588033e-06,2.04101816e-05,2.38724169e-08,-0.524466753,0.250818014,0.130924493,-2.17656684,1.67904973,2.05749583,-1.01828742,1.09317172,0.149414986,0.131709561,1.33299983,1.33299983,1.33299983
68,-0.514990091,0.378028005,0.128665119,-2.33677077,1.96761501,2.10590315,-1.8800813,1.05382752,0.0327632241,0.121809781,1.33235395,1.33239102,1.33236146,-0.0287984014,-0.0608771294,0.0860002041,-0.0517365411,0.499467134,0.0943168849,-0.505740821,1.46403909e-05,-0.0821651593,0.994045794,-5.55620645e-05,-7.00028613e-05,1.82742951e-07,-0.524466753,0.250818014,0.130924493,-2.17656684,1.67904973,2.05749583,-1.01828742,1.12586951,0.160249859,0.270947784,1.33299983,1.33299983,1.33299983
68.0666667,-0.518996179,0.37465331,0.13987574,-2.33873343,2.00404143,2.11357379,-1.91499174,1.03938878,0.0378308333,0.188148081,1.33299851,1.33299923,1.3329978,-0.0805957094,-0.0481929183,0.217307642,-0.0288799498,0.534251988,0.138050288,-0.470743775,0.0381311253,0.000497045636,0.992188931,0.00551462453,-0.000625459943,-1.3211742e-05,-0.524466753,0.250818014,0.130924493,-2.17656684,1.67904973,2.05749583,-1.01828742,1.02014327,0.169053197,0.385365486,1.33299983,1.33299983,1.33299983
68.1333333,-0.526052475,0.371884078,0.158696219,-2.33972526,2.04172087,2.12467384,-1.9502809,1.0372448,0.0377639197,0.254585952,1.33284247,1.33289337,1.33287418,-0.119806238,-0.0469992012,0.311458558,-0.0240956452,0.545297623,0.174644396,-0.51835382,0.0290997792,0.000722102239,0.993549049,-0.000248144992,-0.000503937481,-3.11763724e-05,-0.524466753,0.250818014,0.130924493,-2.17656684,1.67904973,2.05749583,-1.01828742,1.01380599,0.162799612,0.478329837,1.33299983,1.33299983,1.33299983
68.2,-0.532725096,0.366209865,0.174752623,-2.34386969,2.07095599,2.13653851,-1.98004365,1.05583537,0.0323009863,0.296593279,1.32937872,1.32968473,1.32947266,-0.0775362104,-0.149894938,0.148129165,-0.138271302,0.351106346,0.127023906,-0.445466429,0.116151147,0.0829901993,0.702364862,-5.3550757e-05,-0.000111055619,1.19645847e-07,-0.524466753,0.250818014,0.130924493,-2.17656684,1.67904973,2.05749583,-1.01828742,1.13253832,0.171124861,0.3760176,1.33299983,1.33299983,1.33299983
68.2666667,-0.537986338,0.357161433,0.185489357,-2.35402584,2.10295916,2.14441395,-2.01682615,1.04544342,0.0351006836,0.356173575,1.33193314,1.33231258,1.33221626,-0.0801626071,-0.136595741,0.162289813,-0.156886935,0.482995898,0.101904936,-0.519704282,-0.144988388,0.00118099153,0.856822968,-0.000371142756,-0.000769469072,6.18863851e-07,-0.524466753,0.250818014,0.130924493,-2.17656684,1.67904973,2.05749583,-1.01828742,1.04438555,0.177889138,0.470734715,1.33299983,1.33299983,1.33299983
68.3333333,-0.542784989,0.348813117,0.195533454,-2.36379147,2.13750625,2.15105653,-2.05446029,1.02633834,0.0371417776,0.419234872,1.33158433,1.33192468,1.33188236,-0.0760966614,-0.130146295,0.154554605,-0.147305325,0.478481978,0.0846570507,-0.518571138,-0.205252901,-0.0774164125,0.883079588,-0.000378723256,-0.000786626246,6.78468496e-07,-0.524466753,0.250818014,0.130924493,-2.17656684,1.67904973,2.05749583,-1.01828742,0.988593221,0.171973586,0.547692358,1.33299983,1.33299983,1.33299983
68.4,-0.547430098,0.341297716,0.205600306,-2.372962,2.17285609,2.15728545,-2.09501266,0.990950227,0.0366829634,0.469891697,1.33099163,1.33130074,1.3312726,-0.067976281,-0.10958223,0.14746134,-0.146728411,0.549269319,0.0666843578,-0.614757657,-0.498593956,-0.0775839314,0.47678709,-0.000680017751,-0.00806698762,-0.00441881176,-0.524466753,0.250818014,0.130924493,-2.17656684,1.67904973,2.05749583,-1.01828742,0.916597128,0.178578719,0.610220432,1.33299983,1.33299983,1.33299983
68.4666667,-0.551224172,0.335712254,0.214707628,-2.38065076,2.20640111,2.16446829,-2.13614321,0.938964546,0.0386885703,0.501870751,1.32969415,1.33002388,1.33000159,-0.0491814949,-0.0799406394,0.119106047,-0.121760413,0.489937901,0.0636636615,-0.576549172,-0.637165964,0.00030467473,0.435205936,0.000438418821,-0.00723629631,-0.00687070377,-0.524466753,0.250818014,0.130924493,-2.17656684,1.67904973,2.05749583,-1.01828742,0.850109458,0.183945403,0.612714171,1.33299983,1.33299983,1.33299983
68.5333333,-0.555437803,0.32913506,0.223621815,-2.39009809,2.23602152,2.16829419,-2.17205906,0.920125186,0.036164932,0.519626141,1.32864583,1.32887125,1.32886124,-0.0860676542,-0.125278741,0.164001912,-0.177935779,0.454144865,0.0209168531,-0.55597055,-0.206664011,-0.0952071324,0.0852460787,0.000257599168,-0.000237923581,-0.00502618076,-0.524466753,0.250818014,0.130924493,-2.17656684,1.67904973,2.05749583,-1.01828742,0.905037403,0.188305825,0.663050652,1.33299983,1.33299983,1.33299983
68.6,-0.561710715,0.320700437,0.235606283,-2.40219712,2.26897669,2.17185903,-2.2116003,0.90774852,0.0337052979,0.524708033,1.32773864,1.32789338,1.3279289,-0.10201434,-0.142211661,0.183968306,-0.200130939,0.503230095,0.036590226,-0.59122777,-0.149366871,-0.0750404298,0.0932314694,-0.0078928154,-0.00536561199,-0.00746446056,-0.524466753,0.250818014,0.130924493,-2.17656684,1.67904973,2.05749583,-1.01828742,0.898925424,0.191848665,0.675514698,1.33299983,1.33299983,1.33299983
68.6666667,-0.569073439,0.311178744,0.248736471,-2.4162991,2.30210996,2.1754458,-2.25241852,0.89377141,0.0407478251,0.514542758,1.3288517,1.32890821,1.32893968,-0.12146394,-0.138012066,0.223579392,-0.219542116,0.574396491,0.0185112301,-0.653697789,-0.14644444,-0.000629395945,0.0974691957,0.0712012053,0.0675216317,0.0657569319,-0.524466753,0.250818014,0.130924493,-2.17656684,1.67904973,2.05749583,-1.01828742,0.872981727,0.194727227,0.616808295,1.33299983,1.33299983,1.33299983
68.7333333,-0.576808453,0.302332729,0.26289773,-2.42995715,2.33929658,2.17817783,-2.29605651,0.875075996,0.0419275984,0.509525776,1.32911015,1.3291316,1.32917404,-0.121366754,-0.128413305,0.223352611,-0.211415038,0.568288088,0.00613672426,-0.652729809,-0.211507529,-0.098710373,-0.00109346036,0.000208927275,0.000233345447,0.000177931186,-0.524466753,0.250818014,0.130924493,-2.17656684,1.67904973,2.05749583,-1.01828742,0.841192603,0.165957183,0.588566542,1.33299983,1.33299983,1.33299983
68.8,-0.584581196,0.293886334,0.276868612,-2.44374156,2.37473965,2.17978787,-2.33891535,0.85623008,0.0433912463,0.502066493,1.32809627,1.32811809,1.32818973,-0.120113209,-0.124869831,0.215866685,-0.211994216,0.551344693,-0.00508431299,-0.653226554,-0.254438072,-0.000392416492,-0.0694136471,0.00011206459,0.000234701612,-3.93512892e-06,-0.524466753,0.250818014,0.130924493,-2.17656684,1.67904973,2.05749583,-1.01828742,0.818427563,0.151884437,0.560060978,1.33299983,1.33299983,1.33299983
68.8666667,-0.592500567,0.286026299,0.291399032,-2.4571054,2.41469193,2.17911935,-2.38382292,0.839574218,0.0439702049,0.509421825,1.32775199,1.3277266,1.32781732,-0.125094235,-0.112380564,0.233903736,-0.184969753,0.608018279,-0.0111720534,-0.65153259,-0.147558689,-0.101312935,0.272776484,-0.00019291346,-0.000405076891,-4.29200009e-06,-0.524466753,0.250818014,0.130924493,-2.17656684,1.67904973,2.05749583,-1.01828742,0.813811421,0.156131372,0.614640117,1.33299983,1.33299983,1.33299983
68.9333333,-0.599144638,0.280147552,0.304472208,-2.46768332,2.45286965,2.17743134,-2.425107,0.814238012,0.0376888998,0.526406705,1.32772589,1.3277142,1.32781458,-0.0911402106,-0.0744468272,0.183690533,-0.163753673,0.532909513,-0.0710962191,-0.583152533,-0.377032518,-0.0859201625,0.196270734,-0.000308684073,0.002830463,0.00277362857,-0.524466753,0.250818014,0.130924493,-2.17656684,1.67904973,2.05749583,-1.01828742,0.766596019,0.137234688,0.63340795,1.33299983,1.33299983,1.33299983
69,-0.601852953,0.277083576,0.311013311,-2.47936606,2.48810148,2.16651392,-2.46016669,0.786720276,0.0327231251,0.538625896,1.32801843,1.32795489,1.32810378,-0.0111567294,-0.017274566,0.0575452074,-0.177699059,0.529325247,-0.219568357,-0.518571496,-0.366769135,-0.0899765268,0.233983383,-0.000414857175,-0.000871023629,-2.66272109e-05,-0.524466753,0.250818014,0.130924493,-2.17656684,1.67904973,2.05749583,-1.01828742,0.728233576,0.150248185,0.641619742,1.33299983,1.33299983,1.33299983
69.0666667,-0.60075891,0.276545525,0.311111093,-2.49305511,2.51981735,2.14502144,-2.48583245,0.777991831,0.0309184268,0.541120827,1.32831347,1.32822669,1.32837272,0.0254516527,0.00404961267,-0.0106802797,-0.213445768,0.463426352,-0.364154816,-0.365515441,-0.0912854671,-0.0824943408,0.0777974129,-0.000360037899,-0.000757773407,-4.01469879e-06,-0.524466753,0.250818014,0.130924493,-2.17656684,1.67904973,2.05749583,-1.01828742,0.760385394,0.11736685,0.596348643,1.33299983,1.33299983,1.33299983
69.1333333,-0.596471548,0.279153913,0.30678314,-2.50697398,2.55169559,2.11543751,-2.50930119,0.76768297,0.0259268153,0.553710639,1.32856786,1.32844639,1.32859802,0.0651879907,0.0459233448,-0.0667783469,-0.213536605,0.427410603,-0.481201351,-0.269292772,0.0412507392,-0.0759425163,0.231542483,-0.000425214181,-0.000906385249,-3.01189721e-06,-0.524466753,0.250818014,0.130924493,-2.17656684,1.67904973,2.05749583,-1.01828742,0.723187387,0.111712337,0.640869617,1.33299983,1.33299983,1.33299983
69.2,-0.591712534,0.282563657,0.301482201,-2.52142572,2.57843256,2.08354878,-2.52837753,0.765418947,0.0251383651,0.55198276,1.32820833,1.32810104,1.32830262,0.0608246624,0.0506381094,-0.0611465611,-0.227239877,0.40672493,-0.502613306,-0.280700266,-0.000448484381,-0.0721709728,-0.0540275238,-0.00431283843,-0.000495714485,0.00163519243,-0.524466753,0.250818014,0.130924493,-2.17656684,1.67904973,2.05749583,-1.01828742,0.69960475,0.0892352015,0.590673685,1.33299983,1.33299983,1.33299983
69.2666667,-0.586729228,0.287194043,0.296144426,-2.5370903,2.60451555,2.04874992,-2.54686618,0.763326526,0.025992211,0.537493348,1.33182013,1.33151293,1.32796526,0.0659824684,0.0814168155,-0.0565083921,-0.240826964,0.40062505,-0.566683471,-0.268920988,-0.0274663828,-0.0765236989,-0.123704433,0.0977468938,0.0931744576,-0.00577428797,-0.524466753,0.250818014,0.130924493,-2.17656684,1.67904973,2.05749583,-1.01828742,0.673803151,0.0909684896,0.556181908,1.33299983,1.33299983,1.33299983
69.3333333,-0.581328452,0.29343161,0.290671766,-2.55302954,2.6307466,2.01042533,-2.56476355,0.763204157,0.0257680751,0.526029348,1.33277118,1.33281243,1.32762814,0.0773646683,0.105322279,-0.06935063,-0.236128464,0.394561291,-0.607560396,-0.257444203,0.0275266934,-1.68215483e-05,-0.0742427707,0.000209181162,0.00125956512,0.00546447746,-0.524466753,0.250818014,0.130924493,-2.17656684,1.67904973,2.05749583,-1.01828742,0.655305028,0.0786533654,0.546364844,1.33299983,1.33299983,1.33299983
69.4,-0.575677335,0.302272469,0.286252677,-2.56630659,2.65850687,1.97122109,-2.58289599,0.761606574,0.021376662,0.53688103,1.33223748,1.33233333,1.33123744,0.07709454,0.143269524,-0.0457571223,-0.180304348,0.412105978,-0.592437923,-0.241310954,-2.77670624e-05,-0.000163874123,0.1959759,1.8622377e-05,-0.00190402649,0.0793564692,-0.524466753,0.250818014,0.130924493,-2.17656684,1.67904973,2.05749583,-1.01828742,0.656162262,0.0684862211,0.596348226,1.33299983,1.33299983,1.33299983
69.4666667,-0.569856703,0.312647313,0.282245785,-2.57612467,2.68624878,1.93207073,-2.6002152,0.756172955,0.00812552031,0.567052782,1.33259559,1.33260286,1.33234847,0.0701511055,0.147380963,-0.0353399888,-0.138895839,0.373138696,-0.601215601,-0.199500263,2.57482316e-05,-0.171698824,0.440956563,-0.00739856856,0.00151129905,0.00154106598,-0.524466753,0.250818014,0.130924493,-2.17656684,1.67904973,2.05749583,-1.01828742,0.638506114,0.0463535339,0.649753332,1.33299983,1.33299983,1.33299983
69.5333333,-0.563239753,0.322954267,0.275821984,-2.58683181,2.70749164,1.89386249,-2.61542606,0.75336051,0.00478715217,0.567686319,1.3330009,1.33300006,1.33292854,0.127198562,0.144507483,-0.164155453,-0.172905892,0.333874822,-0.666834235,-0.211574972,-2.41665111e-05,-0.000582347508,0.0615171492,-6.42743544e-07,0.000320218474,0.0854608938,-0.524466753,0.250818014,0.130924493,-2.17656684,1.67904973,2.05749583,-1.01828742,0.624160469,0.0475723259,0.598326623,1.33299983,1.33299983,1.33299983
69.6,-0.557095706,0.334072351,0.270429194,-2.59558988,2.7282207,1.85485685,-2.62981868,0.747714579,-3.38976611e-06,0.585278332,1.331406,1.33146763,1.33153963,0.0655746087,0.171285853,-0.0258325506,-0.115511611,0.320962042,-0.574588656,-0.238688439,-0.175649509,0.000132816087,0.308536828,-3.37441452e-05,-8.83333851e-05,2.75904313e-08,-0.524466753,0.250818014,0.130924493,-2.17656684,1.67904973,2.05749583,-1.01828742,0.612504661,0.0362079702,0.649125576,1.33299983,1.33299983,1.33299983
69.6666667,-0.552803338,0.344907403,0.268136352,-2.60408592,2.74687028,1.81908727,-2.64247298,0.747344971,-9.19181548e-06,0.613941491,1.33015513,1.33026934,1.33029628,0.0467720106,0.160506934,-0.00260886177,-0.133447155,0.281531692,-0.550545752,-0.192567974,-5.20210597e-06,0.000436291506,0.417102665,4.06304607e-05,9.20017483e-05,-4.71482053e-08,-0.524466753,0.250818014,0.130924493,-2.17656684,1.67904973,2.05749583,-1.01828742,0.603034317,0.0459194072,0.69263494,1.33299983,1.33299983,1.33299983
69.7333333,-0.548972726,0.357026398,0.267184854,-2.61352682,2.76649022,1.78105903,-2.65778136,0.747202516,-8.31828947e-06,0.619242966,1.32876265,1.32890368,1.32904828,0.0461962745,0.182541594,0.00630983105,-0.143321037,0.299043655,-0.632894278,-0.201188669,-2.76920036e-06,9.76374722e-05,0.0858378187,-0.00652676309,-0.000362177845,6.94312621e-06,-0.524466753,0.250818014,0.130924493,-2.17656684,1.67904973,2.05749583,-1.01828742,0.595339656,0.0174397901,0.668640494,1.33299983,1.33299983,1.33299983
69.8,-0.54583478,0.37015146,0.26800251,-2.62175536,2.78658986,1.74386084,-2.67178631,0.746826887,-8.66098435e-06,0.619569242,1.32766199,1.32783496,1.32803929,0.0326246843,0.197420612,0.0405982807,-0.116461426,0.311492026,-0.585252166,-0.176482871,0.0449996628,-0.00799483992,0.0750184208,0.0059860996,-0.00737883151,-0.00558415474,-0.524466753,0.250818014,0.130924493,-2.17656684,1.67904973,2.05749583,-1.01828742,0.589087725,0.0456151366,0.685756147,1.33299983,1.33299983,1.33299983
69.8666667,-0.543363988,0.38337636,0.269957781,-2.6292274,2.80650282,1.70784116,-2.68477559,0.74257642,1.43400812e-05,0.621984005,1.32688379,1.32705998,1.32732666,0.00263010454,0.19343622,0.0020957198,-0.103947736,0.0188512933,-0.540693343,-0.0944988132,-0.000184539589,0.0431033149,-0.0623603612,-0.0627430677,-0.0628250167,-0.0616036132,-0.524466753,0.250818014,0.130924493,-2.17656684,1.67904973,2.05749583,-1.01828742,0.584008098,0.0329741314,0.722397268,1.33299983,1.33299983,1.33299983
69.9333333,-0.542722642,0.399431825,0.265557498,-2.6342876,2.80649042,1.67156899,-2.69507813,0.743146062,-2.95761606e-06,0.598898351,1.32649624,1.32667506,1.32699454,-0.02682353,0.268215835,-0.00915613398,-0.0616376474,0.00121848041,-0.648697019,-0.156804487,0.0339192078,-1.02846252e-05,-0.191151246,0.0934458077,0.092808798,0.0900274217,-0.524466753,0.250818014,0.130924493,-2.17656684,1.67904973,2.05749583,-1.01828742,0.579880834,0.0456028357,0.610677958,1.33299983,1.33299983,1.33299983
70,-0.545685887,0.41789484,0.265966713,-2.63691211,2.80649137,1.63435972,-2.70637655,0.743088901,-3.63411959e-06,0.594097257,1.32933497,1.3295542,1.32981634,-0.0744457692,0.272934645,0.0479773246,-0.0416801348,0.000721552991,-0.6053918,-0.155486688,0.0419974402,-1.92332664e-06,0.0665911064,0.0848195627,0.0792096928,0.0821157768,-0.524466753,0.250818014,0.130924493,-2.17656684,1.67904973,2.05749583,-1.01828742,0.576527417,0.0689206421,0.632768869,1.33299983,1.33299983,1.33299983
70.0666667,-0.547163546,0.437966943,0.263623267,-2.64180088,2.80649829,1.59563041,-2.72039294,0.743215084,-1.33082813e-06,0.551712334,1.33045971,1.33065748,1.33130622,-0.0187072828,0.324632883,-0.0338026024,-0.069285363,0.00235034712,-0.679701746,-0.190478012,0.0480392799,2.37221684e-07,-0.398823708,0.0758099109,0.0742405877,0.079234302,-0.524466753,0.250818014,0.130924493,-2.17656684,1.67904973,2.05749583,-1.01828742,0.573802829,0.0499490984,0.537162304,1.33299983,1.33299983,1.33299983
70.1333333,-0.549441099,0.460369259,0.26366058,-2.64337945,2.80649328,1.55427527,-2.73390245,0.743134379,-1.93238634e-06,0.554609478,1.33258092,1.33271074,1.33231616,-0.0481351204,0.327327907,0.0247922391,-0.0285369027,0.00180208916,-0.691887736,-0.187101096,-3.16649675e-08,5.09453093e-06,0.180772945,0.0816195235,0.0804014802,1.00582838e-07,-0.524466753,0.250818014,0.130924493,-2.17656684,1.67904973,2.05749583,-1.01828742,0.574083924,0.0759817064,0.601664782,1.33299983,1.33299983,1.33299983
70.2,-0.553627074,0.482405901,0.26560843,-2.64224553,2.80648661,1.51468503,-2.7444129,0.742562473,-4.93547259e-06,0.569455922,1.33124948,1.3310082,1.33025157,-0.0915189162,0.315747142,0.0669741482,0.0372548476,0.000111960806,-0.598609984,-0.0998884365,0.0669379979,-0.00015716588,0.413552403,7.58739188e-05,0.000117986114,2.99789244e-05,-0.524466753,0.250818014,0.130924493,-2.17656684,1.67904973,2.05749583,-1.01828742,0.585932076,0.0626904666,0.65407306,1.33299983,1.33299983,1.33299983
70.2666667,-0.558489442,0.502208292,0.268200696,-2.64034653,2.80648112,1.48012483,-2.7533524,0.742304087,-1.49493062e-05,0.587825298,1.33033335,1.33012283,1.3294456,-0.0789014474,0.292658806,0.0579488873,0.0396467037,-0.000395396259,-0.467195809,-0.108847477,0.0660124272,-0.00027272728,0.292673439,-7.88683537e-05,-0.00020312774,1.78178307e-05,-0.524466753,0.250818014,0.130924493,-2.17656684,1.67904973,2.05749583,-1.01828742,0.581444085,0.0741347522,0.696654797,1.33299983,1.33299983,1.33299983
70.3333333,-0.557698011,0.511835992,0.264530987,-2.63600826,2.80422139,1.47450817,-2.74240208,0.754723907,-5.37714459e-06,0.576379478,1.32467079,1.32385421,1.32300687,0.0485668518,0.0294904523,-0.110969961,0.0748845339,-0.0613433681,0.116152152,0.355759412,1.91368163e-05,0.0236243065,-0.102900386,-5.18243178e-06,-0.0637568012,-0.067650497,-0.557078898,0.504786491,0.265946984,-2.63701701,2.80188298,1.48248267,-2.73639703,0.749806404,0,0.573610127,1.33299983,1.33299983,1.33299983
70.4,-0.55396539,0.511399269,0.254876703,-2.62971807,2.79330301,1.48821759,-2.70241857,0.762762368,-9.50072445e-06,0.551148534,1.32472157,1.32189536,1.32074976,0.0611500666,0.00956524815,-0.185863689,0.132295117,-0.251861721,0.246866837,0.815589905,0.182191297,-0.00176407583,-0.493764699,-0.000137558207,-0.000305054768,3.28349415e-07,-0.553189099,0.511896133,0.25964424,-2.62776446,2.7889688,1.48902082,-2.68948746,0.77049464,0,0.534819543,1.33299983,1.33299983,1.33299983
70.4666667,-0.549936295,0.516957998,0.240893647,-2.61791396,2.77273059,1.50262117,-2.63487768,0.781437337,-2.54596671e-06,0.515301287,1.32474256,1.32191503,1.32075119,0.0496737473,0.158581614,-0.214016795,0.221062541,-0.344933867,0.174521238,1.20513058,0.317364901,0.00119640282,-0.533021808,2.71016033e-05,3.78158002e-05,-3.08791641e-08,-0.547333121,0.522599638,0.24998042,-2.61369443,2.76905847,1.49893749,-2.61855817,0.801640689,7.83947689e-06,0.477236032,1.33299983,1.33299983,1.33299983
70.5333333,-0.545757174,0.531283796,0.224825293,-2.60099483,2.74757123,1.51257706,-2.54269052,0.80674237,1.66546397e-06,0.471044719,1.32471943,1.32188761,1.32070279,0.0683214217,0.259501606,-0.242973596,0.29313904,-0.398702055,0.152139232,1.52285099,0.416996717,-0.000995621784,-0.684487581,7.33472989e-05,0.000124630227,-2.61585228e-07,-0.540023804,0.535959542,0.237643346,-2.59591198,2.74347305,1.51142991,-2.52954412,0.840516448,2.23865645e-05,0.40664199,1.33299983,1.33299983,1.33299983
70.6,-0.539305151,0.55002141,0.208302885,-2.57826447,2.71955919,1.52570391,-2.43510795,0.836362779,5.96894006e-06,0.415377825,1.32441986,1.32168257,1.32043648,0.109136567,0.28056851,-0.266950667,0.330333114,-0.488396049,0.222387165,1.67112696,0.487576842,-8.37263215e-05,-0.897884846,-0.0750832781,-0.073046051,-0.0740754157,-0.531774104,0.551038206,0.223320812,-2.57552195,2.71353149,1.52569556,-2.42837977,0.884393573,3.84231171e-05,0.328819901,1.33299983,1.33299983,1.33299983
70.6666667,-0.531228542,0.568722248,0.193100706,-2.55378795,2.6876874,1.54161417,-2.32278252,0.872410774,3.2677046e-05,0.353431344,1.32066691,1.31832004,1.31696689,0.145626247,0.260643542,-0.218827516,0.334412932,-0.59311682,0.23000069,1.68192315,0.588913679,-0.000316998106,-0.903584003,-0.108194612,-0.0976025537,-0.0969817862,-0.523096979,0.566898227,0.207700744,-2.55362964,2.68055558,1.54093242,-2.3210001,0.930544376,5.47575619e-05,0.249552235,1.33299983,1.33299983,1.33299983
70.7333333,-0.520621896,0.585834026,0.179432347,-2.52907443,2.65279722,1.55893791,-2.21265602,0.912882268,3.36648845e-05,0.290658534,1.31975698,1.31824684,1.31727433,0.162586674,0.232327953,-0.193522811,0.322754264,-0.610331953,0.24294965,1.60768139,0.630909503,-0.00313301943,-1.00000083,-0.000178111834,-0.000645627093,0.000217834022,-0.514505327,0.582601845,0.191470891,-2.53134012,2.64586401,1.55633771,-2.21333957,0.976240218,7.01983226e-05,0.174621373,1.33299983,1.33299983,1.33299983
70.8,-0.509844542,0.599979401,0.168449238,-2.50886202,2.61348915,1.57299519,-2.10889339,0.955412686,4.84919692e-05,0.224749044,1.32026529,1.31875587,1.31778121,0.162397519,0.191022992,-0.137582481,0.275857329,-0.579582334,0.184390217,1.4924835,0.629591167,0.000243682356,-0.996601284,4.92393738e-05,9.55535797e-05,-2.33238097e-07,-0.506512165,0.597211897,0.175319165,-2.50975871,2.61077809,1.57110941,-2.11133337,1.01875353,8.35538522e-05,0.109809786,1.33299983,1.33299983,1.33299983
70.8666667,-0.499026686,0.611993015,0.15966107,-2.49074984,2.57858443,1.58404231,-2.01547432,0.995371938,1.15342609e-05,0.159590051,1.32231176,1.32154036,1.31990063,0.173394233,0.164110929,-0.248547241,0.28292492,-0.236696079,0.0850479305,1.30500674,0.527007878,0.0101036541,-0.910289288,0.299445242,0.560530782,0.315173715,-0.499630302,0.609790444,0.159933344,-2.48999,2.57661748,1.58444488,-2.02091551,1.05535567,9.36325378e-05,0.0608999431,1.33299983,1.33299983,1.33299983
70.9333333,-0.495716572,0.620676816,0.146263838,-2.47317743,2.54904771,1.59188986,-1.93814921,1.03003967,0.000271789293,0.100882605,1.33300006,1.33299983,1.33300042,0.0217233952,0.112398237,-0.192744359,0.25028193,-0.512769341,0.140298173,0.992906928,0.478934467,-5.38708991e-06,-0.755243421,2.24598043e-05,4.06150939e-05,7.16717295e-07,-0.494372725,0.619400203,0.146001309,-2.47313929,2.54470253,1.5955416,-1.94802117,1.08331895,9.9242854e-05,0.0336742587,1.33299983,1.33299983,1.33299983
71,-0.493143171,0.62705791,0.13352184,-2.45840311,2.51686049,1.60086834,-1.88504589,1.05848229,3.52632887e-05,0.0632613003,1.33291936,1.33298683,1.33300257,0.0504140854,0.0684147328,-0.195337474,0.192812651,-0.510555625,0.138946339,0.642110407,0.387242168,-0.0011248769,-0.418222576,0.00163664715,0.00146412256,-3.96184623e-06,-0.49108851,0.625402987,0.133969933,-2.46007705,2.51575565,1.60394394,-1.89661348,1.10078657,9.99999975e-05,0.0299999975,1.33299983,1.33299983,1.33299983
71.0666667,-0.490350932,0.629982889,0.121844716,-2.44714069,2.48775911,1.60874128,-1.85050952,1.07992196,6.98120232e-07,0.0456542671,1.33300018,1.33299994,1.33300042,0.0359251983,0.0228945334,-0.164396927,0.15203248,-0.419458002,0.112807795,0.38159588,0.0315388627,-0.00106737961,-0.183922678,-2.47927892e-06,-8.40819121e-06,2.07919584e-08,-0.489051014,0.629127085,0.122756526,-2.44984221,2.4870069,1.61124706,-1.85789979,1.11162329,9.99999975e-05,0.0299999993,1.33299983,1.33299983,1.33299983
71.1333333,-0.488420457,0.630688787,0.111257769,-2.43810439,2.45899129,1.61614549,-1.82590485,1.07994425,-7.26724977e-07,0.037050847,1.33300006,1.33299994,1.3330003,0.0178589839,0.00304283528,-0.150611088,0.120937496,-0.435034901,0.106335491,0.354484528,-2.47805801e-05,-0.000167894643,-0.0886849463,0.00015113283,0.000314157514,-3.47963123e-07,-0.487953961,0.631132364,0.111977868,-2.44162083,2.45789671,1.61781347,-1.82843363,1.11745834,0.000100000005,0.0300000012,1.33299983,1.33299983,1.33299983
71.2,-0.487978667,0.630746841,0.101665512,-2.43131018,2.43073392,1.62185013,-1.80444431,1.07994282,6.54013022e-09,0.028174052,1.33300054,1.33299983,1.3330003,-0.0012523192,-0.000346235815,-0.144474879,0.0856199116,-0.442379653,0.0734432489,0.292346597,-0.000311502576,0.00379319163,-0.023918299,-0.00375426491,-0.00373156951,-0.00371017819,-0.487626195,0.631731331,0.101455629,-2.43476009,2.42840886,1.62369442,-1.80641818,1.1192013,9.99999975e-05,0.0299999975,1.33299983,1.33299983,1.33299983
71.2666667,-0.488032848,0.630671322,0.091802597,-2.42631388,2.39966965,1.62700784,-1.78756189,1.07994282,-2.04865955e-08,0.0281329323,1.33299994,1.33299923,1.33299994,0.000290118449,-0.00217251945,-0.149310112,0.0656486601,-0.470070124,0.0821722746,0.213030279,5.64584889e-06,-1.95559587e-05,-1.15309376e-07,3.20932886e-05,3.09714815e-05,3.1934429e-05,-0.487896919,0.631236553,0.0910115093,-2.42860746,2.39852619,1.62894166,-1.79005694,1.11776149,0.000100000005,0.0300000012,1.33299983,1.33299983,1.33299983
71.3333333,-0.488243908,0.630382657,0.0816915706,-2.42178345,2.36924338,1.63238657,-1.77525985,1.07987201,-4.30428635e-08,0.028105367,1.33299851,1.33298004,1.33299923,-0.00704268971,-0.00781142525,-0.154501483,0.0660694316,-0.465961784,0.080661267,0.160207346,1.35320897e-06,-5.47038908e-05,-1.1496013e-08,2.90305616e-05,3.91308859e-05,1.83467491e-05,-0.488595068,0.629960418,0.0804671198,-2.42250967,2.36823177,1.63360655,-1.7775526,1.11404824,9.99999902e-05,0.0299999975,1.33299983,1.33299983,1.33299983
71.4,-0.488806963,0.629616797,0.0711247995,-2.41727209,2.33788753,1.63758361,-1.76548624,1.07985795,-1.33901878e-07,0.0280904155,1.33297586,1.33294952,1.33297515,-0.00997028034,-0.0149296802,-0.162633404,0.0728310198,-0.471909374,0.0752559602,0.139369622,-2.82894325e-06,-0.000106722749,-2.0081643e-09,2.23449606e-05,4.27424966e-05,3.4411205e-06,-0.489549696,0.628215611,0.0696441755,-2.41581416,2.33750939,1.63774085,-1.7671088,1.10897088,0.000100000005,0.0300000012,1.33299983,1.33299983,1.33299983
71.4666667,-0.489584357,0.628484726,0.0599663965,-2.41154242,2.30632663,1.64225554,-1.75594461,1.07977951,-1.09060501e-07,0.0280899499,1.33294535,1.33292019,1.33294463,-0.0130506251,-0.0186800361,-0.172821134,0.101966418,-0.475183874,0.0649847537,0.15188387,-5.61560228e-06,-8.97641803e-05,-1.15542207e-07,1.04490027e-05,3.4932018e-05,-1.09794491e-05,-0.490589857,0.626314521,0.0583643317,-2.40786839,2.30634165,1.64139581,-1.75692844,1.10343885,9.99999975e-05,0.0299999993,1.33299983,1.33299983,1.33299983
71.5333333,-0.490479827,0.627211511,0.0480153821,-2.40326953,2.27442527,1.64614272,-1.74469602,1.0797224,-8.51338555e-08,0.0281031262,1.33291662,1.33289433,1.33291674,-0.0131528163,-0.0193986893,-0.186188862,0.147768512,-0.481678158,0.0526311733,0.189162552,-3.64016742e-05,-3.36801895e-05,8.37608241e-08,-4.85241471e-05,-2.33583996e-05,-0.000102012302,-0.491544455,0.624569654,0.0464492403,-2.39801884,2.27471209,1.6446228,-1.7452147,1.09836149,9.99999975e-05,0.0299999993,1.33299983,1.33299983,1.33299983
71.6,-0.491246313,0.625994623,0.0351110883,-2.39156032,2.24207783,1.64922392,-1.73017466,1.07967961,-2.23821175e-08,0.028126508,1.3328861,1.33288431,1.3328867,-0.0092372084,-0.0169377923,-0.201239109,0.204048589,-0.488699317,0.0415881909,0.250105232,-6.88999171e-06,-2.02774027e-05,9.02509782e-08,-1.49965636e-05,2.47235585e-06,-2.85395654e-05,-0.492242634,0.623293519,0.0337205715,-2.38561368,2.24260402,1.64747381,-1.73017085,1.09464824,0.000100000005,0.0299999993,1.33299983,1.33299983,1.33299983
71.6666667,-0.491622299,0.62511301,0.0211722497,-2.37584949,2.20925999,1.65163183,-1.71071625,1.07965827,6.75722092e-08,0.0283533409,1.33287871,1.33288324,1.33288205,-0.0014985794,-0.00908693206,-0.217249736,0.267286181,-0.495975852,0.03267055,0.337177396,-5.55496354e-06,1.96810779e-05,-8.87666829e-09,-2.27431228e-05,-1.35219088e-05,-2.90809694e-05,-0.492513329,0.622798741,0.0199999996,-2.36999989,2.21000004,1.64999998,-1.70999992,1.09320843,9.99999975e-05,0.0299999993,1.33299983,1.33299983,1.33299983
71.7333333,-0.491544604,0.624945045,0.0062762918,-2.35562587,2.17539215,1.65425777,-1.68534696,1.07963657,2.9041243e-07,0.0288236067,1.33287489,1.33288324,1.33287954,0.00494069187,0.00287315738,-0.231526956,0.33846274,-0.524293184,0.0537540615,0.416180909,-3.06925631e-06,8.44084425e-05,8.6351065e-08,-2.29957768e-05,-2.22761009e-05,-2.27963264e-05,-0.492513359,0.622798741,0.00446537742,-2.34995437,2.17597246,1.65379548,-1.68491304,1.09320843,0.000100000005,0.0299999993,1.33299983,1.33299983,1.33299983
71.8,-0.490917712,0.625405252,-0.00982189737,-2.33088231,2.1394062,1.65893769,-1.65615416,1.07962251,1.16921001e-07,0.0288423598,1.33287489,1.33288324,1.33287954,0.0132381944,0.00809516292,-0.252507538,0.399583638,-0.554124713,0.0882972404,0.452968985,-9.9224053e-08,4.03867271e-05,-1.17783202e-07,-1.54576774e-05,-1.93136366e-05,-1.20146142e-05,-0.492513329,0.622798741,-0.0131715517,-2.32545638,2.1400013,1.659729,-1.65692353,1.09320843,9.99999975e-05,0.0299999993,1.33299983,1.33299983,1.33299983
71.8666667,-0.489985466,0.625903428,-0.027364837,-2.30266333,2.10178447,1.66551399,-1.62543201,1.07962251,-5.01508879e-08,0.028849883,1.33287489,1.33288324,1.33287954,0.0134935509,0.00429499242,-0.274536997,0.442755282,-0.572591841,0.108145431,0.465845108,2.83203872e-06,-1.34928432e-05,-4.9274604e-08,-6.57887722e-06,-1.35584705e-05,-3.44582077e-07,-0.492513359,0.622798741,-0.0322882943,-2.2976563,2.10268211,1.6667639,-1.6269387,1.09320843,9.99999975e-05,0.0299999993,1.33299983,1.33299983,1.33299983
71.9333333,-0.489325017,0.625995874,-0.0463455729,-2.27206111,2.06338096,1.67264831,-1.59421277,1.07962251,-1.13094842e-07,0.0288470834,1.33287489,1.33288658,1.33287954,0.00574045861,-0.00339082023,-0.295480251,0.471514612,-0.577372968,0.105457373,0.468984127,5.06808874e-06,-4.82049072e-05,-1.2901728e-07,-9.42629413e-07,4.88508231e-05,8.38568667e-06,-0.492513329,0.622798741,-0.0522623584,-2.26770449,2.06461191,1.67386365,-1.59586549,1.09320843,0.000100000005,0.0300000012,1.33299983,1.33299983,1.33299983
72,-0.489339501,0.625576973,-0.0666119456,-2.23996353,2.02509737,1.67895913,-1.56309628,1.07962251,2.66503264e-08,0.0288377851,1.33287489,1.33288741,1.33287954,-0.00582267391,-0.0109307524,-0.31283775,0.487147689,-0.570312023,0.0846615806,0.462382019,6.52236849e-06,3.88467161e-05,-1.14057912e-07,-1.85536919e-08,5.51968769e-05,1.2790435e-05,-0.492513299,0.622798681,-0.0724712461,-2.2367506,2.02638578,1.67999125,-1.5646106,1.09320831,9.99999902e-05,0.0299999975,1.33299983,1.33299983,1.33299983
72.0666667,-0.490137041,0.62469542,-0.0878087357,-2.20734286,1.98748755,1.68339598,-1.5328474,1.07962251,-3.45128655e-07,0.028826572,1.3328768,1.33288586,1.33290124,-0.0170113929,-0.017395461,-0.32286182,0.486352414,-0.560125649,0.0489155389,0.442891955,-0.000174867018,0.000199519622,-0.00734541658,-0.000360599835,-0.000199770409,-0.00030949089,-0.492513359,0.6227988,-0.0922924727,-2.20594525,1.98860061,1.68411088,-1.53408158,1.09320843,0.000100000005,0.0300000012,1.33299983,1.33299983,1.33299983
72.1333333,-0.491602927,0.623407662,-0.109247163,-2.17546749,1.95110285,1.68510187,-1.50443304,1.07961547,-3.74399214e-08,0.0288174972,1.33288503,1.33289015,1.33292282,-0.0257236566,-0.02305438,-0.319688678,0.464241803,-0.532561719,0.00269553065,0.408166409,5.82262828e-06,2.29220059e-05,-3.7936843e-08,3.30304938e-05,2.13607527e-05,9.08219954e-06,-0.492513299,0.622798681,-0.11110352,-2.17643857,1.95185173,1.68518519,-1.50518513,1.09320843,9.99999975e-05,0.0299999975,1.33299983,1.33299983,1.33299983
72.2,-0.49355945,0.621801674,-0.130020916,-2.14577985,1.91668928,1.68319201,-1.47871399,1.07961547,9.54204822e-08,0.0288126245,1.33288658,1.33289158,1.33293247,-0.0317300111,-0.0266127288,-0.30240804,0.420881122,-0.500388205,-0.0600160509,0.362024724,2.34132631e-06,2.88524243e-05,-2.59424269e-08,1.17321961e-05,7.73294687e-06,8.6821301e-06,-0.492513359,0.622798741,-0.128281951,-2.14938116,1.91673589,1.6821779,-1.47882831,1.09320843,0.000100000005,0.0300000012,1.33299983,1.33299983,1.33299983
72.2666667,-0.495797545,0.620039761,-0.14914535,-2.11968279,1.88452125,1.67652512,-1.45646155,1.07961547,4.9659252e-07,0.0288127307,1.33288956,1.33289397,1.33294487,-0.03401291,-0.0272910818,-0.270000815,0.357170135,-0.466862053,-0.140516624,0.304612517,2.25810363e-05,0.000314897479,-4.88580554e-08,2.35538755e-05,-0.00622594915,1.66183891e-05,-0.492513329,0.622798741,-0.143205196,-2.12592268,1.88384831,1.67405236,-1.45591831,1.09320843,9.99999975e-05,0.0299999993,1.33299983,1.33299983,1.33299983
72.3333333,-0.498046845,0.618311048,-0.165563926,-2.09852457,1.85493398,1.6639539,-1.43850935,1.07961547,5.0806716e-07,0.0288162883,1.33289063,1.33289814,1.33294582,-0.0324502848,-0.0252178814,-0.220851198,0.273382992,-0.421055973,-0.237376243,0.233086377,2.02644969e-06,7.51762709e-05,-8.58562998e-10,-1.09454995e-05,-1.85795798e-05,-3.1691161e-06,-0.492513329,0.622798741,-0.155250832,-2.10721374,1.85378575,1.65977216,-1.43736207,1.09320843,9.99999975e-05,0.0299999975,1.33299983,1.33299983,1.33299983
72.4,-0.499909997,0.616894007,-0.178529933,-2.08350849,1.82853377,1.64374471,-1.42578745,1.07959414,2.23208261e-07,0.0288176164,1.33289063,1.33289886,1.33294582,-0.0180678815,-0.0128074531,-0.177091017,0.17760016,-0.37942639,-0.39353773,0.146096677,0.000126291066,-0.000388995948,0.00624903524,0.000264370581,0.00027919063,0.000192874024,-0.492484927,0.623129547,-0.164145961,-2.09410048,1.82679784,1.63695538,-1.42431915,1.09321487,9.98440446e-05,0.0298358295,1.33299983,1.33299983,1.33299983
72.4666667,-0.500760794,0.617491484,-0.189081952,-2.07416201,1.80359113,1.60880041,-1.41968751,1.07955861,5.69328961e-07,0.0288184546,1.33289051,1.33289886,1.33294547,-0.0103458669,0.0337752439,-0.135052979,0.106767803,-0.368745208,-0.653497875,0.0400001556,-2.72486359e-05,-0.000989434076,2.78931111e-07,3.25561268e-06,3.87690379e-05,-6.67766581e-05,-0.492283165,0.625478089,-0.171541557,-2.08527946,1.80124676,1.59852254,-1.41827166,1.09326029,9.87368039e-05,0.0286702402,1.33299983,1.33299983,1.33299983
72.5333333,-0.501188934,0.621484518,-0.19625327,-2.06894779,1.77971733,1.55770493,-1.42004228,1.07952964,4.10496199e-07,0.028811831,1.33287024,1.33289409,1.3329165,-0.000422978454,0.0827094018,-0.0796194226,0.0490368977,-0.347051919,-0.86256367,-0.0415462293,-2.82749534e-05,-0.000171829364,-6.75208867e-08,-4.22328594e-06,2.2033666e-05,-6.80508092e-05,-0.491945058,0.62941438,-0.177613333,-2.07997918,1.77697861,1.54727161,-1.41797233,1.09333646,9.68810127e-05,0.0267166477,1.33299983,1.33299983,1.33299983
72.6,-0.50057292,0.62802428,-0.199610278,-2.06764054,1.75725448,1.49598444,-1.42462921,1.07938969,-3.6498966e-07,0.0270043947,1.33284092,1.33286619,1.33288634,0.0199388564,0.108378515,-0.0221282188,-0.0108468384,-0.328693569,-0.974127173,-0.0865838006,-0.000604613277,0.00283156428,-0.0508132279,-0.00342577416,-0.00356890727,-0.00321156741,-0.491538674,0.634144485,-0.182206824,-2.07766461,1.75416827,1.48757088,-1.42181671,1.09342802,9.46509244e-05,0.0243690461,1.33299983,1.33299983,1.33299983
72.6666667,-0.498568594,0.635444462,-0.199135989,-2.07022691,1.73599386,1.42971992,-1.43117118,1.07938993,1.46766615e-06,0.0248193257,1.33280385,1.33283722,1.3328501,0.0397925936,0.110303894,0.0336777754,-0.065301843,-0.311496466,-1.00485027,-0.102783225,-2.18825153e-06,0.000478626345,-0.0501397923,3.02556437e-05,4.26570477e-05,-9.95351002e-09,-0.491132408,0.638874769,-0.185167715,-2.0777986,1.73299074,1.42378855,-1.4282012,1.09351957,9.24208434e-05,0.022021452,1.33299983,1.33299983,1.33299983
72.7333333,-0.495508492,0.642382681,-0.195119113,-2.07587004,1.71583366,1.36356843,-1.43797982,1.07939005,6.47718537e-07,0.0227078516,1.33277309,1.33280909,1.3328191,0.0511245616,0.0944386199,0.082833752,-0.101606086,-0.293878794,-0.972885311,-0.0960629582,-0.000573509838,0.0028872916,-0.0503330119,-0.0033404408,-0.00348236598,-0.00312990905,-0.490794241,0.642811,-0.186341494,-2.07984567,1.71362054,1.36029279,-1.43552089,1.09359562,9.05650304e-05,0.020067852,1.33299983,1.33299983,1.33299983
72.8,-0.492060989,0.647690535,-0.188150749,-2.0832808,1.69716334,1.30166233,-1.4436295,1.07939053,1.00297143e-06,0.0213296991,1.33275342,1.33278489,1.33279181,0.051629547,0.061232619,0.121447794,-0.119129956,-0.264153898,-0.876808882,-0.0684798211,0.000602106156,-0.00243276032,-6.31809235e-06,0.00335386978,0.00352293393,0.00310140615,-0.49059251,0.645159602,-0.185573846,-2.08326888,1.69623268,1.3014518,-1.44217181,1.09364116,8.94578043e-05,0.0189022645,1.33299983,1.33299983,1.33299983
72.8666667,-0.48891741,0.650197208,-0.179059014,-2.09125566,1.68044889,1.2483567,-1.4468466,1.07939053,-8.23805095e-08,0.0213230345,1.33275139,1.3327775,1.33278096,0.042329561,0.0106556471,0.146817282,-0.119181231,-0.233809009,-0.713886559,-0.0237039831,2.31640661e-06,5.63544472e-06,3.92683432e-08,3.45234912e-06,2.5237423e-06,1.6827471e-06,-0.4905954,0.645126522,-0.18271026,-2.08753252,1.68100202,1.25163376,-1.4465493,1.09364045,8.94733894e-05,0.01891868,1.33299983,1.33299983,1.33299983
72.9333333,-0.48664844,0.648803353,-0.168688715,-2.09868646,1.66563225,1.20811188,-1.44643259,1.07876253,-6.55586803e-07,0.0212986264,1.33275676,1.3327812,1.33278632,0.0266150534,-0.0552180484,0.161392748,-0.103131801,-0.208379537,-0.484847277,0.0422331318,3.21310335e-06,-0.00046971452,3.34184733e-08,-1.60432537e-05,-2.95688224e-05,-2.30345177e-06,-0.490870982,0.641917944,-0.177596375,-2.09209967,1.66810286,1.21520698,-1.44704938,1.09357846,9.09860973e-05,0.0205111057,1.33299983,1.33299983,1.33299983
73,-0.485657096,0.642519832,-0.157348201,-2.10504556,1.65430903,1.1860013,-1.44074476,1.07886994,-8.85127236e-07,0.02141615,1.33278644,1.3328023,1.33281815,0.00382250035,-0.133594379,0.174935073,-0.0851670355,-0.139419228,-0.173880473,0.129422039,4.34305912e-06,-5.42043708e-05,0.0499943048,-3.35981313e-05,-5.51801058e-05,3.56812961e-08,-0.491487592,0.634739995,-0.170077756,-2.09643412,1.65771079,1.19653964,-1.44206774,1.09343946,9.4370218e-05,0.0240735449,1.33299983,1.33299983,1.33299983
73.0666667,-0.48621887,0.630887091,-0.14534083,-2.10964775,1.64616966,1.18641746,-1.42870641,1.07887065,-3.99898994e-07,0.0244649239,1.33300102,1.33284712,1.33300114,-0.0175296832,-0.215941533,0.182921991,-0.0502108261,-0.116918772,0.192918658,0.235430181,3.88970147e-06,-0.000101681973,0.0662070736,8.91066156e-05,0.0509821549,0.00017256182,-0.492513329,0.622798741,-0.159999996,-2.0999999,1.64999998,1.19999993,-1.42999995,1.09320843,9.99999975e-05,0.0299999993,1.33299983,1.33299983,1.33299983
73.1333333,-0.488067746,0.613453507,-0.132602483,-2.11252451,1.64076471,1.21171188,-1.40924466,1.07887101,-5.34322794e-07,0.0300474055,1.33300042,1.33300006,1.33300042,-0.0396539196,-0.306819528,0.198836744,-0.0426094308,-0.0449790955,0.544747949,0.337258607,-1.89025741e-07,1.04774444e-05,0.0973991975,-2.00882969e-05,-2.64823902e-05,-1.24075068e-05,-0.494012028,0.605352104,-0.146355063,-2.1035912,1.64487183,1.22484565,-1.41068995,1.09287083,0.000108225351,0.038658794,1.33299983,1.33299983,1.33299983
73.2,-0.491685808,0.590195,-0.118661411,-2.11549044,1.63883662,1.25645435,-1.38444388,1.07887101,-3.54743804e-07,0.0378089845,1.3330003,1.3330003,1.33300042,-0.0667375699,-0.389033079,0.218671381,-0.0485973954,-0.0147401374,0.779133976,0.403767049,-1.16781393e-07,1.16914289e-05,0.130969986,-1.65756355e-05,-2.11870101e-05,-1.1080494e-05,-0.495948434,0.582809627,-0.128724664,-2.10823131,1.64192986,1.26567376,-1.38573968,1.09243464,0.000118853204,0.0498466939,1.33299983,1.33299983,1.33299983
73.2666667,-0.496811092,0.56198281,-0.103061631,-2.11896491,1.63860261,1.31421411,-1.35547805,1.07887101,-1.28908837e-07,0.0478087775,1.3330003,1.3330003,1.33299863,-0.0825824812,-0.454727978,0.24856177,-0.0570357367,0.00884732604,0.943585515,0.462753356,-4.31213994e-05,-0.000322203588,0.162439376,0.000367747387,0.000395951676,0.00709574204,-0.498242408,0.556104779,-0.107838959,-2.11372805,1.64090264,1.31986165,-1.35618234,1.09191787,0.000131443405,0.0631003454,1.33299983,1.33299983,1.33299983
73.3333333,-0.502400517,0.530091166,-0.0850990191,-2.12291908,1.63987565,1.3816644,-1.32292116,1.07875824,-6.74564191e-08,0.0598087274,1.33300018,1.33300018,1.33300018,-0.0807970613,-0.499712139,0.289237499,-0.0639123172,0.0333110951,1.0733254,0.511315107,6.53589723e-07,1.88356098e-05,0.189955682,1.18724074e-07,1.09507937e-07,-2.84967427e-09,-0.500813663,0.526171267,-0.0844280794,-2.11988926,1.64151812,1.38478637,-1.32305169,1.09133863,0.000145555794,0.0779564083,1.33299983,1.33299983,1.33299983
73.4,-0.507401228,0.495915323,-0.0641812161,-2.12729311,1.64266062,1.45672894,-1.28764057,1.07875824,4.4601812e-08,0.0734598339,1.33300018,1.33300006,1.33300018,-0.0661571249,-0.524080455,0.33592099,-0.0703743473,0.0524210632,1.17064512,0.543374062,3.2896105e-07,2.42194583e-05,0.211584419,9.84300641e-08,5.82949724e-08,1.6992999e-08,-0.50358212,0.493942678,-0.0592222288,-2.12652302,1.64350522,1.4578253,-1.28738046,1.09071493,0.000160750234,0.0939515233,1.33299983,1.33299983,1.33299983
73.4666667,-0.511196136,0.460715234,-0.0401795134,-2.13213158,1.64639163,1.53694952,-1.25068808,1.07875824,1.80433531e-07,0.0883776546,1.33300006,1.33299994,1.33300018,-0.0461031832,-0.531574547,0.380660295,-0.078652896,0.0626143441,1.22748768,0.561084807,3.11118242e-07,4.44088146e-05,0.227629498,-1.1271095e-07,-3.16861133e-07,-3.62633727e-08,-0.506467581,0.46035257,-0.0329515673,-2.13343716,1.64659214,1.53635573,-1.25020266,1.090065,0.00017658656,0.110622361,1.33299983,1.33299983,1.33299983
73.5333333,-0.513635576,0.425486088,-0.0135236615,-2.13758016,1.65060961,1.61950386,-1.21302736,1.07875824,1.87192356e-07,0.104171321,1.33299994,1.33299983,1.33300006,-0.0266745053,-0.525653243,0.41464138,-0.0885306746,0.0676418096,1.24135756,0.563935697,4.85987357e-08,2.92394652e-05,0.23776947,1.2619148e-07,8.64497451e-08,1.18985554e-07,-0.509389758,0.42633459,-0.00634622946,-2.14043927,1.65050709,1.61775494,-1.21255112,1.08940673,0.000192624604,0.127505556,1.33299983,1.33299983,1.33299983
73.6,-0.514897108,0.391060531,0.0147940228,-2.14362907,1.65505958,1.7016046,-1.17569876,1.07875824,1.46815438e-07,0.120428726,1.33299983,1.33299983,1.33299994,-0.0116807241,-0.50772047,0.430110663,-0.0960399806,0.0695946887,1.21527183,0.550495684,-4.28262865e-07,-7.04046215e-06,0.241725326,4.98641748e-06,9.15698183e-06,7.06058927e-08,-0.512268484,0.392822266,0.0198635943,-2.14733744,1.65497863,1.69940019,-1.17545938,1.08875823,0.000208424259,0.144137785,1.33299983,1.33299983,1.33299983
73.6666667,-0.515353024,0.358218193,0.04335602,-2.1499908,1.65955961,1.78073096,-1.13984013,1.07875824,9.65319487e-08,0.13672033,1.33299983,1.33299899,1.33299983,-0.00315631949,-0.478153408,0.422175974,-0.0973267704,0.0689102858,1.15321171,0.519668341,-1.79844938e-06,-2.3800676e-05,0.239206076,1.16281735e-05,2.2488588e-05,-1.15105649e-07,-0.515023589,0.360749245,0.0449477471,-2.15393901,1.65973532,1.77866888,-1.13996053,1.08813763,0.000223545343,0.160055682,1.33299983,1.33299983,1.33299983
73.7333333,-0.515459418,0.327724755,0.0705341324,-2.1561904,1.66393602,1.85456169,-1.10663533,1.07865262,2.63317673e-07,0.152595133,1.33299911,1.33299804,1.33299422,-0.00156650424,-0.437000901,0.38937065,-0.0908159018,0.0656988621,1.05693805,0.471591502,-2.03314767e-06,1.04238825e-05,0.229824275,1.44748919e-05,2.83806148e-05,-3.49245965e-09,-0.517574787,0.331049144,0.0681760684,-2.1600523,1.66450524,1.85293794,-1.10708809,1.0875628,0.000237547676,0.174795896,1.33299983,1.33299983,1.33299983
73.8,-0.51564914,0.300362885,0.0947102681,-2.16172481,1.66803694,1.92081249,-1.07721114,1.07865262,2.31375361e-06,0.16757375,1.33298981,1.3329916,1.33298028,-0.00568505889,-0.383657068,0.333185792,-0.0767346397,0.0591319613,0.925599515,0.407212406,-1.14865315e-07,0.000134756294,0.212766677,-2.83641348e-05,-1.94733948e-05,-2.41393827e-05,-0.519842088,0.304655552,0.0888184011,-2.16548514,1.66901696,1.91958475,-1.07787538,1.08705211,0.000249991164,0.187895104,1.33299983,1.33299983,1.33299983
73.8666667,-0.516218662,0.276982784,0.114466511,-2.16613579,1.67155349,1.97705173,-1.05259371,1.07865262,1.58783241e-05,0.181148648,1.33299077,1.33299255,1.33298135,-0.0126323486,-0.316942692,0.258483112,-0.0569964051,0.0506227314,0.758368492,0.327109545,-1.70431576e-07,0.000164067576,0.189054355,-3.57232639e-05,-2.56495186e-05,-3.29580034e-05,-0.521745086,0.282502025,0.106144577,-2.17004514,1.67299902,1.97598684,-1.05335569,1.08662355,0.000260435656,0.198889956,1.33299983,1.33299983,1.33299983
73.9333333,-0.517240524,0.258519858,0.128731877,-2.16909146,1.67460656,2.02099323,-1.03383851,1.07847655,3.03558227e-05,0.192812264,1.3329854,1.33299136,1.33297431,-0.0193642471,-0.235459551,0.169764161,-0.0324295536,0.0416599847,0.554983735,0.23367779,-2.16682793e-06,3.11563781e-06,0.156779215,-9.41442413e-05,-6.68681023e-05,-0.000108456734,-0.523203671,0.265522182,0.119424425,-2.17354035,1.67617941,2.019521,-1.03456223,1.08629489,0.000268440926,0.207317069,1.33299983,1.33299983,1.33299983
74,-0.518614948,0.245997086,0.136735186,-2.17034054,1.67691267,2.05001855,-1.02180815,1.07847655,4.22056874e-05,0.202022582,1.33295619,1.33296657,1.33294499,-0.0230019595,-0.138377041,0.0719902217,-0.0054457346,0.0276927091,0.311731339,0.125341445,-4.78209404e-06,4.99520247e-05,0.116947308,-0.00014653051,-9.879758e-05,-0.000180411982,-0.524137616,0.254649669,0.12792778,-2.17577839,1.67828691,2.04756522,-1.02252829,1.08608449,0.000273566839,0.212713122,1.33299983,1.33299983,1.33299983
74.0666667,-0.52004385,0.240470096,0.138024077,-2.16978049,1.67797351,2.06135011,-1.01744211,1.07847655,6.89221633e-05,0.208255574,1.33293819,1.33295512,1.332919,-0.0209635459,-0.0253775716,-0.0302687716,0.0217781365,0.00458606007,0.0247720778,0.00289963186,-2.69358634e-06,0.00025963306,0.0695522502,1.44118967e-05,2.80464737e-05,-4.92145773e-08,-0.524466753,0.250818014,0.130924493,-2.17656684,1.67904973,2.05749583,-1.01828742,1.08601034,0.000275373313,0.214614779,1.33299983,1.33299983,1.33299983
74.1333333,-0.517288983,0.242208987,0.126572073,-2.17221141,1.66004086,2.05009699,-1.03040457,1.07970643,0.00485175662,0.161651909,1.32435918,1.32480669,1.32513797,0.0715378821,0.0626969486,-0.230696112,-0.061855115,-0.211369008,-0.201644927,-0.287193775,-5.80164851e-06,0.0010618791,-0.528434634,-0.000300694839,-0.000652101298,5.41855115e-07,-0.524466753,0.250818014,0.130924493,-2.17656684,1.67904973,2.05749583,-1.01828742,1.15343177,0.0432225093,0.106043585,1.33299983,1.33299983,1.33299983
74.2,-0.510642767,0.248776615,0.10737364,-2.17862082,1.64665806,2.03240824,-1.06317186,1.08156526,0.0079634143,0.0962490216,1.3240732,1.32453799,1.32487571,0.112611376,0.127273396,-0.309700519,-0.112245366,-0.156738833,-0.280742317,-0.548400104,-4.46071135e-06,0.00101893395,-0.909399033,-0.00028850435,-0.00062404963,5.7258876e-07,-0.524466753,0.250818014,0.130924493,-2.17656684,1.67904973,2.05749583,-1.01828742,1.24616504,0.0705444887,0.00144332647,1.33299983,1.33299983,1.33299983
74.2666667,-0.503286898,0.258791327,0.0875435621,-2.18821025,1.63883913,2.01332545,-1.10786772,1.08031392,0.0106025431,0.0484691486,1.32403076,1.32450104,1.3248347,0.103190899,0.1717363,-0.273012429,-0.155448049,-0.0450226553,-0.268002212,-0.718091428,1.40691882e-05,-5.40518085e-05,-0.535532355,1.46864913e-05,3.66090389e-05,-1.04977516e-07,-0.524466753,0.250818014,0.130924493,-2.17656684,1.67904973,2.05749583,-1.01828742,1.1957804,0.0749739185,0,1.33299983,1.33299983,1.33299983
74.3333333,-0.496892065,0.271901548,0.0708235428,-2.19915605,1.63622642,1.9960444,-1.15958607,1.07034564,0.0256155394,0.0228670873,1.32403183,1.32451892,1.32484627,0.0856578499,0.219983384,-0.220566541,-0.157829165,0.00697268127,-0.229565874,-0.787437439,-0.0371477529,-9.58973542e-05,-0.248834893,5.77775063e-06,3.85948224e-05,2.79542292e-07,-0.524466753,0.250818014,0.130924493,-2.17656684,1.67904973,2.05749583,-1.01828742,1.0769459,0.073092714,0,1.33299983,1.33299983,1.33299983
74.4,-0.49290809,0.288797289,0.06080148,-2.20818257,1.63879681,1.98264623,-1.21324289,1.07214439,0.0250919163,0.0109315785,1.32402229,1.3245182,1.32484627,0.0402711555,0.282118499,-0.0964999199,-0.107795194,0.0735443607,-0.164054215,-0.818523228,-2.20182119e-06,8.08387995e-07,-0.117986448,-2.4482797e-06,5.22126356e-07,8.17890395e-08,-0.524466753,0.250818014,0.130924493,-2.17656684,1.67904973,2.05749583,-1.01828742,1.13909316,0.0761369616,0,1.33299983,1.33299983,1.33299983
74.4666667,-0.491786867,0.309628308,0.0586238466,-2.21354938,1.64398384,1.97327292,-1.26764381,1.07200038,0.0252195038,0.0051011187,1.32402277,1.32451904,1.32484627,0.00284071057,0.334303826,0.00757578854,-0.048792325,0.108499631,-0.122158438,-0.80910486,2.5950867e-06,4.71582753e-05,-0.0609018877,-1.71676656e-05,-3.13069468e-05,2.0256266e-08,-0.524466753,0.250818014,0.130924493,-2.17656684,1.67904973,2.05749583,-1.01828742,1.12669849,0.0872769356,0,1.33299983,1.33299983,1.33299983
74.5333333,-0.492479831,0.333194524,0.0617301427,-2.21538544,1.65215695,1.96658361,-1.32123053,1.07544017,0.023826465,4.6830105e-06,1.32945454,1.32988477,1.33011341,-0.0135726761,0.364727229,0.0600597933,0.00930314418,0.132389173,-0.112127408,-0.77781558,-8.86454291e-06,0.000786740566,9.48098459e-05,0.131908074,0.128263801,0.124151833,-0.524466753,0.250818014,0.130924493,-2.17656684,1.67904973,2.05749583,-1.01828742,1.22747922,0.0823758394,0,1.33299983,1.33299983,1.33299983
74.6,-0.49277696,0.357951105,0.064513281,-2.21220922,1.65759683,1.95810866,-1.37003255,1.07463968,0.0243271217,5.55723545e-06,1.33300006,1.33300006,1.33299994,0.00580030726,0.368359059,0.0193002112,0.0850812942,0.0790328309,-0.157477036,-0.685050845,-1.61042408e-07,1.41917844e-05,-7.66485755e-08,-7.52769483e-06,-1.07203496e-05,-4.31057015e-06,-0.524466753,0.250818014,0.130924493,-2.17656684,1.67904973,2.05749583,-1.01828742,1.17647481,0.105780557,0,1.33299983,1.33299983,1.33299983
74.6666667,-0.492012888,0.382296681,0.0649841279,-2.20485353,1.66028726,1.9477421,-1.41354895,1.07403255,0.024243461,1.30108292e-05,1.33300006,1.33300054,1.33300006,0.018847039,0.356254548,-0.0105156172,0.136454105,0.0318908319,-0.180886403,-0.608757019,2.79988308e-06,2.52550235e-05,5.42442504e-05,-1.21650119e-05,-1.86267571e-05,-6.06520416e-06,-0.524466753,0.250818014,0.130924493,-2.17656684,1.67904973,2.05749583,-1.01828742,1.12631917,0.0822969824,0,1.33299983,1.33299983,1.33299983
74.7333333,-0.48928085,0.405479789,0.0603914484,-2.19446373,1.65865064,1.9348613,-1.45132458,1.07639825,0.0234978292,8.00468752e-06,1.33299947,1.33300042,1.33300018,0.0572196059,0.335069865,-0.11307703,0.174163029,-0.0427626148,-0.23566255,-0.531761408,2.8512899e-05,0.000610031595,-0.000127549341,-0.000168312923,-0.000311132986,-0.00654435251,-0.524466753,0.250818014,0.130924493,-2.17656684,1.67904973,2.05749583,-1.01828742,1.24322653,0.0933069438,0,1.33299983,1.33299983,1.33299983
74.8,-0.486511707,0.424605072,0.0552033521,-2.18785071,1.67606342,1.93432558,-1.48808658,1.07659316,0.0232952852,0.00064028526,1.33299971,1.33299518,1.33300042,0.0405594558,0.2419606,-0.0847147554,0.0441208594,0.263065249,-0.0078350082,-0.524522007,-1.78418341e-05,-2.82274195e-05,6.70552254e-08,-3.80305428e-05,-0.000595868973,-3.25699511e-05,-0.524466753,0.250818014,0.130924493,-2.17656684,1.67904973,2.05749583,-1.01828742,1.24616504,0.0786846206,0,1.33299983,1.33299983,1.33299983
74.8666667,-0.484372646,0.436243981,0.0501573868,-2.1912992,1.69618797,1.93098998,-1.52711773,1.07656753,0.0235165283,0.000677338685,1.33300006,1.33300006,1.33300018,0.0247159395,0.120150708,-0.0660111234,-0.118044443,0.330295742,-0.0707878917,-0.604849517,1.61007047e-05,1.68597326e-05,-5.55301085e-08,4.216261e-06,3.19375613e-06,4.0921288e-05,-0.524466753,0.250818014,0.130924493,-2.17656684,1.67904973,2.05749583,-1.01828742,1.24616504,0.102781437,0,1.33299983,1.33299983,1.33299983
74.9333333,-0.483498514,0.439779133,0.0469569229,-2.20364833,1.71299243,1.93293917,-1.55844843,1.07583725,0.0236677546,0.000716335606,1.33287776,1.33286488,1.33288133,0.0056072399,-8.43846719e-05,-0.0358687602,-0.227909237,0.26112327,0.048921302,-0.432269573,0.000179226801,-0.000884639565,0.00740583148,0.000311564188,0.000317209924,0.000289211253,-0.524466753,0.250818014,0.130924493,-2.17656684,1.67904973,2.05749583,-1.01828742,1.18421471,0.0923299119,0,1.33299983,1.33299983,1.33299983
75,-0.483025014,0.436566383,0.043850325,-2.22256374,1.73430359,1.93434036,-1.59445858,1.07596755,0.0237636082,0.000755230139,1.33287585,1.3328625,1.33290017,0.0057133981,-0.0847347379,-0.0479408056,-0.315630645,0.336378604,0.0117215253,-0.544051409,-5.27248631e-06,-0.00093437254,9.12114047e-08,-3.19562241e-05,-2.58868386e-05,-2.89070595e-05,-0.524466753,0.250818014,0.130924493,-2.17656684,1.67904973,2.05749583,-1.01828742,1.2036823,0.10959179,0,1.33299983,1.33299983,1.33299983
75.0666667,-0.482861251,0.428597093,0.0408763885,-2.24584556,1.75670004,1.93675125,-1.63043809,1.07626987,0.0236813184,0.000787576602,1.33287442,1.33286035,1.33289957,-0.00174106483,-0.145693034,-0.0366601944,-0.365794569,0.348293334,0.0442764275,-0.525972247,-9.27337533e-06,-0.000879544881,-3.66708264e-09,-1.51484492e-05,-4.20601282e-07,-2.24607502e-05,-0.524466753,0.250818014,0.130924493,-2.17656684,1.67904973,2.05749583,-1.01828742,1.23588872,0.109431803,0,1.33299983,1.33299983,1.33299983
75.1333333,-0.483462542,0.418465883,0.0397123694,-2.27033877,1.7833662,1.94072533,-1.66969752,1.0757705,0.0240047351,0.000812375394,1.33286929,1.33285487,1.3328979,-0.0157829337,-0.157916948,-0.000219784328,-0.364061534,0.411004692,0.0675180778,-0.580897629,-1.32111745e-06,-3.15367943e-05,-4.88653313e-08,-1.84564851e-06,1.60295604e-05,-1.44881269e-05,-0.524466753,0.250818014,0.130924493,-2.17656684,1.67904973,2.05749583,-1.01828742,1.18214393,0.127763525,0,1.33299983,1.33299983,1.33299983
75.2,-0.485584199,0.40824914,0.042454917,-2.29376101,1.80890536,1.95138431,-1.70391655,1.07638061,0.0239001215,0.000822279195,1.33284771,1.33285046,1.33288348,-0.0424780063,-0.152435586,0.0692068785,-0.339584768,0.399437666,0.181276351,-0.496720523,-6.87011197e-06,-5.17125591e-05,-3.432433e-08,1.45668455e-05,3.38072568e-05,-3.18803359e-06,-0.524466753,0.250818014,0.130924493,-2.17656684,1.67904973,2.05749583,-1.01828742,1.24616504,0.127521858,0,1.33299983,1.33299983,1.33299983
75.2666667,-0.490394533,0.399328202,0.0524148792,-2.31394839,1.8389709,1.96687424,-1.738047,1.07530427,0.0243152678,0.000768493162,1.33281946,1.33283448,1.33285594,-0.091554746,-0.123512276,0.201322973,-0.27686587,0.472495556,0.256696761,-0.503825188,-6.63292303e-06,-0.000224288786,-0.10396596,6.41799998e-05,0.000139276846,-1.00512989e-06,-0.524466753,0.250818014,0.130924493,-2.17656684,1.67904973,2.05749583,-1.01828742,1.15447056,0.139596388,0,1.33299983,1.33299983,1.33299983
75.3333333,-0.497725725,0.393458575,0.0695967525,-2.32977223,1.87729549,1.98346615,-1.78047252,1.05793977,0.0304338895,0.000358478981,1.33290517,1.33292913,1.33299243,-0.118993051,-0.0651214942,0.28658703,-0.210358068,0.590546429,0.24752906,-0.630730569,-0.192837581,0.0808437988,-0.000156820592,2.80783206e-05,3.23961867e-05,2.04710304e-05,-0.524466753,0.250818014,0.130924493,-2.17656684,1.67904973,2.05749583,-1.01828742,1.04338157,0.111113995,0,1.33299983,1.33299983,1.33299983
75.4,-0.505730927,0.391274333,0.0896359906,-2.34002972,1.91224492,2.0075748,-1.81587458,1.02088356,0.0372800007,3.21171296e-06,1.33243108,1.33245456,1.33250988,-0.112445593,-0.0149604287,0.290488124,-0.122739948,0.525709629,0.352754891,-0.480028033,-0.412163198,0.000218793517,-1.970632e-05,5.98825864e-06,-0.00569320563,-8.60521686e-05,-0.524466753,0.250818014,0.130924493,-2.17656684,1.67904973,2.05749583,-1.01828742,0.956325769,0.129130304,0,1.33299983,1.33299983,1.33299983
75.4666667,-0.512485325,0.391710937,0.107881658,-2.34680104,1.94605267,2.03032851,-1.84935498,0.994809508,0.0378597155,5.18392699e-06,1.33242786,1.33244503,1.33249211,-0.0898373947,0.0155609809,0.252269089,-0.0931567028,0.512751698,0.302055269,-0.502228379,-0.259978205,-3.70371854e-05,-0.00690438226,-1.22924685e-05,1.61018106e-05,-2.75168568e-05,-0.524466753,0.250818014,0.130924493,-2.17656684,1.67904973,2.05749583,-1.01828742,0.936836958,0.143768564,0,1.33299983,1.33299983,1.33299983
75.5333333,-0.517528713,0.393402189,0.122834824,-2.35237861,1.97612226,2.05310678,-1.88054168,0.954689443,0.0390390754,5.00433998e-06,1.33224404,1.33231139,1.33234179,-0.0609539971,0.0265168641,0.192911893,-0.0831432492,0.457908988,0.300709337,-0.447407365,-0.554308355,-0.00048647949,6.63612809e-08,0.00548147783,-0.00620459579,0.00643309485,-0.524466753,0.250818014,0.130924493,-2.17656684,1.67904973,2.05749583,-1.01828742,0.86655426,0.155662134,0,1.33299983,1.33299983,1.33299983
75.6,-0.519826889,0.391264498,0.130208567,-2.35986638,2.00726557,2.0617063,-1.91258812,0.898817182,0.0413914546,0.0347335413,1.33288693,1.33289099,1.3328898,-0.0259345751,-0.104338095,0.0634247065,-0.14273493,0.419618726,0.0468872972,-0.425053686,-0.777337015,0.00662623346,0.467765003,-5.99654813e-05,-0.00010975069,1.02896593e-07,-0.524466753,0.250818014,0.130924493,-2.17656684,1.67904973,2.05749583,-1.01828742,0.809449673,0.147782207,0.0833210647,1.33299983,1.33299983,1.33299983
75.6666667,-0.520230234,0.382609725,0.130929887,-2.36830759,2.03412199,2.06773281,-1.93743622,0.890709579,0.0421181619,0.0979000852,1.33242118,1.33242285,1.33243239,0.00332694105,-0.149375007,-0.0177974515,-0.12469884,0.370889068,0.0665058717,-0.389929116,0.0001306177,-0.00228203251,0.84471339,-0.000617324142,-0.00128336088,1.08621316e-06,-0.524466753,0.250818014,0.130924493,-2.17656684,1.67904973,2.05749583,-1.01828742,0.894183755,0.158923224,0.187727571,1.33299983,1.33299983,1.33299983
75.7333333,-0.52104336,0.375131488,0.133398294,-2.37240672,2.05469775,2.08192778,-1.95852661,0.895913541,0.0419601426,0.12929146,1.33041215,1.33049941,1.33050036,-0.0142567083,-0.0976217389,0.0439409055,-0.0762979835,0.261447728,0.239162549,-0.315975696,0.0950218067,-0.00218871981,0.39374876,0.000658473757,0.00143263408,-1.16693263e-06,-0.524466753,0.250818014,0.130924493,-2.17656684,1.67904973,2.05749583,-1.01828742,0.935160279,0.167975307,0.171132371,1.33299983,1.33299983,1.33299983
75.8,-0.52223444,0.369686037,0.137751147,-2.37627435,2.08202219,2.09170699,-1.98685396,0.901758671,0.04173645,0.193778783,1.3329047,1.33290744,1.33292377,-0.0285023768,-0.0640272945,0.0986993313,-0.0380904041,0.423691183,0.144083887,-0.467302173,0.0370666534,0.00166958955,0.949169993,-0.000601874606,-0.00119399314,1.08458335e-06,-0.524466753,0.250818014,0.130924493,-2.17656684,1.67904973,2.05749583,-1.01828742,0.946025193,0.175330117,0.300659478,1.33299983,1.33299983,1.33299983
75.8666667,-0.525401533,0.366771936,0.148000762,-2.37593365,2.10908866,2.10667467,-2.01279521,0.90187037,0.0417648219,0.259633601,1.33250272,1.33255959,1.33255291,-0.0548227616,-0.0398037918,0.173937902,0.0133094443,0.439779133,0.196571156,-0.406406552,0.000126965228,0.00931179523,1.00000203,-0.0057473965,-0.00617674738,-0.00277762115,-0.524466753,0.250818014,0.130924493,-2.17656684,1.67904973,2.05749583,-1.01828742,0.913496137,0.181305915,0.409506232,1.33299983,1.33299983,1.33299983
75.9333333,-0.529671073,0.364690423,0.161330104,-2.37294507,2.13529396,2.12589836,-2.03522611,0.901683748,0.0378252938,0.323292673,1.3318032,1.33184993,1.33190191,-0.0487611853,-0.0902148858,0.130510703,-0.0107707921,0.307281673,0.198671669,-0.263837069,6.3342799e-05,-0.293657154,0.636716902,-0.000326122856,-0.000688637141,5.9674494e-07,-0.524466753,0.250818014,0.130924493,-2.17656684,1.67904973,2.05749583,-1.01828742,0.91340518,0.186161235,0.480113983,1.33299983,1.33299983,1.33299983
76,-0.533263087,0.35699743,0.169663116,-2.37831163,2.15856409,2.13471961,-2.06383014,0.884184718,0.0426568054,0.387900919,1.33177817,1.33185661,1.33192801,-0.0504276827,-0.111182034,0.120860159,-0.0901504979,0.431968093,0.103751726,-0.472872913,-0.178139687,-0.000424416736,0.991122544,1.43879734e-05,4.79938462e-05,-7.24685378e-08,-0.524466753,0.250818014,0.130924493,-2.17656684,1.67904973,2.05749583,-1.01828742,0.847515941,0.190106198,0.555313051,1.33299983,1.33299983,1.33299983
76.0666667,-0.536657393,0.35053733,0.178156585,-2.38458681,2.18831658,2.14080453,-2.10042381,0.855428159,0.0435609445,0.446305156,1.33165514,1.3317318,1.33180547,-0.0413217247,-0.111062482,0.0958722308,-0.116432205,0.445710391,0.0214408468,-0.531262279,-0.387274802,0.0013384223,0.623653591,-0.000452016946,-0.000921107829,-3.73974908e-05,-0.524466753,0.250818014,0.130924493,-2.17656684,1.67904973,2.05749583,-1.01828742,0.793980956,0.183684409,0.57234323,1.33299983,1.33299983,1.33299983
76.1333333,-0.539750755,0.344648242,0.186165333,-2.39047194,2.21882701,2.145437,-2.13729119,0.82676357,0.0418122038,0.493136019,1.33095801,1.33103907,1.33112252,-0.0499030501,-0.0823962539,0.130004257,-0.0665170476,0.415473998,0.0771823898,-0.508748114,-0.284276068,-0.144730464,0.653045833,-0.000145760598,-0.000282776193,-1.75789464e-05,-0.524466753,0.250818014,0.130924493,-2.17656684,1.67904973,2.05749583,-1.01828742,0.750483871,0.188093767,0.61001277,1.33299983,1.33299983,1.33299983
76.2,-0.546143532,0.339800745,0.201263458,-2.39818001,2.24207711,2.15429091,-2.17279172,0.802434027,0.0372305028,0.453200132,1.32849801,1.32860446,1.32877779,-0.118746839,-0.0694667697,0.276261449,-0.152519673,0.417080194,0.113456234,-0.574396431,-0.25698027,-0.000318337232,-0.489705503,8.19042907e-05,0.000134309055,-1.62646757e-07,-0.524466753,0.250818014,0.130924493,-2.17656684,1.67904973,2.05749583,-1.01828742,0.715142369,0.176938087,0.410918266,1.33299983,1.33299983,1.33299983
76.2666667,-0.554644227,0.335158795,0.221503317,-2.40591884,2.27920651,2.16085434,-2.2156477,0.781567574,0.0306885839,0.458914042,1.33246946,1.33253038,1.33272839,-0.0878311843,-0.130020857,0.171445712,-0.166857958,0.423814356,0.147987053,-0.6272434,-0.495716512,-0.000198385213,-0.275985628,-0.0679996386,-0.0694569498,-0.0684872046,-0.524466753,0.250818014,0.130924493,-2.17656684,1.67904973,2.05749583,-1.01828742,0.693293333,0.182612374,0.499091506,1.33299983,1.33299983,1.33299983
76.3333333,-0.560139477,0.326513857,0.232050091,-2.41812539,2.31117177,2.16261983,-2.25165009,0.769931614,0.0302080978,0.487449288,1.33222854,1.33225811,1.33159816,-0.0814143568,-0.119052038,0.160086319,-0.177298531,0.46614477,0.0264121965,-0.507225037,-0.0540518314,-0.000190996099,0.457621813,0.0001357781,0.00750836451,-0.00127809774,-0.524466753,0.250818014,0.130924493,-2.17656684,1.67904973,2.05749583,-1.01828742,0.696956992,0.166685447,0.560853064,1.33299983,1.33299983,1.33299983
76.4,-0.564650893,0.319836855,0.241524518,-2.42942309,2.34475017,2.16157651,-2.28384018,0.770587623,0.0299495906,0.52767992,1.33231354,1.33233964,1.33169353,-0.0573086999,-0.0879453346,0.127242312,-0.165373757,0.528401613,-0.0591499545,-0.500105262,-0.0393231586,9.62233171e-05,0.336057454,-0.000114994589,-0.000122254947,-0.000118720578,-0.524466753,0.250818014,0.130924493,-2.17656684,1.67904973,2.05749583,-1.01828742,0.757615507,0.149228856,0.620913506,1.33299983,1.33299983,1.33299983
76.4666667,-0.568558633,0.314847767,0.250793517,-2.43834138,2.37989426,2.15951586,-2.31716442,0.767409265,0.028548358,0.558864355,1.33225453,1.33228135,1.33165216,-0.0590924844,-0.085439913,0.130925223,-0.122212,0.485500008,-0.0398281477,-0.433776498,0.0269814543,0.000198220834,0.54342097,-2.94449273e-05,-0.000132608227,2.63254624e-05,-0.524466753,0.250818014,0.130924493,-2.17656684,1.67904973,2.05749583,-1.01828742,0.720936835,0.150982037,0.669712603,1.33299983,1.33299983,1.33299983
76.5333333,-0.572896481,0.309739619,0.260521233,-2.44574213,2.40936518,2.15943336,-2.34621453,0.770918787,0.028302934,0.582558692,1.33236241,1.33239436,1.33176076,-0.0716722384,-0.0759828538,0.154437348,-0.110498779,0.359540492,0.029771341,-0.400384098,0.0271067005,-0.0186517462,0.162382185,0.00016376609,0.000347719993,-2.65892595e-07,-0.524466753,0.250818014,0.130924493,-2.17656684,1.67904973,2.05749583,-1.01828742,0.792231798,0.117843613,0.652731955,1.33299983,1.33299983,1.33299983
76.6,-0.578157961,0.303690434,0.270867974,-2.45625949,2.43519568,2.15911889,-2.37578273,0.770400167,0.0294399392,0.564182222,1.33245599,1.33248484,1.33184886,-0.083360076,-0.0986979976,0.156983137,-0.185654521,0.427251488,-0.0398151763,-0.456235141,2.98409723e-05,0.000188648701,-0.215702921,-0.000127359526,-0.000269221142,2.65426934e-07,-0.524466753,0.250818014,0.130924493,-2.17656684,1.67904973,2.05749583,-1.01828742,0.749062657,0.134598121,0.57928592,1.33299983,1.33299983,1.33299983
76.6666667,-0.584285617,0.297618479,0.282719135,-2.46937346,2.46571779,2.15613699,-2.41022515,0.768289089,0.0291605126,0.52631408,1.33252919,1.33254719,1.33192098,-0.0951218233,-0.0912537947,0.183387458,-0.202175438,0.48871392,-0.0530909672,-0.513029337,-0.0450564809,0.000264909118,-0.399986356,-0.00742574548,-0.0057844799,0.000187194673,-0.524466753,0.250818014,0.130924493,-2.17656684,1.67904973,2.05749583,-1.01828742,0.713987648,0.132549107,0.515694678,1.33299983,1.33299983,1.33299983
76.7333333,-0.590552032,0.291672409,0.294762552,-2.48287225,2.49943781,2.15085173,-2.44451261,0.765553892,0.0284674112,0.528205216,1.33264208,1.33265781,1.33202815,-0.0930528268,-0.0867420956,0.178682446,-0.200612009,0.507516265,-0.0768477097,-0.484086454,1.38465111e-05,0.000743560493,0.096722126,-0.000238300418,-0.00051848148,4.95929271e-07,-0.524466753,0.250818014,0.130924493,-2.17656684,1.67904973,2.05749583,-1.01828742,0.685489237,0.146546334,0.569536626,1.33299983,1.33299983,1.33299983
76.8,-0.595041215,0.287590951,0.30420652,-2.49662971,2.53340197,2.14078522,-2.47484541,0.765254319,0.0286213625,0.531371117,1.33274972,1.3327626,1.33212984,-0.0494909845,-0.0438224003,0.116908476,-0.206147492,0.522842109,-0.199507445,-0.441786081,0.00026975607,-0.00301318895,-0.0248848721,0.00319208112,0.00326157687,0.00307447533,-0.524466753,0.250818014,0.130924493,-2.17656684,1.67904973,2.05749583,-1.01828742,0.662334263,0.157919094,0.572155535,1.33299983,1.33299983,1.33299983
76.8666667,-0.599684238,0.285485625,0.315056652,-2.50916529,2.56352711,2.13367939,-2.49899006,0.765461385,0.0291032623,0.468483269,1.33148527,1.33128583,1.33083367,-0.0773476809,-0.0273789093,0.182646632,-0.175831705,0.486754417,-0.12168467,-0.353691787,-3.50171467e-06,9.19201411e-05,-0.788807571,0.000320337916,-0.00574044976,0.00763660576,-0.524466753,0.250818014,0.130924493,-2.17656684,1.67904973,2.05749583,-1.01828742,0.643520832,0.163630143,0.405881703,1.33299983,1.33299983,1.33299983
76.9333333,-0.603299916,0.283916146,0.32413882,-2.5227356,2.59689021,2.1201551,-2.52824497,0.763134599,0.0284294449,0.43121621,1.33155739,1.33135617,1.33127236,-0.045870509,-0.0207648147,0.119723484,-0.209157079,0.498263359,-0.244963542,-0.412413746,-4.11004294e-06,-0.00196026871,-0.341956466,6.97374344e-05,0.000146602455,-1.10885594e-07,-0.524466753,0.250818014,0.130924493,-2.17656684,1.67904973,2.05749583,-1.01828742,0.628234982,0.171799675,0.41602236,1.33299983,1.33299983,1.33299983
77,-0.605844378,0.283125699,0.331467062,-2.53571033,2.62933469,2.10343719,-2.5533917,0.763622761,0.0286284313,0.436231196,1.33164358,1.33144212,1.33135629,-0.0346452743,-0.0112246433,0.10162469,-0.187661633,0.463784397,-0.241922542,-0.348736078,3.16691876e-06,-0.00186786172,0.116895646,1.93574233e-05,3.82708386e-05,-5.89061528e-08,-0.524466753,0.250818014,0.130924493,-2.17656684,1.67904973,2.05749583,-1.01828742,0.665488958,0.178437412,0.469177246,1.33299983,1.33299983,1.33299983
77.0666667,-0.608489394,0.282602072,0.339015394,-2.54793739,2.66059852,2.08559847,-2.58075547,0.763371348,0.0283987727,0.461271942,1.33174384,1.33154345,1.33145833,-0.0409430154,-0.00617624028,0.116022505,-0.177978382,0.46173954,-0.259303957,-0.40613842,9.70816473e-07,0.0307867713,0.330434144,0.000807186705,0.00634736568,2.29454599e-07,-0.524466753,0.250818014,0.130924493,-2.17656684,1.67904973,2.05749583,-1.01828742,0.646084011,0.168649957,0.519194305,1.33299983,1.33299983,1.33299983
77.1333333,-0.613008738,0.281275153,0.349602014,-2.55790806,2.69120002,2.07407522,-2.60429835,0.764969587,0.0285679121,0.482808918,1.33125913,1.3310039,1.33098316,-0.082634069,-0.0276753865,0.183646351,-0.127100334,0.488333672,-0.134279266,-0.317897528,-1.93588785e-05,1.85598619e-05,0.271030635,1.89812854e-05,1.47952233e-06,4.13516536e-05,-0.524466753,0.250818014,0.130924493,-2.17656684,1.67904973,2.05749583,-1.01828742,0.762558281,0.165229812,0.553869128,1.33299983,1.33299983,1.33299983
77.2,-0.617951274,0.280149907,0.361276209,-2.56530261,2.72407699,2.06318808,-2.63089991,0.764678359,0.0284530558,0.513269663,1.33124626,1.33261895,1.33273542,-0.0785064772,-0.0286217723,0.171693534,-0.108483933,0.460398048,-0.174546242,-0.369466633,0.0341118164,4.48590145e-05,0.491110682,1.52853318e-07,0.0534638837,0.0533599891,-0.524466753,0.250818014,0.130924493,-2.17656684,1.67904973,2.05749583,-1.01828742,0.724952877,0.168234408,0.595544338,1.33299983,1.33299983,1.33299983
77.2666667,-0.621918619,0.279482543,0.371166438,-2.57158899,2.75327182,2.05228043,-2.65376282,0.764088213,0.0283193663,0.545188725,1.33133006,1.332932,1.33300102,-0.0534870028,-0.000989911263,0.142606169,-0.0837456882,0.414741188,-0.167362675,-0.326267898,1.19107281e-05,-6.26305118e-05,0.466583371,1.95044558e-05,-6.30704453e-05,-5.26606527e-08,-0.524466753,0.250818014,0.130924493,-2.17656684,1.67904973,2.05749583,-1.01828742,0.694398522,0.175540641,0.626473546,1.33299983,1.33299983,1.33299983
77.3333333,-0.627732813,0.279224664,0.384617597,-2.57974958,2.77672148,2.046381,-2.6756568,0.764344335,0.0287151542,0.484626025,1.32855284,1.32984984,1.33001018,-0.0866396055,0.00523392903,0.210118875,-0.133447364,0.412252873,-0.131911635,-0.348137885,1.87297701e-06,-0.000165506266,-0.793330669,6.13147859e-06,3.87952605e-05,-3.92901711e-08,-0.524466753,0.250818014,0.130924493,-2.17656684,1.67904973,2.05749583,-1.01828742,0.669573009,0.171383545,0.424292684,1.33299983,1.33299983,1.33299983
77.4,-0.633294284,0.279425889,0.397962958,-2.59002423,2.80649948,2.03155494,-2.70492864,0.761954844,0.0286372472,0.477174401,1.33040559,1.33152354,1.33182263,-0.0396690369,0.0132729895,0.0361958072,-0.0870527998,-4.00665667e-05,-0.126047373,-0.213196337,-6.61425292e-06,0.166157171,-0.242036194,-0.144695178,-0.147243544,-0.143420041,-0.524466753,0.250818014,0.130924493,-2.17656684,1.67904973,2.05749583,-1.01828742,0.64940232,0.178099304,0.509958208,1.33299983,1.33299983,1.33299983
77.4666667,-0.636420667,0.282275647,0.400076568,-2.59712744,2.80649638,2.01681924,-2.72070003,0.761714876,0.0283419937,0.455033541,1.32829058,1.32928503,1.32965946,-0.0587635785,0.0684961751,0.044073306,-0.0978602692,-0.000436688541,-0.273673773,-0.223533794,1.46581151e-05,0.000151566695,-0.23336032,-5.3761818e-05,-0.000110976631,1.30035914e-07,-0.524466753,0.250818014,0.130924493,-2.17656684,1.67904973,2.05749583,-1.01828742,0.633013666,0.183555871,0.455485165,1.33299983,1.33299983,1.33299983
77.5333333,-0.638120055,0.289246291,0.398753405,-2.60191727,2.80649853,1.99385512,-2.72541142,0.762409925,0.0283124149,0.474327981,1.32900417,1.32939172,1.32976258,-0.0238124058,0.130469143,-0.0135057094,-0.0468244143,-0.000100441328,-0.356790394,-0.0468846858,-0.0287954286,0.0004536286,0.24026975,-0.000188181759,-0.00033642468,-1.80520583e-05,-0.524466753,0.250818014,0.130924493,-2.17656684,1.67904973,2.05749583,-1.01828742,0.702219248,0.187989324,0.535302103,1.33299983,1.33299983,1.33299983
77.6,-0.640338778,0.297336698,0.398884594,-2.60971451,2.80648851,1.96710825,-2.73545885,0.762415648,0.0286480021,0.414789587,1.32896042,1.32935977,1.32972109,-0.00586303091,0.141714722,-0.0457644314,-0.122818716,-0.000512354542,-0.426005155,-0.180742472,0.0270529035,4.03262675e-06,-0.751520157,-1.19701144e-05,-9.73421265e-06,8.91741365e-08,-0.524466753,0.250818014,0.130924493,-2.17656684,1.67904973,2.05749583,-1.01828742,0.675927401,0.182317734,0.350215852,1.33299983,1.33299983,1.33299983
77.6666667,-0.638245583,0.308535278,0.391484141,-2.61561966,2.80649829,1.93302739,-2.74512792,0.76261723,0.0283060782,0.418047696,1.3329531,1.33262444,1.3326354,0.0109193008,0.193250686,-0.0504265204,-0.0578405671,0.00313141686,-0.489779741,-0.140893057,-2.08504498e-05,-0.0800839216,0.179661646,-5.71434794e-05,-6.09182753e-05,1.39756594e-07,-0.524466753,0.250818014,0.130924493,-2.17656684,1.67904973,2.05749583,-1.01828742,0.697658777,0.149408683,0.449770808,1.33299983,1.33299983,1.33299983
77.7333333,-0.638057053,0.320432186,0.388986051,-2.6194787,2.80649829,1.90940082,-2.74432468,0.778045893,0.031964574,0.367660254,1.33118594,1.33069992,1.33059335,0.000780256407,0.171030402,-0.0432223082,-0.0485003665,0.00244301022,-0.342142105,0.0357062854,0.225817859,0.000216163229,-0.567725956,-0.00029110568,-0.000279385014,0.0021790429,-0.524466753,0.250818014,0.130924493,-2.17656684,1.67904973,2.05749583,-1.01828742,0.802805603,0.160244748,0.321784258,1.33299983,1.33299983,1.33299983
77.8,-0.640397429,0.330150694,0.38924104,-2.62285924,2.80648756,1.8894254,-2.74497914,0.793472528,0.0348948091,0.342110783,1.33124435,1.33075202,1.33064699,-0.0619597584,0.12378379,0.0328946859,-0.0490550064,0.00381465163,-0.265614092,-0.00177909411,0.149261832,-0.0183441788,-0.244156033,0.000771090854,0.000789019745,7.06163701e-06,-0.524466753,0.250818014,0.130924493,-2.17656684,1.67904973,2.05749583,-1.01828742,0.820526481,0.169049039,0.333351374,1.33299983,1.33299983,1.33299983
77.8666667,-0.64669615,0.336743981,0.393257231,-2.62649393,2.80649114,1.87100029,-2.74883461,0.832176328,0.0424968638,0.362066329,1.33201468,1.33153391,1.33127713,-0.11605563,0.0854365304,0.0872673467,-0.0398327671,0.00100176071,-0.194060922,-0.0898051709,0.663562119,0.0803232417,0.296262413,1.39399199e-05,2.87878793e-05,-2.08383426e-08,-0.524466753,0.250818014,0.130924493,-2.17656684,1.67904973,2.05749583,-1.01828742,0.907424331,0.137737125,0.408583403,1.33299983,1.33299983,1.33299983
77.9333333,-0.654893994,0.340940297,0.399191916,-2.63268089,2.80649853,1.85894406,-2.75980639,0.874001563,0.0425182432,0.307843506,1.33212769,1.33164728,1.33140993,-0.106560104,0.0609140731,0.0485242978,-0.0915282816,0.00364392623,-0.145596728,-0.1495381,0.427857637,-0.0760520697,-0.639752626,-0.000265576644,-0.000588533236,5.25003998e-07,-0.524466753,0.250818014,0.130924493,-2.17656684,1.67904973,2.05749583,-1.01828742,0.942521393,0.127414569,0.251974344,1.33299983,1.33299983,1.33299983
78,-0.667070031,0.341680288,0.409630746,-2.63700008,2.80649948,1.86223137,-2.7613461,0.875902236,0.0425301082,0.254303664,1.33170283,1.33120811,1.33096898,-0.221849903,-0.0149643114,0.202430442,-0.0434897505,5.53411301e-05,0.144635051,0.0401252471,0.0281362273,-0.000200349576,-0.546334624,9.09103983e-05,0.000141701908,-1.47207174e-07,-0.524466753,0.250818014,0.130924493,-2.17656684,1.67904973,2.05749583,-1.01828742,0.871172905,0.142374516,0.205254301,1.33299983,1.33299983,1.33299983
78.0666667,-0.682241261,0.339563817,0.423230708,-2.64141631,2.8064971,1.87059522,-2.75875211,0.860298812,0.043504905,0.210149378,1.33168352,1.33118916,1.33093905,-0.218895704,-0.0309475996,0.18996942,-0.0632052794,-9.54922289e-05,0.140515059,0.0613881759,-0.227275357,0.0828909501,-0.466489494,-3.01131222e-05,-9.05691122e-05,5.37547749e-08,-0.524466753,0.250818014,0.130924493,-2.17656684,1.67904973,2.05749583,-1.01828742,0.820587277,0.133731231,0.166004077,1.33299983,1.33299983,1.33299983
78.1333333,-0.692373693,0.340154797,0.430674553,-2.64320898,2.80649757,1.86746812,-2.74597883,0.834662139,0.043521814,0.24737601,1.33299875,1.33299947,1.33294582,-0.111917503,0.0346041992,0.0816529542,-0.0041482239,-0.000107167754,-0.0593673736,0.205991358,-0.209338188,-0.0807349831,0.482105523,-8.52333324e-05,-0.000162676675,1.63196091e-07,-0.524466753,0.250818014,0.130924493,-2.17656684,1.67904973,2.05749583,-1.01828742,0.772101521,0.132417619,0.300098717,1.33299983,1.33299983,1.33299983
78.2,-0.700320899,0.34086439,0.436219513,-2.64124775,2.80649757,1.86713743,-2.73248053,0.811696112,0.0386303589,0.310594857,1.33296168,1.33296323,1.3329041,-0.116715819,0.00353722507,0.0828678235,0.0495888628,0.00417755404,0.0215993617,0.188033968,-0.26763463,-0.078939639,0.884349585,-0.000417310977,-0.000903451699,8.18428816e-07,-0.524466753,0.250818014,0.130924493,-2.17656684,1.67904973,2.05749583,-1.01828742,0.732706785,0.138966054,0.409050584,1.33299983,1.33299983,1.33299983
78.2666667,-0.703040361,0.344548613,0.436734945,-2.63902235,2.80649614,1.85873544,-2.72543144,0.807524085,0.0376864895,0.358331203,1.33300078,1.33300078,1.3330009,0.0262307003,0.0885091051,-0.0739383847,-0.014969917,0.000751389598,-0.241655827,0.0478323847,0.0325541422,-0.00029429514,0.601271808,6.70895679e-05,0.00017132028,-1.62195647e-07,-0.524466753,0.250818014,0.130924493,-2.17656684,1.67904973,2.05749583,-1.01828742,0.775059938,0.151760101,0.438451231,1.33299983,1.33299983,1.33299983
78.3333333,-0.69917202,0.352933615,0.431564987,-2.63821626,2.80648971,1.84428668,-2.71714449,0.800048769,0.0364169218,0.359387487,1.33283246,1.33282101,1.33283007,0.084012799,0.15238452,-0.0971670002,0.0306744166,0.0040929825,-0.249901772,0.1340442,-0.148533791,-0.0775623322,-6.01634383e-07,0.000308127317,0.000344706059,0.00028194167,-0.524466753,0.250818014,0.130924493,-2.17656684,1.67904973,2.05749583,-1.01828742,0.735110462,0.1568418,0.374548316,1.33299983,1.33299983,1.33299983
78.4,-0.689826727,0.365383178,0.420217186,-2.63745832,2.80649018,1.81786275,-2.715909,0.781650305,0.032535512,0.360110164,1.33300078,1.33300126,1.33300114,0.180686072,0.189986929,-0.235989541,-0.0429115705,0.00312449317,-0.512268305,-0.00318635628,-0.301346779,-9.16796271e-05,-0.114538893,3.44117871e-05,6.58287754e-05,-7.56372174e-08,-0.524466753,0.250818014,0.130924493,-2.17656684,1.67904973,2.05749583,-1.01828742,0.702651501,0.166284159,0.380119473,1.33299983,1.33299983,1.33299983
78.4666667,-0.675052941,0.380660832,0.402917117,-2.64258671,2.806499,1.78204632,-2.7192018,0.769089162,0.029808471,0.298081368,1.33275115,1.33275878,1.33277857,0.262685299,0.268552959,-0.310448945,-0.0778259709,-0.000238887646,-0.617206514,-0.0577933788,1.26659943e-05,0.0001459755,-0.803184032,-5.62455389e-05,-0.000108840468,8.62637535e-08,-0.524466753,0.250818014,0.130924493,-2.17656684,1.67904973,2.05749583,-1.01828742,0.676278651,0.138635531,0.22412999,1.33299983,1.33299983,1.33299983
78.5333333,-0.658687115,0.39980042,0.385273904,-2.64589643,2.80649924,1.74953699,-2.71575522,0.767366648,0.0294064991,0.231529236,1.33267415,1.33266675,1.3326993,0.230083808,0.298166782,-0.235509619,-0.0404874459,-4.52506501e-05,-0.449034452,0.0892558917,5.77875653e-06,-0.000705001294,-0.998773694,-1.22712518e-05,-2.30392616e-05,1.62108336e-08,-0.524466753,0.250818014,0.130924493,-2.17656684,1.67904973,2.05749583,-1.01828742,0.654850662,0.138215885,0.124491073,1.33299983,1.33299983,1.33299983
78.6,-0.646379888,0.418686062,0.372030079,-2.64635587,2.80648613,1.71954584,-2.70483041,0.7661044,0.0292797983,0.22756201,1.33263695,1.33263791,1.33265543,0.138006777,0.248660967,-0.151082307,-0.00401716027,-0.000400569872,-0.450960666,0.20029366,1.70003623e-05,0.000192306587,-4.30736691e-08,-2.99390522e-05,-0.000130349072,3.15119396e-05,-0.524466753,0.250818014,0.130924493,-2.17656684,1.67904973,2.05749583,-1.01828742,0.637440443,0.151150599,0.241195992,1.33299983,1.33299983,1.33299983
78.6666667,-0.640176475,0.433009177,0.365696758,-2.64720178,2.80648851,1.7017889,-2.68828487,0.765892625,0.0291480497,0.175918043,1.3308934,1.33086121,1.33089328,0.0587058887,0.188603759,-0.0674449801,-0.0306666903,-0.000308803748,-0.261268079,0.27310276,2.16960725e-05,-0.00121480413,-0.573285222,-8.90685769e-05,-0.000185618264,1.77969923e-07,-0.524466753,0.250818014,0.130924493,-2.17656684,1.67904973,2.05749583,-1.01828742,0.623294652,0.137869328,0.123923406,1.33299983,1.33299983,1.33299983
78.7333333,-0.638147831,0.443941593,0.362619281,-2.64954066,2.80648947,1.68800056,-2.670187,0.766740084,0.0294353012,0.145855695,1.330639,1.33060145,1.33071184,0.00436733104,0.142444089,-0.020767618,-0.0486149676,-0.000414749607,-0.210679427,0.26941511,1.66880454e-05,0.00022317213,-0.279312879,-7.22940313e-05,-0.00015755494,1.54526788e-07,-0.524466753,0.250818014,0.130924493,-2.17656684,1.67904973,2.05749583,-1.01828742,0.69045186,0.150869012,0.123692669,1.33299983,1.33299983,1.33299983
78.8,-0.640095592,0.451907128,0.363185942,-2.65241766,2.806499,1.6801821,-2.65764809,0.766463697,0.0291944407,0.110409483,1.33062124,1.3305794,1.33068407,-0.0607788786,0.0970868394,0.0371734463,-0.0479753017,0.000110141715,-0.112768061,0.170035318,-3.52612551e-06,0.000254014652,-0.385167837,2.47055141e-05,4.72942775e-05,-5.45987859e-08,-0.524466753,0.250818014,0.130924493,-2.17656684,1.67904973,2.05749583,-1.01828742,0.672482371,0.127753749,0.0783649087,1.33299983,1.33299983,1.33299983
78.8666667,-0.647738814,0.455150694,0.367631346,-2.65447497,2.80649471,1.67227209,-2.64524984,0.76626426,0.0293177422,0.150385961,1.33054674,1.33048809,1.33033717,-0.165460899,-0.00366651104,0.118974403,-0.0168172102,0.000260828994,-0.0621071272,0.198450491,6.23166561e-05,0.00478258356,0.694097877,0.00128290616,0.00251024216,0.00385519909,-0.524466753,0.250818014,0.130924493,-2.17656684,1.67904973,2.05749583,-1.01828742,0.651766181,0.142650098,0.228891879,1.33299983,1.33299983,1.33299983
78.9333333,-0.662050009,0.451964289,0.380193561,-2.65460944,2.80648565,1.68287396,-2.63620639,0.776124954,0.0315923728,0.15895392,1.32857692,1.32855046,1.328421,-0.252215624,-0.0773230344,0.230394751,-0.00756927906,0.00393063622,0.18245998,0.107833624,0.0995513275,0.0012087822,0.13281621,-0.000392132759,-0.000832570018,8.21164576e-07,-0.524466753,0.250818014,0.130924493,-2.17656684,1.67904973,2.05749583,-1.01828742,0.789797306,0.1484745,0.178551897,1.33299983,1.33299983,1.33299983
79,-0.680319548,0.44578746,0.398145616,-2.65638065,2.80649137,1.70439947,-2.63317728,0.779577255,0.0324571505,0.112523094,1.32480919,1.324844,1.3250649,-0.285849571,-0.0969910845,0.273398072,-0.0473272167,-0.00434850063,0.296398789,0.0386053436,0.0470215455,0.0763293132,-0.537743032,0.000342642074,0.00073985185,-7.37898517e-07,-0.524466753,0.250818014,0.130924493,-2.17656684,1.67904973,2.05749583,-1.01828742,0.773504794,0.159485713,0.060356319,1.33299983,1.33299983,1.33299983
79.0666667,-0.701990664,0.436516821,0.417140782,-2.65917158,2.80649018,1.72301233,-2.63106918,0.785145998,0.0337005444,0.153015658,1.32658315,1.32693458,1.32706678,-0.357693195,-0.171088055,0.324472338,-0.0400147438,0.00393709261,0.328199148,0.0414728783,0.109671026,0.00256852806,0.558074117,-0.000406902516,-0.000865245238,8.94273398e-07,-0.524466753,0.250818014,0.130924493,-2.17656684,1.67904973,2.05749583,-1.01828742,0.783100009,0.168432325,0.214259908,1.33299983,1.33299983,1.33299983
79.1333333,-0.726180494,0.425623059,0.440570414,-2.66006112,2.80649567,1.75505209,-2.63125587,0.812188983,0.0391564369,0.132016972,1.32436585,1.32471371,1.32492661,-0.36710459,-0.156283021,0.359208137,-0.00445630914,0.0042024334,0.460667968,-0.031267155,0.368859172,0.000959537923,-0.252234668,-0.000369889924,-0.000752611202,8.00617272e-07,-0.524466753,0.250818014,0.130924493,-2.17656684,1.67904973,2.05749583,-1.01828742,0.855802894,0.175701454,0.109383315,1.33299983,1.33299983,1.33299983
79.2,-0.751034081,0.41509828,0.465901703,-2.66113567,2.80647588,1.78837419,-2.63624835,0.816433787,0.0402946435,0.0734939724,1.32436693,1.32471669,1.32491314,-0.373957932,-0.156795159,0.383138359,-0.0273117144,-0.000153208384,0.479170978,-0.0636334643,-0.0302892569,0.000150564592,-0.681449056,-7.87544122e-05,-0.000117343981,1.2779492e-07,-0.524466753,0.250818014,0.130924493,-2.17656684,1.67904973,2.05749583,-1.01828742,0.800714135,0.181607619,0.00415685773,1.33299983,1.33299983,1.33299983
79.2666667,-0.775248051,0.40423128,0.488892466,-2.66216564,2.806499,1.81763625,-2.63820934,0.815142035,0.0395450816,0.0802932456,1.32864177,1.3289516,1.32927608,-0.355433553,-0.169464648,0.331412494,0.000135790528,0.000101985876,0.459417403,-0.0126395281,-1.75499736e-07,1.64262019e-07,0.10943532,0.0699673072,0.0695568472,0.0724362805,-0.524466753,0.250818014,0.130924493,-2.17656684,1.67904973,2.05749583,-1.01828742,0.773853242,0.144189641,0.0912175328,1.33299983,1.33299983,1.33299983
79.3333333,-0.798835695,0.392149061,0.510883987,-2.65927482,2.80649209,1.8488934,-2.63595462,0.822041929,0.0410261042,0.11950212,1.33260322,1.33286881,1.33299994,-0.353775114,-0.190097213,0.340633541,0.0759929568,0.0011890498,0.51587981,0.0383191891,0.0462817699,3.04343557e-05,0.443994939,-2.63679249e-06,-1.55554153e-05,-8.06903699e-09,-0.524466753,0.250818014,0.130924493,-2.17656684,1.67904973,2.05749583,-1.01828742,0.82253468,0.15600428,0.16617547,1.33299983,1.33299983,1.33299983
79.4,-0.82447201,0.378106177,0.538106382,-2.6545589,2.80648375,1.8855896,-2.63104224,0.846713543,0.0447698981,0.117744058,1.33261836,1.33288479,1.33300114,-0.40517047,-0.224547401,0.444460183,0.0654185712,-0.00291645853,0.56385541,0.0261221305,0.211117774,0.00355951465,-0.0511491038,-0.0033635085,-0.00354864215,-0.00309228338,-0.524466753,0.250818014,0.130924493,-2.17656684,1.67904973,2.05749583,-1.01828742,0.887538075,0.136836916,0.115453444,1.33299983,1.33299983,1.33299983
79.4666667,-0.850173116,0.364441901,0.56871134,-2.64978099,2.80649877,1.9218781,-2.61892271,0.843851686,0.044939898,0.0705306232,1.33264184,1.33290482,1.33300006,-0.35711658,-0.187792748,0.439436406,0.0755691975,0.000484748743,0.535231471,0.230048358,1.59556294e-06,3.02767148e-05,-0.5422647,6.21192157e-07,-1.65458623e-05,-9.15451892e-09,-0.524466753,0.250818014,0.130924493,-2.17656684,1.67904973,2.05749583,-1.01828742,0.826498926,0.13287738,0.0150134712,1.33299983,1.33299983,1.33299983
79.5333333,-0.868570387,0.352917284,0.590448439,-2.64454937,2.80649328,1.94655073,-2.5929687,0.833663106,0.0432646982,0.118689872,1.33300042,1.33300006,1.3330003,-0.211771339,-0.159109265,0.251597196,0.0946815759,0.00434276043,0.375388324,0.420726627,-0.145668134,-0.0772743747,0.579212129,-0.000371999049,-0.00080736255,7.40772521e-07,-0.524466753,0.250818014,0.130924493,-2.17656684,1.67904973,2.05749583,-1.01828742,0.776904702,0.128682718,0.177418858,1.33299983,1.33299983,1.33299983
79.6,-0.878671646,0.343833685,0.603351474,-2.63652968,2.80649948,1.97018063,-2.56775761,0.809536338,0.0379416347,0.184742987,1.33300078,1.33300054,1.33300126,-0.0997403413,-0.118599594,0.138798177,0.138838455,-6.3116604e-05,0.334983081,0.374500334,-0.317466378,-0.082686238,0.995281935,-0.000337145815,-0.000367031433,-0.00624604803,-0.524466753,0.250818014,0.130924493,-2.17656684,1.67904973,2.05749583,-1.01828742,0.73660934,0.117082179,0.3093732,1.33299983,1.33299983,1.33299983
79.6666667,-0.878463328,0.33899954,0.605591297,-2.62512994,2.806494,1.98861015,-2.54065275,0.795144916,0.0351778381,0.251132667,1.33299863,1.33299935,1.33299899,0.0845398381,-0.0369779393,-0.0523139611,0.186899871,-0.000941328472,0.203033045,0.370902598,-0.111063197,-0.0037341814,1.00024307,0.000401586876,0.000448447652,0.000247266493,-0.524466753,0.250818014,0.130924493,-2.17656684,1.67904973,2.05749583,-1.01828742,0.735885501,0.133979455,0.36155045,1.33299983,1.33299983,1.33299983
79.7333333,-0.867133677,0.338511288,0.595799029,-2.61475372,2.80649972,1.99036872,-2.52186823,0.777523875,0.0318442546,0.317765266,1.33300126,1.33300114,1.33300209,0.272404492,0.0336978436,-0.281129688,0.190745786,0.000582594017,-0.0845576525,0.234241262,-0.215134218,-0.0788340867,0.915825427,0.000209290578,0.000436733477,-4.12575901e-07,-0.524466753,0.250818014,0.130924493,-2.17656684,1.67904973,2.05749583,-1.01828742,0.703281224,0.14770849,0.458980143,1.33299983,1.33299983,1.33299983
79.8,-0.843978941,0.341968834,0.571066856,-2.60940003,2.80649781,1.97348356,-2.51700759,0.765026629,0.0260163005,0.382879555,1.33300197,1.33300209,1.33300233,0.384085804,0.0456542149,-0.42518124,-0.0423001759,0.00508180074,-0.411972642,0.0193010848,-0.0433026217,0.158527434,0.913609266,-0.000512396393,0.000126601037,-9.20035745e-08,-0.524466753,0.250818014,0.130924493,-2.17656684,1.67904973,2.05749583,-1.01828742,0.676790237,0.158863336,0.538141787,1.33299983,1.33299983,1.33299983
79.8666667,-0.814982474,0.347422242,0.539417028,-2.61243534,2.8064723,1.9508065,-2.51813793,0.763861001,0.028651841,0.367668569,1.33280909,1.33282614,1.33290327,0.469257951,0.110417269,-0.513238847,-0.0504192263,-0.000695179973,-0.365713418,-0.0180044007,1.09422908e-05,-7.29812309e-05,-0.213315368,-2.23980169e-05,-4.04792372e-05,4.63332981e-08,-0.524466753,0.250818014,0.130924493,-2.17656684,1.67904973,2.05749583,-1.01828742,0.655266345,0.150947779,0.352523088,1.33299983,1.33299983,1.33299983
79.9333333,-0.781222761,0.357385606,0.501740932,-2.61695933,2.80648041,1.91525137,-2.52091646,0.763460755,0.0285745896,0.368545562,1.33299935,1.33299935,1.33299935,0.518920004,0.178486675,-0.575582981,-0.0704494789,0.00684770755,-0.585121274,-0.0610793754,0.00061061274,-0.000677585602,0.0520256832,0.00272803078,0.00242237397,0.00289070746,-0.524466753,0.250818014,0.130924493,-2.17656684,1.67904973,2.05749583,-1.01828742,0.637778163,0.150600627,0.375871599,1.33299983,1.33299983,1.33299983
80,-0.750948966,0.369178265,0.468886137,-2.61996722,2.80646801,1.87695217,-2.5252614,0.759230435,0.0275067221,0.405018836,1.33275461,1.33278799,1.33282626,0.450424969,0.202859998,-0.488117456,-0.0206680018,-0.00124705583,-0.512436926,-0.0869539306,0.0452851504,0.000340383966,0.579566598,-0.000118808995,-0.000246366078,2.22877134e-07,-0.524466753,0.250818014,0.130924493,-2.17656684,1.67904973,2.05749583,-1.01828742,0.623569012,0.14752835,0.470616043,1.33299983,1.33299983,1.33299983
80.0666667,-0.723793387,0.383566976,0.440669417,-2.62253737,2.80649114,1.83887148,-2.5314827,0.759807408,0.0277195498,0.397071749,1.33252597,1.33257461,1.33262599,0.357236713,0.199648887,-0.373299062,-0.0569053777,-0.00106884819,-0.595322371,-0.0875857696,0.0312588923,0.000368548557,-0.0694362223,-0.000132767309,-0.000266844203,1.19151082e-07,-0.524466753,0.250818014,0.130924493,-2.17656684,1.67904973,2.05749583,-1.01828742,0.673746467,0.158716977,0.40146333,1.33299983,1.33299983,1.33299983
80.1333333,-0.703706384,0.395499051,0.418579042,-2.62606192,2.80648971,1.80071521,-2.53742981,0.76050657,0.0276870299,0.429290295,1.33219481,1.3322773,1.33245218,0.254442483,0.157769099,-0.285061717,-0.0579648279,-0.000827259501,-0.553856969,-0.088017635,3.03536654e-05,-0.00284918863,0.427931726,-0.000108707987,-0.000177664915,2.35100742e-07,-0.524466753,0.250818014,0.130924493,-2.17656684,1.67904973,2.05749583,-1.01828742,0.730094254,0.167807728,0.491409361,1.33299983,1.33299983,1.33299983
80.2,-0.690291941,0.405468374,0.404215515,-2.62853146,2.80646539,1.77153993,-2.54936814,0.762192547,0.0283265375,0.443241179,1.33086193,1.33102429,1.33134592,0.155329078,0.120986663,-0.177371457,-0.0575197004,-0.00122793764,-0.461282223,-0.174913391,2.97092556e-05,0.000402961392,0.171377927,-0.000146436621,-0.000295543752,2.91736796e-07,-0.524466753,0.250818014,0.130924493,-2.17656684,1.67904973,2.05749583,-1.01828742,0.761682987,0.175193965,0.480193853,1.33299983,1.33299983,1.33299983
80.2666667,-0.678074181,0.419362247,0.392969757,-2.62895918,2.80649829,1.74420381,-2.55839276,0.762102962,0.0286897663,0.380907625,1.32969379,1.3298074,1.33010137,0.197703764,0.270861447,-0.168375567,0.0164470132,0.00849293917,-0.451519936,-0.136994958,0.0426581912,-0.00202430133,-0.822352111,0.000572139164,0.00121730962,-1.21828634e-06,-0.524466753,0.250818014,0.130924493,-2.17656684,1.67904973,2.05749583,-1.01828742,0.724241734,0.181195289,0.305440426,1.33299983,1.33299983,1.33299983
80.3333333,-0.667411089,0.435430437,0.381539017,-2.62881207,2.80648947,1.71648932,-2.5618999,0.762391984,0.0285320207,0.384608567,1.33071721,1.33079505,1.33100271,0.12363033,0.215838388,-0.140006647,0.0103689153,0.00654711388,-0.373772681,-0.0478231758,-0.0413913392,-0.076621756,0.12951833,-0.00387410843,-0.00184249401,2.02657247e-06,-0.524466753,0.250818014,0.130924493,-2.17656684,1.67904973,2.05749583,-1.01828742,0.742728233,0.164403155,0.413390756,1.33299983,1.33299983,1.33299983
80.4,-0.661645055,0.447703511,0.373894364,-2.62982178,2.80649734,1.68740976,-2.56672835,0.772683263,0.0306273866,0.425026447,1.33109677,1.33118391,1.3314476,0.0558956526,0.157690793,-0.079119876,-0.0207760576,0.00307958154,-0.408682764,-0.0750737563,0.166789249,-0.00048976345,0.557862282,0.000145427592,0.000328010443,-2.93599442e-07,-0.524466753,0.250818014,0.130924493,-2.17656684,1.67904973,2.05749583,-1.01828742,0.835762024,0.172427744,0.501100361,1.33299983,1.33299983,1.33299983
80.4666667,-0.658632338,0.458176911,0.36869663,-2.63008642,2.80649114,1.6615088,-2.57676721,0.772664189,0.0306085963,0.478279412,1.33109224,1.33120728,1.33151507,0.0265791714,0.134619907,-0.0575159304,-0.01617047,0.000149093452,-0.400773317,-0.131608039,2.45682895e-05,0.000175824389,0.66444695,-7.28592277e-05,-0.000125578488,2.5157351e-07,-0.524466753,0.250818014,0.130924493,-2.17656684,1.67904973,2.05749583,-1.01828742,0.784430921,0.178947732,0.57236445,1.33299983,1.33299983,1.33299983
80.5333333,-0.658358932,0.465794593,0.366794586,-2.6299789,2.80647111,1.64140713,-2.59283328,0.771145523,0.0300994348,0.53186661,1.32989037,1.33006072,1.3304919,-0.0205919053,0.0774855092,0.00381487934,-0.020811405,-0.0015703761,-0.296540082,-0.237260699,4.98740992e-05,0.000301674008,0.564284921,-0.000215627486,-0.000452828594,4.72995453e-07,-0.524466753,0.250818014,0.130924493,-2.17656684,1.67904973,2.05749583,-1.01828742,0.742724419,0.184245214,0.630266488,1.33299983,1.33299983,1.33299983
80.6,-0.65973866,0.474725962,0.370419741,-2.62575245,2.80647945,1.64199173,-2.61373925,0.77063942,0.0300973486,0.479928613,1.32535911,1.32510161,1.32558012,-0.0254560858,0.178199336,0.0721661299,0.098837249,0.000454384746,0.01279396,-0.308258355,1.50725464e-06,-0.000116000418,-0.597547174,1.23692153e-05,2.28583813e-05,-3.58049874e-08,-0.524466753,0.250818014,0.130924493,-2.17656684,1.67904973,2.05749583,-1.01828742,0.708837867,0.129829511,0.427374452,1.33299983,1.33299983,1.33299983
80.6666667,-0.662331879,0.485318393,0.374035031,-2.62410188,2.80648112,1.62427294,-2.6357398,0.763418078,0.0268081501,0.479868531,1.33300066,1.33300066,1.3330009,-0.0284838956,0.122359015,-0.0196120534,-0.0342098512,-0.000786871184,-0.388976872,-0.270671815,-0.0793719292,-0.142119363,0.0579231828,-0.000336631754,-0.000728207408,6.65924745e-07,-0.524466753,0.250818014,0.130924493,-2.17656684,1.67904973,2.05749583,-1.01828742,0.681304991,0.110374227,0.509585619,1.33299983,1.33299983,1.33299983
80.7333333,-0.668458641,0.490899146,0.382197499,-2.6245873,2.80649614,1.61948264,-2.64947152,0.783421159,0.0324168801,0.416305572,1.32701015,1.32687926,1.3268795,-0.150518432,0.0229736548,0.165501773,-0.0695778579,0.000820408051,-0.184120759,-0.144086748,0.115620136,-5.59492037e-06,-0.883719921,0.0881724581,0.0888692886,0.0895622522,-0.524466753,0.250818014,0.130924493,-2.17656684,1.67904973,2.05749583,-1.01828742,0.829278767,0.117494166,0.329321265,1.33299983,1.33299983,1.33299983
80.8,-0.679880679,0.492414296,0.393624723,-2.62589836,2.80649614,1.61876523,-2.66909599,0.779653728,0.0312717594,0.413532138,1.32691002,1.32688797,1.33019233,-0.194878176,0.000282047491,0.190544084,-0.0266804006,0.00154098729,-0.0157972742,-0.274202794,-0.0399220176,0.000197843416,0.0846274942,2.02067895e-07,-9.85320657e-05,0.0833823904,-0.524466753,0.250818014,0.130924493,-2.17656684,1.67904973,2.05749583,-1.01828742,0.779163241,0.0755942762,0.432793915,1.33299983,1.33299983,1.33299983
80.8666667,-0.694835901,0.490769058,0.407885969,-2.62579107,2.80649304,1.62651753,-2.68555331,0.771567047,0.0296013653,0.449514806,1.32641101,1.32632804,1.33082092,-0.247986585,-0.052312959,0.241512388,-0.010991062,-0.000498754554,0.117919132,-0.226843879,2.12479208e-05,0.000281007029,0.429881752,-9.5531228e-05,-0.000201745657,0.000919006241,-0.524466753,0.250818014,0.130924493,-2.17656684,1.67904973,2.05749583,-1.01828742,0.738444388,0.10027054,0.516865492,1.33299983,1.33299983,1.33299983
80.9333333,-0.712251008,0.486121595,0.424497128,-2.62638664,2.806499,1.63651919,-2.70205426,0.7763533,0.030569246,0.499244004,1.32646441,1.32635725,1.3308835,-0.275667369,-0.0860470012,0.269326717,-0.00910750311,0.00156228477,0.171816558,-0.240556344,0.0543510951,0.000198426656,0.592666388,-0.000192431209,-0.00020617852,0.00151754741,-0.524466753,0.250818014,0.130924493,-2.17656684,1.67904973,2.05749583,-1.01828742,0.803928733,0.106862277,0.585173607,1.33299983,1.33299983,1.33299983
81,-0.729923427,0.480325639,0.441508412,-2.62553596,2.80649614,1.65473366,-2.71554303,0.77280879,0.0295577627,0.504868388,1.32609379,1.32600439,1.32998681,-0.268781006,-0.085002251,0.267472744,0.024152318,0.000255407329,0.280736566,-0.185054824,-0.0722428337,-0.000492549501,-1.49384141e-06,0.000618209597,0.000516822096,0.000690506073,-0.524466753,0.250818014,0.130924493,-2.17656684,1.67904973,2.05749583,-1.01828742,0.75856638,0.0669558644,0.531456828,1.33299983,1.33299983,1.33299983
81.0666667,-0.746900678,0.474003643,0.458635181,-2.62516332,2.80649996,1.68027949,-2.71902752,0.769414067,0.0279528107,0.458385646,1.32448101,1.32434952,1.32744396,-0.247305796,-0.0996609107,0.234406695,-0.0128068253,-0.0142477676,0.334549487,-0.0250348393,-0.0644218102,-0.00570347905,-0.543117762,0.00163348974,0.00341021363,-3.3704855e-06,-0.524466753,0.250818014,0.130924493,-2.17656684,1.67904973,2.05749583,-1.01828742,0.72170949,0.0417399481,0.411113024,1.33299983,1.33299983,1.33299983
81.1333333,-0.764997661,0.465971023,0.476066709,-2.6231339,2.80650091,1.70680642,-2.7192018,0.767594934,0.0255970843,0.463749915,1.32531273,1.32524753,1.32807207,-0.290193528,-0.13190943,0.303438008,0.0332141146,0.00551530253,0.44416678,-0.0256270338,3.14329518e-05,-0.0939469263,0.0596785396,-0.000166523154,-0.000324907771,3.69444024e-07,-0.524466753,0.250818014,0.130924493,-2.17656684,1.67904973,2.05749583,-1.01828742,0.710105181,0.07276389,0.499249697,1.33299983,1.33299983,1.33299983
81.2,-0.782074451,0.457963377,0.494082063,-2.62311292,2.80649281,1.72923458,-2.72955704,0.765810013,0.0280407239,0.455568939,1.32545245,1.32542264,1.32824898,-0.229793757,-0.10578993,0.243108854,0.000380074605,-0.000564594928,0.312381238,-0.167858094,4.82126052e-06,-0.000140755903,-0.0982678309,1.49015104e-05,2.91383476e-05,1.56578608e-08,-0.524466753,0.250818014,0.130924493,-2.17656684,1.67904973,2.05749583,-1.01828742,0.688810587,0.0979708433,0.464126706,1.33299983,1.33299983,1.33299983
81.2666667,-0.796197951,0.451379955,0.508717358,-2.62312984,2.80649853,1.7456702,-2.73565078,0.774527431,0.0301755611,0.484781981,1.32581091,1.32571578,1.32841563,-0.190919504,-0.0849283934,0.208207354,0.0190010462,0.00232374738,0.274292529,-0.0900743753,0.148296177,-0.000335037243,0.34462747,2.63029942e-05,6.87802676e-05,-4.00468707e-08,-0.524466753,0.250818014,0.130924493,-2.17656684,1.67904973,2.05749583,-1.01828742,0.809376776,0.103246883,0.542323351,1.33299983,1.33299983,1.33299983
81.3333333,-0.807547092,0.443139225,0.519917428,-2.62666631,2.80649829,1.76437974,-2.73968196,0.775066137,0.0306948498,0.423888296,1.32551444,1.32542753,1.32809627,-0.136032224,-0.132855386,0.0990109071,-0.0627944693,0.00344659202,0.255592495,-0.0109466407,2.62124267e-05,0.00232648104,-0.782465279,-0.000350111397,-0.000753510394,6.75063347e-07,-0.524466753,0.250818014,0.130924493,-2.17656684,1.67904973,2.05749583,-1.01828742,0.762992859,0.101632006,0.355920643,1.33299983,1.33299983,1.33299983
81.4,-0.813945055,0.436527222,0.524836302,-2.62981844,2.80649757,1.77308917,-2.74143052,0.770248413,0.029333964,0.427090257,1.33123791,1.33110285,1.33300018,-0.0647669658,-0.0549465232,0.0704107583,-0.0132551435,0.0015344061,0.0918711424,-0.0579348691,-0.0568512715,0.00293348078,0.090004012,0.105757214,0.105520532,8.09610356e-07,-0.524466753,0.250818014,0.130924493,-2.17656684,1.67904973,2.05749583,-1.01828742,0.725305974,0.0860577822,0.454405904,1.33299983,1.33299983,1.33299983
81.4666667,-0.819114923,0.430224419,0.529147923,-2.63138628,2.80649996,1.78472638,-2.73813295,0.767607927,0.0279221386,0.431859404,1.33294666,1.33298218,1.33264077,-0.0967012569,-0.103740841,0.0982644409,-0.0101303188,-0.00813124236,0.204964906,0.0681509003,-0.000112405658,-0.00263705151,0.0498665795,0.000856995815,0.00182089489,-1.6723061e-06,-0.524466753,0.250818014,0.130924493,-2.17656684,1.67904973,2.05749583,-1.01828742,0.69468534,0.0516265333,0.456261843,1.33299983,1.33299983,1.33299983
81.5333333,-0.826388121,0.419612586,0.534492791,-2.63508725,2.80649757,1.80320442,-2.73089242,0.767557144,0.0286837947,0.407215387,1.33235478,1.33238995,1.33204842,-0.11809577,-0.197062016,0.06248549,-0.0791916177,0.000843610615,0.262185365,0.141760841,-1.05637519e-05,-0.000243050512,-0.242795914,6.05016248e-05,0.000146665931,-1.32364221e-07,-0.524466753,0.250818014,0.130924493,-2.17656684,1.67904973,2.05749583,-1.01828742,0.687156498,0.0807967409,0.393477321,1.33299983,1.33299983,1.33299983
81.6,-0.836873889,0.408201486,0.545518339,-2.63436198,2.80649948,1.8302635,-2.72428846,0.766366661,0.0286579765,0.430125892,1.33206964,1.33210897,1.33178353,-0.179986581,-0.170821697,0.205181777,0.0300978739,-0.000128463915,0.424080789,0.101639308,2.43862669e-05,0.000316741876,0.344458401,-0.000108698849,-0.000229219673,1.88418198e-07,-0.524466753,0.250818014,0.130924493,-2.17656684,1.67904973,2.05749583,-1.01828742,0.663688898,0.104497537,0.484920681,1.33299983,1.33299983,1.33299983
81.6666667,-0.848099649,0.397628456,0.558315933,-2.63214684,2.806499,1.85525978,-2.72401476,0.766115129,0.0286260713,0.46632579,1.33218527,1.3322202,1.33189571,-0.161194518,-0.150962889,0.189271048,0.0403279625,0.000527326774,0.361946732,-0.0176016148,5.57897401e-05,-0.0284903571,0.455610096,-0.000316814752,-0.00535492692,-0.00457809679,-0.524466753,0.250818014,0.130924493,-2.17656684,1.67904973,2.05749583,-1.01828742,0.644621491,0.120347798,0.540179133,1.33299983,1.33299983,1.33299983
81.7333333,-0.859424889,0.385149091,0.571057081,-2.63258362,2.80649686,1.88552403,-2.71870589,0.764844775,0.0287221912,0.409851044,1.33046103,1.33034205,1.32999659,-0.155916467,-0.204987302,0.14581646,-0.0215928499,-0.000316408463,0.420104861,0.120836645,6.10336429e-06,-8.62849411e-05,-0.686444879,1.18730823e-05,1.07184751e-05,1.89174898e-08,-0.524466753,0.250818014,0.130924493,-2.17656684,1.67904973,2.05749583,-1.01828742,0.629129231,0.13663277,0.354178488,1.33299983,1.33299983,1.33299983
81.8,-0.869118929,0.372133583,0.581256449,-2.63535976,2.80649734,1.90863192,-2.71719551,0.76748395,0.0289575998,0.349387795,1.33046067,1.33035469,1.33001184,-0.123393007,-0.18182227,0.128937572,-0.0348466411,0.000502939918,0.311915576,0.0136554269,-5.68287069e-05,-0.000653927331,-0.696089745,0.000276087812,0.00737157091,-0.00214799843,-0.524466753,0.250818014,0.130924493,-2.17656684,1.67904973,2.05749583,-1.01828742,0.752327561,0.0911443979,0.286238015,1.33299983,1.33299983,1.33299983
81.8666667,-0.876339793,0.361319661,0.590418458,-2.63588667,2.80649495,1.93476415,-2.71338272,0.780003011,0.031678658,0.283033341,1.3304354,1.33034563,1.32995903,-0.0993539095,-0.149098337,0.140479431,0.0076187416,-0.00180532411,0.412141204,0.0584920533,0.196291775,0.0743514895,-0.969863594,0.000319091778,0.000693352369,-6.51896698e-07,-0.524466753,0.250818014,0.130924493,-2.17656684,1.67904973,2.05749583,-1.01828742,0.802658319,0.103460044,0.187370479,1.33299983,1.33299983,1.33299983
81.9333333,-0.868213117,0.356490612,0.581068516,-2.6356585,2.80266809,1.93379831,-2.70430422,0.785307169,0.0313813463,0.279495269,1.33299923,1.3329972,1.33299994,0.230655149,0.0383646823,-0.284805417,0.0528837964,-0.15271005,-0.216595367,0.302084506,0.10808374,-5.22355549e-06,-7.58445822e-08,4.40198055e-05,2.36853812e-05,4.53471002e-05,-0.868133605,0.36691007,0.581275702,-2.63265228,2.80189657,1.92740178,-2.69728184,0.786699355,0.0308739319,0.277623504,1.33299983,1.33299983,1.33299983
82,-0.846351862,0.368147314,0.554447174,-2.62639189,2.78709412,1.91264927,-2.66790009,0.796447039,0.0302314945,0.274746597,1.33263743,1.33263135,1.33262432,0.426708788,0.309338301,-0.502099216,0.207708254,-0.306556016,-0.372152865,0.779829085,0.22959134,-0.0058028847,-0.0930722654,0.00222361088,0.00412214547,-4.39584255e-06,-0.845504344,0.382326066,0.555976033,-2.62366295,2.78898168,1.90713596,-2.6527288,0.805164933,0.0286779851,0.262705415,1.33299983,1.33299983,1.33299983
82.0666667,-0.812244296,0.395585239,0.51575613,-2.61067724,2.76533985,1.882182,-2.60172343,0.814018428,0.0287899058,0.263825685,1.33248711,1.33245468,1.33240724,0.582863092,0.488810152,-0.650061011,0.276211947,-0.317581862,-0.562678993,1.19928372,0.287885875,-0.0551486351,-0.207260072,-0.00031293981,-0.000668819121,6.29370334e-07,-0.811436236,0.405534804,0.517712414,-2.60998869,2.76907015,1.87669909,-2.58534741,0.832964838,0.0254181679,0.240246356,1.33299983,1.33299983,1.33299983
82.1333333,-0.769907951,0.430448651,0.468536854,-2.59068966,2.74221015,1.84127128,-2.510638,0.835305333,0.0285856985,0.245983019,1.33252192,1.3324796,1.33242977,0.686236858,0.540553272,-0.76672864,0.309853226,-0.381448269,-0.65227598,1.49057341,0.349655092,-0.0190464891,-0.308885545,0.00502312044,0.000679997844,-3.7868449e-07,-0.76891309,0.434503317,0.469677687,-2.59270048,2.74348283,1.83882332,-2.50076127,0.867664039,0.0214218181,0.212213516,1.33299983,1.33299983,1.33299983
82.2,-0.722011864,0.466486514,0.414781898,-2.56999707,2.71416402,1.79649556,-2.40707135,0.861616969,0.0252465904,0.222174525,1.33254397,1.33248663,1.33242977,0.750829756,0.536118507,-0.845138252,0.306612045,-0.460792899,-0.682884276,1.58836496,0.438367665,-0.0783329085,-0.387327909,6.42859959e-06,-6.9166199e-06,-3.59214027e-08,-0.720919311,0.467198759,0.415064901,-2.57286811,2.71354008,1.79624069,-2.40459466,0.906827331,0.017016286,0.180574104,1.33299983,1.33299983,1.33299983
82.2666667,-0.671229303,0.501971126,0.357489258,-2.54949927,2.68149853,1.75075293,-2.30105686,0.8939991,0.0207925066,0.193963155,1.33254254,1.33247912,1.332407,0.772415459,0.527624011,-0.872250378,0.307705641,-0.509249985,-0.685196459,1.57981682,0.524870634,-0.0795727596,-0.440502197,2.33032624e-05,5.13807172e-05,-4.15893737e-08,-0.670438766,0.501588345,0.357067019,-2.55156231,2.68056178,1.75168371,-2.30247211,0.948019922,0.0125289178,0.147295356,1.33299983,1.33299983,1.33299983
82.3333333,-0.620744109,0.536491752,0.299135864,-2.52854538,2.64853144,1.70441532,-2.19695973,0.93089819,0.0156678371,0.16339694,1.33296549,1.33291137,1.3329289,0.70761621,0.483969063,-0.883063257,0.320248038,-0.428256512,-0.765506387,1.55150747,0.575007379,-0.11670202,-0.428279042,0.12017455,0.0611379594,0.0611701086,-0.620455444,0.535638988,0.298876822,-2.52985334,2.64586878,1.70788419,-2.20001626,0.988806605,0.00828705914,0.11434444,1.33299983,1.33299983,1.33299983
82.4,-0.576462388,0.56798178,0.242640987,-2.50581932,2.61368322,1.66135335,-2.09748983,0.96853143,0.0108544668,0.129171342,1.32713425,1.32702684,1.32699633,0.651134551,0.459809035,-0.815178335,0.340040207,-0.542214811,-0.568670213,1.40602887,0.557712495,-0.0793673769,-0.499964058,-0.144912183,-0.132058308,-0.131165788,-0.573953688,0.567318082,0.243687361,-2.50881243,2.61078095,1.66757488,-2.10285234,1.02675247,0.00461805658,0.0836886466,1.33299983,1.33299983,1.33299983
82.4666667,-0.536050141,0.597037673,0.192819923,-2.4847126,2.57895112,1.62737036,-2.01105332,1.00508845,0.00658806507,0.097654216,1.31892872,1.32036054,1.32073355,0.554462314,0.401852876,-0.674967766,0.282818556,-0.502814472,-0.444164574,1.18536735,0.528827071,-0.0186572522,-0.443491429,-0.085854575,-0.0585661307,-0.0522599034,-0.533917367,0.594592571,0.194691539,-2.48950863,2.57661891,1.63348758,-2.01660395,1.05942237,0.00184925518,0.0572951436,1.33299983,1.33299983,1.33299983
82.5333333,-0.504333019,0.620225966,0.15368177,-2.46867418,2.54909492,1.60100234,-1.94035244,1.03786933,0.00327239675,0.0713618919,1.31934798,1.32247829,1.32287085,0.372756749,0.265779436,-0.515176594,0.210504487,-0.353294969,-0.39319703,0.952961862,0.440501153,-0.0876942053,-0.36570546,0.125444978,0.136822045,0.127445877,-0.503330588,0.61542958,0.155082285,-2.4730134,2.54470301,1.60835469,-1.94689476,1.08438146,0.000308001094,0.0371311642,1.33299983,1.33299983,1.33299983
82.6,-0.486524999,0.633342803,0.125713542,-2.45621204,2.52091742,1.58539188,-1.8883059,1.06299675,0.00283436105,0.0494166054,1.32072985,1.32459497,1.3247571,0.213989332,0.133915514,-0.363792241,0.154452562,-0.448881507,-0.113132633,0.627945185,0.330768347,-0.000204853975,-0.283478349,2.71209283e-05,8.46626353e-05,-1.17521267e-07,-0.48422423,0.628445625,0.127011344,-2.46017337,2.51575541,1.59412551,-1.89747667,1.09997237,9.99999975e-05,0.0245355051,1.33299983,1.33299983,1.33299983
82.6666667,-0.474246144,0.639569163,0.104120865,-2.44792581,2.49186468,1.58193672,-1.85441613,1.07888591,0.00162952871,0.0285987966,1.32071328,1.32460856,1.32477057,0.156404898,0.0622163974,-0.291230202,0.104813404,-0.462290406,0.0067345961,0.39901495,1.00199031e-06,-0.0875025168,-0.15869543,-0.000313106226,-0.000615217374,-1.3079014e-05,-0.472370833,0.636520684,0.105847143,-2.45007634,2.48700619,1.58738852,-1.85999727,1.10964489,9.99999975e-05,0.0167212822,1.33299983,1.33299983,1.33299983
82.7333333,-0.466812521,0.642389059,0.0877081901,-2.44057393,2.46210957,1.58394194,-1.82867074,1.07933533,6.32454871e-08,0.0210205,1.32339776,1.32460141,1.32758403,0.0602908544,0.0247838423,-0.205392644,0.124632023,-0.4374547,0.0463173017,0.366710842,-2.52547534e-06,3.78890545e-05,-0.0942115858,0.0771331415,-1.32320565e-07,0.0829977691,-0.465988249,0.640868783,0.0897103623,-2.4419291,2.45789576,1.58639467,-1.83119583,1.11485314,0.000100000005,0.0125136217,1.33299983,1.33299983,1.33299983
82.8,-0.465075612,0.643090189,0.0759350806,-2.43264771,2.4315486,1.58839643,-1.80688155,1.07933533,1.72026816e-07,0.0161320735,1.3283366,1.32460141,1.33265424,7.90991398e-05,-0.00445019361,-0.15158999,0.111561544,-0.44984895,0.0824529529,0.286474824,0.000598371495,-0.0030090455,-0.000478152186,0.0877019614,0.00312042912,0.0820562094,-0.464081705,0.642167568,0.0775876492,-2.43509054,2.42840767,1.59001744,-1.80937898,1.11640882,9.99999975e-05,0.0112567889,1.33299983,1.33299983,1.33299983
82.8666667,-0.466426224,0.64177984,0.0673626885,-2.42621565,2.40032959,1.59552729,-1.79054201,1.07933545,1.30182866e-06,0.0141874515,1.33296061,1.32460213,1.33299959,-0.0372258127,-0.0341355279,-0.107619748,0.0802437216,-0.476847678,0.128948465,0.208045334,0.000483631389,-0.00235216413,-0.00545810163,0.0574139915,0.0032675371,0.00304236216,-0.465656698,0.641094685,0.0684656575,-2.42891955,2.39852524,1.59713018,-1.79285359,1.11512375,0.000100000005,0.0122950422,1.33299983,1.33299983,1.33299983
82.9333333,-0.469890475,0.638817072,0.0611355565,-2.42090654,2.36917949,1.6053046,-1.77812552,1.07932842,3.35669114e-07,0.0141847674,1.33300006,1.32460892,1.33300006,-0.0636143163,-0.0536869802,-0.0809493586,0.0712524131,-0.482208312,0.162059367,0.158240363,-0.0289134793,3.18196289e-05,-0.000103939587,1.20298864e-05,9.41338658e-06,1.86775796e-05,-0.469718277,0.638327658,0.061330989,-2.42277455,2.36823106,1.60660601,-1.7799263,1.11180925,9.99999902e-05,0.014972643,1.33299983,1.33299983,1.33299983
83,-0.474534154,0.635033309,0.0562473759,-2.41621566,2.33698392,1.61677015,-1.7677722,1.0792625,9.09252947e-07,0.0146584949,1.33299959,1.32461274,1.33299959,-0.0743423179,-0.0571965799,-0.0690520406,0.0743547156,-0.480882823,0.178795248,0.150526628,-4.59761359e-05,0.000823020469,1.47381797e-07,0.00013825763,0.000335167395,-4.06026375e-05,-0.475272,0.634544253,0.0551703051,-2.41601467,2.33750892,1.61731863,-1.76890433,1.10727739,0.000100000005,0.0186338536,1.33299983,1.33299983,1.33299983
83.0666667,-0.479631037,0.631435394,0.0514855422,-2.41044664,2.30498099,1.62857068,-1.75737166,1.07919121,-4.27773195e-08,0.0173848011,1.3330003,1.32462418,1.33300042,-0.0776425228,-0.0501414798,-0.0776344836,0.10095644,-0.474398762,0.170120373,0.164453655,-8.25977622e-07,-4.33793539e-05,0.0505329221,2.57647571e-07,1.08922541e-05,-5.36513198e-08,-0.481323063,0.630421996,0.0489702299,-2.40799832,2.30634141,1.62814105,-1.75809371,1.10233974,9.99999975e-05,0.0226229355,1.33299983,1.33299983,1.33299983
83.1333333,-0.484640062,0.62839061,0.0453266501,-2.40238023,2.27325797,1.63898671,-1.74525404,1.07912028,-1.69063838e-08,0.0208883584,1.33300018,1.3246243,1.3330003,-0.0704613775,-0.0415508077,-0.110833682,0.142551526,-0.478684068,0.141363174,0.201787665,-5.70804332e-07,-2.87626681e-05,0.0526179858,4.39428277e-07,1.66994178e-05,5.33154889e-08,-0.486876756,0.626638651,0.0417173952,-2.3980844,2.27471185,1.63794637,-1.74580169,1.09780788,9.99999975e-05,0.0262841433,1.33299983,1.33299983,1.33299983
83.2,-0.488668412,0.625971258,0.0362779982,-2.39113736,2.24112391,1.64702499,-1.72999108,1.07904911,-1.40208826e-07,0.0242855139,1.33300006,1.32462478,1.33300042,-0.0482522249,-0.0305900108,-0.162878737,0.19597058,-0.484630674,0.0990967825,0.259005517,-3.27538146e-07,-0.000116999698,0.0513440147,3.81907194e-06,7.10924287e-05,-1.73946319e-07,-0.490938425,0.623871624,0.0323984399,-2.38563204,2.24260402,1.64560831,-1.73033488,1.09449351,0.000100000005,0.028961746,1.33299983,1.33299983,1.33299983
83.2666667,-0.49067685,0.624562442,0.0232725814,-2.37592554,2.20860171,1.65171039,-1.71015453,1.07904887,1.0992914e-07,0.0270002801,1.33299947,1.32463384,1.33299947,-0.00996018481,-0.0103812171,-0.228601933,0.261135668,-0.489295512,0.0406720527,0.339033335,-2.23060124e-06,-0.000588759372,0.0501743332,8.26778705e-06,2.64810224e-05,3.32074706e-08,-0.492513329,0.622798741,0.0199999996,-2.36999989,2.21000004,1.64999998,-1.70999992,1.09320843,9.99999975e-05,0.0299999993,1.33299983,1.33299983,1.33299983
83.3333333,-0.491102934,0.624681115,0.00725634443,-2.3558507,2.17510319,1.65430093,-1.68502319,1.07904863,3.72239896e-07,0.0279231779,1.33299613,1.32463884,1.3329978,-0.0047351243,0.0106361397,-0.24850969,0.339463204,-0.51744616,0.051151149,0.40983367,-4.26407087e-06,-0.000266356714,-5.05533535e-08,-8.21400317e-06,4.63316974e-06,-1.75606401e-05,-0.492513359,0.622798741,0.00446537742,-2.34995437,2.17597246,1.65379548,-1.68491304,1.09320843,0.000100000005,0.0299999993,1.33299983,1.33299983,1.33299983
83.4,-0.491139293,0.625628829,-0.00994057301,-2.33098149,2.13958359,1.65893304,-1.65613759,1.07904863,9.66054117e-08,0.0279450696,1.33297575,1.32463884,1.33298326,0.00391015317,0.0134926261,-0.268424034,0.401017964,-0.547262371,0.0897822455,0.450431436,-7.64407378e-06,-9.39399033e-05,-4.99712769e-08,-5.62626519e-06,1.72045911e-05,-2.47508578e-05,-0.492513329,0.622798741,-0.0131715517,-2.32545638,2.1400013,1.659729,-1.65692353,1.09320843,9.99999975e-05,0.0299999993,1.33299983,1.33299983,1.33299983
83.4666667,-0.490737498,0.62628758,-0.0284368154,-2.30275893,2.10235548,1.66573179,-1.62548256,1.07904863,-1.91781069e-07,0.0281698126,1.3329457,1.32463777,1.33295345,0.0071078022,0.00392047223,-0.287023067,0.441602468,-0.569508135,0.112461306,0.465950847,-0.000565803261,0.00261537568,0.00171552598,-0.00336802937,-0.00350350607,-0.00315782079,-0.492513359,0.622798741,-0.0322882943,-2.2976563,2.10268211,1.6667639,-1.6269387,1.09320843,9.99999975e-05,0.0299999993,1.33299983,1.33299983,1.33299983
83.5333333,-0.490393877,0.626248419,-0.0480530113,-2.27225184,2.0641644,1.67313933,-1.59424579,1.07904875,-1.00913233e-07,0.0287139509,1.33291531,1.32463455,1.33292425,0.0028122412,-0.00628011767,-0.302121103,0.470482707,-0.576202333,0.108715639,0.469067067,-1.44835913e-05,-0.000246716256,5.50935511e-08,0.00552366488,0.000256952946,-3.96106625e-05,-0.492513329,0.622798741,-0.0522623584,-2.26770449,2.06461191,1.67386365,-1.59586549,1.09320843,0.000100000005,0.0300000012,1.33299983,1.33299983,1.33299983
83.6,-0.490477175,0.62564832,-0.0685427412,-2.24014401,2.02583432,1.67957413,-1.56313646,1.07904875,-1.42739381e-07,0.0287298094,1.33288717,1.32462919,1.33289576,-0.00503773289,-0.0132327517,-0.312808126,0.488410324,-0.571527839,0.0849520043,0.461875945,-6.62943512e-06,-9.26125722e-05,-8.80390871e-08,2.51791789e-06,2.36566993e-05,-1.6407459e-05,-0.492513299,0.622798681,-0.0724712461,-2.2367506,2.02638578,1.67999125,-1.5646106,1.09320831,9.99999902e-05,0.0299999975,1.33299983,1.33299983,1.33299983
83.6666667,-0.491115451,0.624648154,-0.0895281062,-2.20738721,1.98816371,1.68395579,-1.53293276,1.07904875,-9.73318777e-08,0.028740596,1.33287144,1.32461917,1.33287907,-0.0132733462,-0.0188146271,-0.316659838,0.488575995,-0.557699025,0.0479474217,0.441863358,-4.06846175e-06,-5.98493571e-05,1.87719706e-08,-1.20351615e-06,9.01333988e-06,-9.81221092e-06,-0.492513359,0.6227988,-0.0922924727,-2.20594525,1.98860061,1.68411088,-1.53408158,1.09320843,0.000100000005,0.0300000012,1.33299983,1.33299983,1.33299983
83.7333333,-0.492264122,0.623287082,-0.110453241,-2.17535996,1.95170069,1.6854893,-1.50452995,1.07904875,-1.68095351e-08,0.0287463553,1.33287144,1.32461917,1.33287907,-0.0201747138,-0.0239241384,-0.31058538,0.466279596,-0.536177695,-0.000866736693,0.408407986,-1.0947258e-06,-6.59037323e-06,-4.40704753e-08,-6.16817488e-06,-8.24633025e-06,-3.39074904e-06,-0.492513299,0.622798681,-0.11110352,-2.17643857,1.95185173,1.68518519,-1.50518513,1.09320843,9.99999975e-05,0.0299999975,1.33299983,1.33299983,1.33299983
83.8,-0.493808389,0.621632934,-0.130570889,-2.14558148,1.91693771,1.68332255,-1.47878981,1.07904875,2.01985628e-07,0.0287475046,1.33287144,1.32461917,1.33287907,-0.0250882264,-0.0271027256,-0.292006761,0.421601892,-0.506784141,-0.0637451857,0.362413257,1.76573917e-06,-4.77503345e-05,-1.88556442e-08,-9.33217234e-06,-2.16866647e-05,3.03791603e-06,-0.492513359,0.622798741,-0.128281951,-2.14938116,1.91673589,1.6821779,-1.47882831,1.09320843,0.000100000005,0.0300000012,1.33299983,1.33299983,1.33299983
83.8666667,-0.49560535,0.619860291,-0.148995146,-2.11948562,1.88443017,1.67643559,-1.45652902,1.07904875,7.31471005e-07,0.0287446361,1.33289182,1.32461917,1.3329035,-0.0278433952,-0.0270341747,-0.259471327,0.356489271,-0.468480885,-0.143020719,0.304299533,6.42787109e-06,-0.000439808005,-4.65879566e-08,2.26259581e-05,2.53550425e-05,2.24035466e-05,-0.492513329,0.622798741,-0.143205196,-2.12592268,1.88384831,1.67405236,-1.45591831,1.09320843,9.99999975e-05,0.0299999993,1.33299983,1.33299983,1.33299983
83.9333333,-0.497504801,0.618181348,-0.164787099,-2.09838581,1.85476577,1.66369367,-1.43856227,1.07904875,9.23463176e-06,0.0287384074,1.33292234,1.32461917,1.33293402,-0.0283078868,-0.024001848,-0.212854043,0.272469789,-0.421736896,-0.239839748,0.233761534,3.93589744e-06,0.000265416718,-1.7509592e-07,-1.27671228e-05,-3.64105435e-05,8.99523729e-06,-0.492513329,0.622798741,-0.155250832,-2.10721374,1.85378575,1.65977216,-1.43736207,1.09320843,9.99999975e-05,0.0299999975,1.33299983,1.33299983,1.33299983
84,-0.499171764,0.616859019,-0.177352652,-2.08343887,1.82832122,1.64334941,-1.42577994,1.07904875,2.87911334e-05,0.0287293456,1.33294606,1.32461929,1.33295989,-0.0163364746,-0.0112461299,-0.17329976,0.17658487,-0.381284356,-0.395301133,0.147048116,4.29567353e-06,0.000126529281,-6.03467925e-08,-4.72774263e-06,-2.51777674e-05,1.24043436e-05,-0.492484927,0.623129547,-0.164145961,-2.09410048,1.82679784,1.63695538,-1.42431915,1.09321487,9.98440446e-05,0.0298358295,1.33299983,1.33299983,1.33299983
84.0666667,-0.499985605,0.61755079,-0.187792301,-2.07417035,1.80328059,1.60834396,-1.41962755,1.07896411,5.0052171e-05,0.0287157502,1.33295798,1.32461929,1.33296871,-0.0109203905,0.0349850804,-0.135394022,0.105469212,-0.370118797,-0.653583586,0.0405855775,3.45277158e-06,0.000199917893,3.56521923e-08,9.05831985e-06,-4.64948243e-07,1.53802976e-05,-0.492283165,0.625478089,-0.171541557,-2.08527946,1.80124676,1.59852254,-1.41827166,1.09326029,9.87368039e-05,0.0286702402,1.33299983,1.33299983,1.33299983
84.1333333,-0.500518024,0.621606171,-0.195107549,-2.06904149,1.77935588,1.5572983,-1.41995192,1.07896411,7.09534424e-06,0.0286706444,1.33295763,1.32461929,1.33296847,-0.00292341458,0.0833724886,-0.0834426433,0.0478776507,-0.347392529,-0.861166835,-0.0412848443,5.02755283e-05,-0.000354745891,-3.02505214e-07,-9.0795802e-05,-0.000289277406,7.16946088e-05,-0.491945058,0.62941438,-0.177613333,-2.07997918,1.77697861,1.54727161,-1.41797233,1.09333646,9.68810127e-05,0.0267166477,1.33299983,1.33299983,1.33299983
84.2,-0.500118732,0.628170729,-0.198803559,-2.06779742,1.75690818,1.49569952,-1.42453825,1.07884383,5.20624189e-06,0.027111344,1.33294606,1.32461321,1.33294988,0.0161424074,0.108476989,-0.0282454342,-0.0115338145,-0.32722649,-0.971750021,-0.0938495547,-0.0310259201,0.000480465998,-0.0502131246,1.6724538e-05,1.68353145e-05,-3.81260179e-09,-0.491538674,0.634144485,-0.182206824,-2.07766461,1.75416827,1.48757088,-1.42181671,1.09342802,9.46509244e-05,0.0243690461,1.33299983,1.33299983,1.33299983
84.2666667,-0.498390138,0.635579824,-0.198776945,-2.0704031,1.73572242,1.42958665,-1.43107557,1.07883525,1.4441938e-06,0.0253342651,1.33291888,1.32458937,1.33291709,0.0354321562,0.109747812,0.0269412566,-0.0657138377,-0.306949198,-1.00178599,-0.102479145,0.000471928186,-0.0033976899,-0.00745081529,0.00308586378,0.00309973815,0.00298297312,-0.491132408,0.638874769,-0.185167715,-2.0777986,1.73299074,1.42378855,-1.4282012,1.09351957,9.24208434e-05,0.022021452,1.33299983,1.33299983,1.33299983
84.3333333,-0.495605111,0.6424734,-0.195217043,-2.07602334,1.71568155,1.36358631,-1.43792164,1.07883573,1.10247151e-06,0.0231128931,1.33288682,1.324561,1.33288515,0.0472186357,0.0935753137,0.0764880329,-0.10106466,-0.290950328,-0.970505834,-0.0966112167,-3.79028497e-05,0.00072520331,-0.0519809537,0.00020965375,-0.00106295466,-2.58442014e-07,-0.490794241,0.642811,-0.186341494,-2.07984567,1.71362054,1.36029279,-1.43552089,1.09359562,9.05650304e-05,0.020067852,1.33299983,1.33299983,1.33299983
84.4,-0.492380738,0.64771986,-0.188627914,-2.08337116,1.69714463,1.30179644,-1.44362855,1.0788362,2.53723016e-07,0.0214120448,1.33286238,1.3245405,1.33285511,0.0488746054,0.060290318,0.116742104,-0.117853343,-0.262480497,-0.875463188,-0.0694330558,4.31056833e-05,-0.000494406791,-9.50130925e-08,-8.82658642e-05,-0.000257808249,4.84036282e-05,-0.49059251,0.645159602,-0.185573846,-2.08326888,1.69623268,1.3014518,-1.44217181,1.09364116,8.94578043e-05,0.0189022645,1.33299983,1.33299983,1.33299983
84.4666667,-0.489372075,0.650163233,-0.179767847,-2.09126186,1.68058038,1.2485621,-1.44690359,1.0788362,-9.61143272e-08,0.0214134622,1.33284342,1.3245374,1.332829,0.0410964563,0.00979293603,0.144591689,-0.117898941,-0.231844902,-0.713217914,-0.0245033931,-2.44887929e-06,-9.55223641e-06,-1.00189936e-08,3.86724423e-06,1.26538071e-05,-6.96619099e-06,-0.4905954,0.645126522,-0.18271026,-2.08753252,1.68100202,1.25163376,-1.4465493,1.09364045,8.94733894e-05,0.01891868,1.33299983,1.33299983,1.33299983
84.5333333,-0.487136245,0.648721874,-0.169451445,-2.09865141,1.66596377,1.20836842,-1.44652593,1.0788784,-9.0267207e-07,0.0214236304,1.33284461,1.32453895,1.33282936,0.0268530827,-0.0553462245,0.161260083,-0.10161601,-0.209901154,-0.485842466,0.0392637141,-1.47172068e-06,-0.000141179538,1.43481884e-08,-1.67906983e-05,-2.11037259e-05,-1.21891499e-05,-0.490870982,0.641917944,-0.177596375,-2.09209967,1.66810286,1.21520698,-1.44704938,1.09357846,9.09860973e-05,0.0205111057,1.33299983,1.33299983,1.33299983
84.6,-0.486074865,0.64243269,-0.158033669,-2.10493016,1.65459502,1.18620253,-1.44090879,1.07898176,-8.88835245e-07,0.0215608086,1.33286035,1.32456279,1.33284748,0.00544292899,-0.133721948,0.177412361,-0.0846198499,-0.138611197,-0.174239159,0.129878283,1.79024573e-06,-8.72691162e-05,0.0502667874,-2.29529978e-05,-3.44481487e-05,4.77302819e-09,-0.491487592,0.634739995,-0.170077756,-2.09643412,1.65771079,1.19653964,-1.44206774,1.09343946,9.4370218e-05,0.0240735449,1.33299983,1.33299983,1.33299983
84.6666667,-0.486530572,0.630788445,-0.145776674,-2.10962152,1.64693868,1.1866461,-1.42878401,1.07898164,-5.00784893e-07,0.0248571336,1.33288848,1.33124161,1.3328774,-0.0174646359,-0.216162473,0.188609898,-0.0552796833,-0.0947748125,0.194993809,0.236787602,4.26574115e-06,9.11626412e-05,0.0612192973,-3.96145624e-05,0.175161451,1.13912392e-07,-0.492513329,0.622798741,-0.159999996,-2.0999999,1.64999998,1.19999993,-1.42999995,1.09320843,9.99999975e-05,0.0299999993,1.33299983,1.33299983,1.33299983
84.7333333,-0.48829022,0.613459408,-0.132926911,-2.11246061,1.64100838,1.21169174,-1.40947711,1.07898247,-6.23003359e-07,0.0301422589,1.3330003,1.33300006,1.33300042,-0.0357876047,-0.30539906,0.199048683,-0.0393537916,-0.0655942708,0.540892184,0.338141024,-8.6876571e-07,4.02572987e-05,0.0975070745,-2.33550345e-05,2.10323014e-06,-1.29180889e-05,-0.494012028,0.605352104,-0.146355063,-2.1035912,1.64487183,1.22484565,-1.41068995,1.09287083,0.000108225351,0.038658794,1.33299983,1.33299983,1.33299983
84.8,-0.491627485,0.590205848,-0.11878971,-2.11534238,1.63824522,1.25640929,-1.38443184,1.07898283,-3.34573087e-07,0.0378620028,1.33299994,1.33299983,1.33300006,-0.0629116669,-0.390011638,0.224391654,-0.0503174029,-0.0139618954,0.781673312,0.408077031,-2.26034499e-05,-0.000180432573,0.130192891,0.000111933448,-0.00269818585,0.000115863892,-0.495948434,0.582809627,-0.128724664,-2.10823131,1.64192986,1.26567376,-1.38573968,1.09243464,0.000118853204,0.0498466939,1.33299983,1.33299983,1.33299983
84.8666667,-0.496554554,0.561955869,-0.102785937,-2.1189642,1.63831699,1.31423819,-1.35534072,1.07898283,-2.2098763e-07,0.0477844775,1.33300066,1.33300018,1.33300066,-0.0804890916,-0.45463559,0.254149675,-0.0589314774,0.0142950024,0.942614377,0.462569028,3.43921129e-05,0.000336378871,0.160856217,-0.00610565208,-0.000532502774,-0.00590081187,-0.498242408,0.556104779,-0.107838959,-2.11372805,1.64090264,1.31986165,-1.35618234,1.09191787,0.000131443405,0.0631003454,1.33299983,1.33299983,1.33299983
84.9333333,-0.502056956,0.530105293,-0.084545359,-2.12299204,1.63985169,1.38154685,-1.32285666,1.07886946,-8.55829754e-08,0.0597185642,1.33300018,1.33300006,1.33300018,-0.0800880045,-0.498807698,0.291793466,-0.06416931,0.0348498598,1.07072973,0.510508895,-5.50821369e-07,2.17334236e-05,0.189993575,7.66831363e-07,-1.60754644e-06,-2.40161171e-08,-0.500813663,0.526171267,-0.0844280794,-2.11988926,1.64151812,1.38478637,-1.32305169,1.09133863,0.000145555794,0.0779564083,1.33299983,1.33299983,1.33299983
85,-0.507045031,0.495974064,-0.0635534078,-2.12736988,1.64265895,1.45649648,-1.28760946,1.07886946,1.37439056e-08,0.0733559355,1.33300018,1.33300006,1.33300018,-0.0664727613,-0.523754656,0.335714906,-0.0704050213,0.0520834066,1.17004967,0.543162882,-6.99948941e-07,7.98118708e-06,0.211616769,1.15511284e-07,3.6122583e-07,7.53802851e-08,-0.50358212,0.493942678,-0.0592222288,-2.12652302,1.64350522,1.4578253,-1.28738046,1.09071493,0.000160750234,0.0939515233,1.33299983,1.33299983,1.33299983
85.0666667,-0.510894358,0.460772693,-0.0396368131,-2.13221264,1.64636099,1.53674018,-1.25066304,1.07886946,2.86662186e-07,0.0882885829,1.33300006,1.33299994,1.33300018,-0.0474080108,-0.53186518,0.378449827,-0.0786978155,0.0622092895,1.22851551,0.561002731,-7.75268632e-07,4.92576073e-05,0.228007898,-2.0418247e-07,-4.40436907e-07,2.50720404e-08,-0.506467581,0.46035257,-0.0329515673,-2.13343716,1.64659214,1.53635573,-1.25020266,1.090065,0.00017658656,0.110622361,1.33299983,1.33299983,1.33299983
85.1333333,-0.513448,0.425516903,-0.0131721953,-2.13765526,1.65056086,1.61937976,-1.21301425,1.07886946,4.44489558e-07,0.104114965,1.33299994,1.33299983,1.33300006,-0.0287064053,-0.526082337,0.41124174,-0.0882390514,0.0675275698,1.24267924,0.563723683,-5.99819373e-07,8.29789788e-05,0.238334104,-3.29556315e-07,-8.49451226e-07,-4.78348738e-09,-0.509389758,0.42633459,-0.00634622946,-2.14043927,1.65050709,1.61775494,-1.21255112,1.08940673,0.000192624604,0.127505556,1.33299983,1.33299983,1.33299983
85.2,-0.514855206,0.391064227,0.0149045037,-2.14367414,1.65501273,1.70156467,-1.17570436,1.07886946,4.0986663e-07,0.120413385,1.33299983,1.33299983,1.33299994,-0.0138885817,-0.508061528,0.426398396,-0.0954255685,0.069767423,1.21642315,0.550261319,-1.70784551e-06,7.0844093e-05,0.242331371,3.37315578e-06,5.91303979e-06,4.24333848e-08,-0.512268484,0.392822266,0.0198635943,-2.14733744,1.65497863,1.69940019,-1.17545938,1.08875823,0.000208424259,0.144137785,1.33299983,1.33299983,1.33299983
85.2666667,-0.51544857,0.35820213,0.043232996,-2.1499927,1.65952969,1.78076315,-1.13986242,1.07886207,3.34004e-07,0.136743888,1.33299983,1.33299899,1.33299983,-0.00497956062,-0.478378266,0.418996066,-0.0966956988,0.0692505166,1.15421307,0.512718797,-0.0278057251,3.09155221e-05,0.238557979,1.06923108e-05,2.27949204e-05,3.23052518e-08,-0.515023589,0.360749245,0.0449477471,-2.15393901,1.65973532,1.77866888,-1.13996053,1.08813763,0.000223545343,0.160055682,1.33299983,1.33299983,1.33299983
85.3333333,-0.515652597,0.327697158,0.0702354014,-2.15615654,1.66393018,1.85465217,-1.10665953,1.07875645,3.72227788e-07,0.152648017,1.33299947,1.33299804,1.33299553,-0.00262683607,-0.437092721,0.387339503,-0.0903678611,0.0660406202,1.05763257,0.471560657,-2.9499115e-06,2.75196508e-05,0.230143085,1.43665238e-05,2.83336558e-05,5.97501639e-08,-0.517574787,0.331049144,0.0681760684,-2.1600523,1.66450524,1.85293794,-1.10708809,1.0875628,0.000237547676,0.174795896,1.33299983,1.33299983,1.33299983
85.4,-0.515883386,0.300334513,0.0943247452,-2.16167068,1.66804695,1.92093754,-1.07727063,1.07857215,3.18308412e-06,0.16763553,1.33299005,1.33299291,1.33297849,-0.00580510171,-0.38361007,0.332593292,-0.076443702,0.0593761504,0.926108658,0.398521662,-0.0406479985,0.000129045424,0.212347433,5.42623457e-06,-1.06596963e-05,-3.86346401e-05,-0.519842088,0.304655552,0.0888184011,-2.16548514,1.66901696,1.91958475,-1.07787538,1.08705211,0.000249991164,0.187895104,1.33299983,1.33299983,1.33299983
85.4666667,-0.516437471,0.276960254,0.114089124,-2.16608071,1.67161047,1.97720397,-1.05259728,1.07850158,1.7095359e-05,0.181213111,1.33298719,1.3329941,1.33297932,-0.0120994328,-0.316786766,0.259213328,-0.0570272133,0.0509302765,0.758224964,0.327790856,-7.06689661e-07,0.000174405737,0.188855931,-4.17026313e-05,-2.94188867e-05,-4.03140803e-05,-0.521745086,0.282502025,0.106144577,-2.17004514,1.67299902,1.97598684,-1.05335569,1.08662355,0.000260435656,0.198889956,1.33299983,1.33299983,1.33299983
85.5333333,-0.51740402,0.258510321,0.128437445,-2.16905046,1.67466438,2.02111173,-1.03381467,1.07838964,3.15999714e-05,0.1928581,1.33297837,1.33299232,1.33296883,-0.0182717256,-0.235241413,0.171463832,-0.0327617116,0.0413983539,0.554237962,0.233573243,-2.51883785e-06,2.93199264e-06,0.156451762,-9.76493902e-05,-6.91746827e-05,-0.000112818525,-0.523203671,0.265522182,0.119424425,-2.17354035,1.67617941,2.019521,-1.03456223,1.08629489,0.000268440926,0.207317069,1.33299983,1.33299983,1.33299983
85.6,-0.518693626,0.246001035,0.136575684,-2.17032599,1.67694676,2.05008674,-1.02179265,1.07838964,4.3661079e-05,0.202043876,1.33294904,1.33296645,1.33293951,-0.0216031764,-0.138194993,0.0742504224,-0.00587801309,0.0273749195,0.310974479,0.125129864,-4.26145471e-06,5.27673401e-05,0.116548948,-0.000146484948,-9.85181105e-05,-0.000180264906,-0.524137616,0.254649669,0.12792778,-2.17577839,1.67828691,2.04756522,-1.02252829,1.08608449,0.000273566839,0.212713122,1.33299983,1.33299983,1.33299983
85.6666667,-0.520029604,0.240484163,0.138018876,-2.16979432,1.67797375,2.06135869,-1.0174427,1.07838964,7.11786342e-05,0.208265081,1.33293462,1.33295882,1.33291328,-0.0196067579,-0.0252619479,-0.0279595144,0.021365352,0.00415440137,0.0239167809,0.0026617297,-2.57637657e-06,0.000260708708,0.0677472875,1.39964104e-05,2.65690178e-05,-2.98226951e-07,-0.520029604,0.240484163,0.138018876,-2.16979432,1.67797375,2.06135869,-1.0174427,1.07838964,7.11786342e-05,0.208265081,1.33293462,1.33295882,1.33291328
